ela_mean,ela_std,ela_max,ela_high_pixel_ratio,metadata_anomaly_score,file_size_kb,page_count,font_count,image_count,creation_to_mod_delta_days,has_javascript,has_encryption,text_extraction_failed,label
28.33582503314694,14.041531413582412,65.69783951306562,0.10232102593369526,0,946.5046451078618,24,8,1,54.2752511786051,0.0,0.0,0.0,0
31.33369903079024,17.69828470624128,135.6299326716117,0.07359145324676092,0,890.1310267519711,7,9,6,349.83438010514726,0.0,0.0,0.0,0
31.790642055457702,7.972537688728172,54.1935875075102,0.009460343289619639,1,4923.460422715174,3,2,13,112.89729790213364,0.0,0.0,0.0,0
54.654510259770746,6.249151872381429,138.34647629860606,0.06724785830541333,0,3151.632929911391,23,2,5,251.01854548715465,0.0,0.0,0.0,0
146.98498581387656,52.11001405886191,251.02767706096597,0.5118460742333615,2,614.7581764654868,1,1,2,-1.0,1.0,0.0,0.0,1
43.538001085576695,14.385645562404827,84.67600719200686,0.12936065284396336,0,160.39343924828574,20,2,2,303.69486981485323,0.0,0.0,0.0,0
41.431777328485126,7.935614432715847,147.01644645240856,0.10944094306257958,0,3634.6410449701407,13,4,12,7.256166674507346,0.0,0.0,0.0,0
191.76383872686858,35.056241955824376,239.97591024561106,0.2781636527662749,2,758.811589591619,4,0,1,0.0,0.0,0.0,0.0,1
38.76795865645493,13.581247386053318,77.59226943805469,0.1152871996369803,0,3477.1538154643504,8,1,12,241.31634762647423,0.0,0.0,0.0,0
203.62232112059007,52.41173166085335,245.01216540759845,0.2851022636716588,4,546.1757767229259,1,2,1,0.0,1.0,0.0,0.0,1
213.6265186331868,33.60108101828861,210.63338793360148,0.6212187160611076,2,282.5125121324238,4,0,2,-1.0,1.0,0.0,1.0,1
16.69260594003166,5.273439296539946,57.53590603524623,0.10375715957533681,0,3762.0582098763607,3,5,6,280.68040654088634,0.0,0.0,0.0,0
38.107237691379254,16.054077800910804,61.47419583381919,0.01892064870242281,0,1380.8646476460826,8,4,2,72.34528681096467,0.0,0.0,0.0,0
51.919954424334605,20.53196964393376,82.72573736996642,0.09872961123200501,0,2559.8859122860067,26,9,11,269.3034705692353,0.0,0.0,0.0,0
84.88289657998443,31.955121767112168,251.19744651802017,0.827168064691679,2,575.6662556036488,1,0,4,0.0,1.0,1.0,0.0,1
57.58827580711634,20.815461274640683,87.39278697067837,0.08442189164304449,0,254.07767929534893,12,1,8,311.03392794700426,0.0,0.0,0.0,0
11.118326724721463,5.996157551668437,76.36754585954891,0.009750823411620946,0,4172.236404575378,14,2,2,241.69784828481926,0.0,0.0,0.0,0
47.31814421566207,11.23143479164458,134.56535222773425,0.03894049255627178,0,1913.2540644774351,5,8,8,152.82372731460472,0.0,0.0,0.0,0
165.1976273169945,37.98753155222173,199.60881365755102,0.5673555169781065,2,344.01565808745147,4,1,0,-1.0,0.0,0.0,0.0,1
176.00674184640786,49.07475050234761,189.5794548467347,0.7306198214877584,5,316.7356627290492,3,0,0,-1.0,0.0,0.0,0.0,1
59.30005319114355,20.067563705178834,87.62595855309158,0.012525107504800315,0,2814.101036192235,27,3,6,158.57492323821904,0.0,0.0,0.0,0
35.346021898091735,13.188241436340366,131.08785810079183,0.1253738891865774,0,3483.4093844952863,24,8,9,301.04756754139214,0.0,0.0,0.0,0
33.0516784048906,11.517802867872856,97.56550309249171,0.09042112984001391,1,4691.93456862521,12,2,12,170.76495190159568,0.0,0.0,0.0,0
216.54654021492104,79.4144294676953,239.6170312279873,0.6088874390637619,3,776.7904680926081,1,0,0,-1.0,1.0,0.0,1.0,1
40.613261436493815,10.711753595881126,115.35622219580249,0.09833488514354599,0,543.3210830050888,2,6,3,56.11693667846186,0.0,0.0,0.0,0
152.47164570567216,51.28426195592169,207.61826588588372,0.7102169922719075,2,768.218706423496,1,2,1,2.0,0.0,0.0,1.0,1
168.5600773113468,51.53554178046734,189.46567379333956,0.7058624260202726,3,116.45688543372711,3,0,4,-1.0,0.0,0.0,0.0,1
48.11425976158622,5.783010885541559,143.59731082094675,0.014259768488559076,0,710.3131152570061,29,8,5,30.037142471561253,0.0,0.0,0.0,0
56.049726054828795,18.891908545065707,122.89810616558164,0.1292536355681018,0,4045.00097414018,29,9,12,77.88857201112668,0.0,0.0,0.0,0
43.172916150804625,22.425458152347893,132.7480959757006,0.05401765732335057,0,823.4936320662102,14,2,12,194.49889289395003,0.0,0.0,0.0,0
42.962226852543594,11.89573857309073,139.3648649090481,0.04372753922267885,0,543.6683131022178,29,1,11,4.223852545673648,0.0,0.0,0.0,0
48.98241028739835,10.119073304998604,65.0311551267763,0.05247131230307915,0,752.90900308177,24,1,5,206.82946832475278,0.0,0.0,0.0,0
18.41055462167708,21.671482192914734,69.510882002421,0.13389169920662206,0,3401.034923939591,11,9,12,364.600215413523,0.0,0.0,0.0,0
180.69362622700416,45.01799108616505,236.53569816844941,0.24802989438879705,3,106.62765242615872,2,2,3,1.0,0.0,0.0,0.0,1
12.731721000048616,24.461563259446656,72.6125331249672,0.04562980794544213,0,1190.562477480882,19,6,14,69.75832896604096,0.0,0.0,0.0,0
23.17367228469241,5.756402731040707,62.305212359032495,0.14795248844162429,0,620.7403971782942,5,2,11,308.20685526454423,0.0,0.0,0.0,0
188.5790773854473,33.04363326457005,232.9001412608476,0.7328125547896611,4,20.220144897531235,1,1,0,-1.0,0.0,0.0,0.0,1
24.79714444293283,14.183784674651235,91.10936088804398,0.10828938412735191,0,2472.4134224048175,13,1,6,0.7271293549606478,0.0,0.0,0.0,0
46.72219660377957,12.687100770482697,52.519341395922936,0.1258495991577016,0,3533.3139091638022,14,2,12,35.59272885892757,0.0,0.0,0.0,0
38.48597032667428,15.6748396155533,95.24344951175499,0.14648146595168457,0,944.1045219998082,20,2,6,215.12404237334843,0.0,0.0,0.0,0
26.71191593480304,20.69793954222935,120.76809347409157,0.11829224470086096,0,2228.9850398796784,4,7,0,158.41706865346447,0.0,1.0,0.0,0
46.87026030469095,8.645677569519162,106.39650920188365,0.12610649788168965,0,2699.9110418768414,25,1,12,216.66124554722776,0.0,0.0,0.0,0
30.0106137924836,20.665959659120954,76.59284506321188,0.14854984556904724,0,3037.4675921805488,23,1,1,43.94146625801749,0.0,0.0,0.0,0
56.24884741175174,20.713382997556383,82.57795437456183,0.12255007252464459,0,1667.5268358674737,22,5,14,17.725394002916516,0.0,0.0,0.0,0
16.589333431705512,7.444683857090522,99.3974988305266,0.0414615811640512,0,2285.601589181956,2,7,11,350.5596159375733,0.0,0.0,0.0,0
39.85753522415737,14.150908147468241,84.07634893488873,0.07017214442714576,0,2218.7056180502727,2,8,9,179.88115270331235,0.0,0.0,0.0,0
110.05557683429106,52.543711570111995,232.0036683145858,0.7446754136434552,5,488.30768524895495,4,0,1,-1.0,1.0,0.0,0.0,1
25.043915490838483,10.696809887549353,53.68869473545328,0.09143465009698452,0,304.8198186874473,5,1,0,87.44009009344494,0.0,0.0,0.0,0
125.74585778761673,66.40999767664506,228.99414578012522,0.3058201855384385,5,448.9815980626944,2,0,0,-1.0,0.0,0.0,0.0,1
29.058750048259004,19.377559607882702,138.38761119858816,0.0007818777715387415,1,2581.9999236119634,23,5,7,170.49284769470853,0.0,0.0,0.0,0
33.609891930908766,19.539077374662,149.93299214930857,0.14853984595933922,0,3710.9531239073317,3,3,12,198.47329641030933,0.0,0.0,0.0,0
109.16660004839504,43.810908425547495,233.37911937954283,0.5940729412960415,4,243.57027175604756,4,1,0,-1.0,0.0,1.0,0.0,1
38.266512728580494,14.278649733766724,147.2005329631537,0.09127909090446998,0,614.7741351952702,18,5,3,152.56632586272679,0.0,1.0,0.0,0
204.34779992782887,71.1610488976218,208.25063606218006,0.2029206104387981,4,334.65352922751106,2,0,2,1.0,0.0,0.0,0.0,1
24.24364509809614,11.14579929852573,130.30258978326634,0.08087419150128818,0,3071.152227389046,18,2,0,356.5047121118413,0.0,0.0,0.0,0
121.06303079528719,34.47279069930083,211.89824672753477,0.5989172605883692,2,419.5409758378647,4,0,4,-1.0,1.0,0.0,0.0,1
40.053839950319635,16.12231082974426,90.46554179046666,0.06435719909581734,0,2306.6188126993093,20,6,10,144.5075700283795,0.0,0.0,0.0,0
28.337603821297005,9.741407823483561,94.72729681571221,0.01085645897911837,1,1155.1142352933366,26,2,12,233.5179485732042,0.0,1.0,0.0,0
169.0260587182006,44.21725509724686,228.99346615169443,0.3367610990658136,4,97.54116624094203,1,2,1,-1.0,0.0,0.0,1.0,1
51.7511794185847,7.948255672679667,120.81699218355708,0.06531982876079677,0,3450.34486055018,4,2,4,333.7723089505161,0.0,0.0,0.0,0
34.15070564219752,22.736630789379184,87.8347581682647,0.1124588620175315,0,2406.4806756477556,28,8,1,76.84289828082375,0.0,0.0,0.0,0
26.07665044191704,5.693014196280341,62.722488693701074,0.13720418405055856,0,2295.185407595115,8,4,5,245.30171847153343,0.0,1.0,0.0,0
59.03241097820248,12.005447413386552,95.21829393601078,0.020027332702922934,0,3888.2770972328485,11,9,2,138.06997119424864,0.0,0.0,0.0,0
28.558080739287092,22.395263533634214,123.04963609587902,0.09715697565943822,0,3782.4140228954925,13,2,8,49.859329832678,0.0,0.0,0.0,0
28.82316834390248,21.211066615636657,148.72761293149443,0.022562533665529228,0,1935.4097403235564,22,1,12,23.18181780035049,0.0,1.0,0.0,0
21.935734196753177,18.796825668719286,106.55643255679544,0.011622869617573717,0,1970.8438867891507,16,5,3,189.03611363370442,0.0,0.0,0.0,0
21.13924821049801,7.561102769937609,94.03592079688156,0.13315638476284647,0,1900.0794310936185,22,6,10,249.20627752773476,0.0,0.0,0.0,0
38.96105947855534,14.332687399003742,91.98387823550766,0.13345705801865962,0,422.9533819870961,3,4,14,102.54216499490984,0.0,0.0,0.0,0
22.8053545800313,22.583628117831502,104.84734211753963,0.04277344331125271,1,3469.7133185569437,29,3,7,133.59488802165515,0.0,0.0,0.0,0
59.14734397773504,17.855548269598557,121.76761577934995,0.14649264559725136,0,4019.1088338413892,3,9,12,310.43404333993794,0.0,0.0,0.0,0
28.150072499128072,6.24448345304484,139.76140083423854,0.0056924595359806205,1,3339.668168644747,27,2,6,279.52632464129186,0.0,0.0,0.0,0
184.5331241873546,37.30051835553371,247.12247839828984,0.29918657983981,2,94.10640483426442,4,2,3,2.0,0.0,0.0,0.0,1
165.9325495867721,52.40347015226732,225.4470605618096,0.5554764850187542,4,603.2994107260635,1,0,2,-1.0,0.0,0.0,1.0,1
29.175754725515247,6.375412039422956,129.2105779414958,0.11059045246885565,1,1220.1995968179174,12,6,12,261.5402207188364,0.0,0.0,0.0,0
57.213324455671696,14.484284333149276,136.20426509893133,0.12668240978026055,0,4153.131597045853,17,8,2,204.6471758112826,0.0,0.0,0.0,0
50.598387119540085,22.34304302002244,117.3008166288677,0.007044663361150094,0,3828.309814386544,13,2,0,172.92725176776435,0.0,0.0,0.0,0
106.88493836488149,31.608346233041907,204.73647290091836,0.21567258870384945,3,409.4324078336529,2,0,4,-1.0,0.0,0.0,0.0,1
94.93989772967404,36.71166652974711,242.77413460857346,0.6873397310116153,3,664.5043992978084,4,1,4,0.0,1.0,0.0,1.0,1
96.03123002771615,32.64191874777737,207.40098991081706,0.23077351195713597,2,122.41508725040752,3,2,0,-1.0,0.0,0.0,0.0,1
159.90850251528252,36.94791321917591,200.4149354457424,0.3090843611799008,2,639.7738024422351,2,2,0,1.0,0.0,0.0,0.0,1
39.44862944381711,18.24743248792498,114.88258765006141,0.008759433608873084,0,4809.280878397509,10,5,9,278.1440391370124,0.0,0.0,0.0,0
25.08017831485823,6.604485836020599,143.94336228961873,0.08228084881067832,0,3308.867606317215,20,2,14,313.8353517621587,0.0,0.0,0.0,0
26.206758691639816,24.548458954274956,53.735293643555494,0.06676599955769912,0,1789.3258854526377,29,6,14,173.50605970351702,0.0,0.0,0.0,0
49.16178594389812,18.643663323055563,93.96615323705906,0.1475397493317231,0,1053.7075863757536,8,4,7,24.25663197435392,0.0,0.0,0.0,0
157.30739119165128,43.41356719777056,189.9439572303719,0.7981192119586684,3,252.2908436057286,3,2,4,1.0,0.0,1.0,1.0,1
51.90576448240551,23.892284389480466,118.32480282896458,0.0745762146012641,0,4351.0796731696555,8,1,11,41.28508396294915,0.0,0.0,0.0,0
165.40956739467146,31.903411557493982,237.8386272088671,0.2726089794514315,3,655.782341836988,1,2,2,-1.0,1.0,0.0,1.0,1
36.97532869921477,18.8184114014239,92.13398166110483,0.12810232956831888,0,370.09444206032475,26,4,4,288.4105228147966,0.0,0.0,0.0,0
142.66154901356623,54.09303261931471,250.69553548614948,0.659004210030509,2,408.09823601572606,2,1,3,1.0,1.0,0.0,1.0,1
166.31653648092544,43.79250625746103,213.42562339930635,0.33772860121392806,2,418.4066692672342,3,0,2,0.0,0.0,0.0,0.0,1
13.882038799439064,21.577425525059173,84.88900750418236,0.07823990940170372,0,4427.663907763708,12,7,2,151.29836365812918,0.0,1.0,0.0,0
31.28808074651526,6.506428643348096,53.14571952460261,0.10432134062836161,0,2783.464586870416,28,1,7,170.7279591910598,0.0,0.0,0.0,0
180.07351666288406,64.10044992491135,207.96100666064936,0.7704280581600869,2,471.7628171382639,3,0,4,-1.0,0.0,0.0,0.0,1
13.590377272273459,6.885519557978721,108.28693611920428,0.007749326374348452,0,3778.3385244754354,6,8,13,322.3554724611004,0.0,0.0,0.0,0
49.198039353050895,20.618305043090523,142.71837688793477,0.14849024271944994,0,588.9639993542704,3,2,13,35.623102044790336,0.0,0.0,0.0,0
14.60493770997949,21.3055266218112,139.4404388648507,0.12354096311972841,0,2787.904256738939,25,6,1,221.6043775225056,0.0,0.0,0.0,0
110.5126915383884,59.373765517563655,205.94091374807962,0.6155546972711113,2,477.9105157365454,1,1,4,0.0,0.0,0.0,0.0,1
197.68001723984474,71.99541660080355,197.72733155292715,0.4068853495257043,4,593.2300794956909,2,1,2,-1.0,0.0,0.0,1.0,1
34.06720758176618,5.383845536461134,75.98132087450342,0.11404347346832025,0,2699.7851506903285,1,5,9,88.03853202383264,0.0,0.0,0.0,0
11.536358982524977,15.74620518007221,142.32258784862324,0.08945697490535486,1,725.4330354387697,7,2,4,145.22538950855574,0.0,0.0,0.0,0
90.64476886320882,70.07541863667379,197.51781735350528,0.5044794613219129,5,472.8904114531303,2,0,0,0.0,0.0,0.0,0.0,1
30.260104339070857,16.429460504100213,124.09738609106682,0.11507922796628575,0,3733.8477018693247,3,9,14,174.3659351712831,0.0,1.0,0.0,0
18.34750895172346,7.423109225219708,58.54084828082653,0.13641654960549465,0,2110.610396294556,4,6,13,312.10361087893614,0.0,0.0,0.0,0
29.528105121351587,7.1919574067025405,139.5445313766708,0.005320437801249983,0,1831.8095481716196,8,3,10,93.25853084725829,0.0,0.0,0.0,0
28.983979154911886,22.758036766566413,90.41948796088813,0.09370992778434216,0,1088.6415862982788,24,1,10,218.6991068518609,0.0,1.0,0.0,0
30.906579989681134,23.220313999584402,149.31637389334784,0.01591380749219281,0,4754.379769836361,12,5,12,363.54466593452065,0.0,0.0,0.0,0
23.462809129949072,16.38884038042487,144.6805301091329,0.044874762459622,0,2431.8393126053525,26,5,9,81.4787280292406,0.0,0.0,0.0,0
35.668410511245774,24.784355079155002,73.15484359650489,0.14138189095153578,0,2259.6151068028144,3,6,13,135.97464492223605,0.0,1.0,0.0,0
36.483083932754056,21.301088568049142,99.80907535110057,0.010076309987356513,0,2512.4512252004583,12,7,4,4.013477460345374,0.0,0.0,0.0,0
57.447006564213,6.4646300855446786,109.98679731550472,0.0789747790992362,0,4372.138472544991,2,4,11,89.50514611139222,0.0,0.0,0.0,0
140.3870133030518,34.156335395679946,219.1278907194737,0.5765850947513509,3,213.85911860231275,1,0,1,-1.0,0.0,1.0,0.0,1
35.965634632115155,8.951118113569565,130.51743973603766,0.02786654320480617,0,2209.417830467929,14,6,1,101.01525816222764,0.0,0.0,0.0,0
98.4146791239663,66.22990055215863,210.51271537904046,0.2913768436342196,4,91.65613170507163,3,0,3,2.0,1.0,0.0,0.0,1
98.38065517464585,63.10046159673162,213.9380502344461,0.7850087902568459,4,761.2801537356592,1,1,2,2.0,1.0,0.0,0.0,1
25.6095941893194,19.50222319866632,129.6300663415132,0.12494060884779914,1,3966.8572478585834,22,7,13,270.69395991993946,0.0,0.0,0.0,0
208.62703611719166,35.53028759703322,245.00870903367428,0.5537590036393494,2,376.93615511669725,1,2,3,-1.0,0.0,0.0,0.0,1
28.727005942368123,24.01428612819832,123.1993941811405,0.08979877262955549,0,822.172875664203,11,8,4,219.40697928627122,0.0,0.0,0.0,0
50.254515924783135,21.45967610083535,143.27105081327613,0.08163809491705465,0,3103.078858870079,1,7,7,360.4957512045569,0.0,0.0,0.0,0
34.41205647167153,10.17777483941009,125.45233074255646,0.10824444540070499,0,4391.284992745104,18,3,7,18.24369100330641,0.0,0.0,0.0,0
10.746448361800883,20.768925215859966,131.32842131676773,0.03318435926629746,0,765.576225429876,17,3,10,186.64480950830284,0.0,0.0,0.0,0
178.2413772910566,57.15065523845338,225.14087696700258,0.5433697889233978,5,654.7122472818927,1,1,0,-1.0,1.0,1.0,1.0,1
54.27193821811529,6.32981590349533,145.3046586159845,0.0422738518649527,0,503.60911561985284,15,4,13,186.33800908685672,0.0,0.0,0.0,0
24.6207541942124,22.497944691958523,127.17829390683478,0.06268612256931141,0,4808.606424414291,17,9,5,343.76302251830685,0.0,0.0,0.0,0
36.90109815678376,22.56413348453687,65.17036446515205,0.1143054826961739,0,2737.520267595164,17,5,0,320.1221274818286,0.0,0.0,0.0,0
44.76394506837052,21.150050502276457,116.3556919558561,0.022704142708791526,0,2885.6508205117707,22,5,12,215.08419285153664,0.0,0.0,0.0,0
201.61175410289107,49.52017418485966,185.34365534327947,0.5742576596365101,5,779.7078127341753,1,0,3,-1.0,1.0,0.0,0.0,1
15.74763586587365,6.693884231733945,134.0833690914086,0.06405237246861827,0,4246.5757955645,16,6,10,95.12969372436277,0.0,0.0,0.0,0
10.805410927466848,7.340901454126523,68.49260187728174,0.017038097606801233,0,4824.883135304239,6,4,3,147.29524659699626,0.0,0.0,0.0,0
26.6345089846335,13.765972160663317,76.26933098800052,0.024707662041447136,0,2597.1270255256127,4,1,8,250.18579066552135,0.0,0.0,0.0,0
31.73286590255421,11.615899895620865,67.8662805339103,0.1147998646401816,0,2854.4918159891954,5,2,9,247.2753706610786,0.0,0.0,0.0,0
135.3141054220705,30.486293756559718,230.54170492097856,0.6630519631157212,4,280.12487190275357,2,1,0,0.0,0.0,0.0,1.0,1
17.56706293457665,20.70663382277568,62.205376708131595,0.028400063024560572,0,2806.608659451817,27,4,1,328.14366043287873,0.0,0.0,0.0,0
50.52912169052705,11.449422256922691,100.58046230176674,0.11257723914581612,0,206.4087625970376,27,2,2,324.6351722981029,0.0,0.0,0.0,0
47.858041522742056,22.788122342031293,121.67099074051588,0.12083601792221299,1,717.0417614630884,18,4,12,193.98563602445572,0.0,1.0,0.0,0
50.791026163148345,23.69597939346999,134.092384377346,0.09655188539357466,0,2363.418577241478,4,2,12,353.698733600432,0.0,0.0,0.0,0
50.980477653289995,21.497075349742072,128.77421883023698,0.04250461033366773,0,2737.840756396083,26,7,12,4.504481812036512,0.0,0.0,0.0,0
44.295563552493185,24.822528636426075,124.72195877420377,0.11099795800284176,1,1054.535019495766,20,2,2,9.56179861420365,0.0,1.0,0.0,0
57.36015746052841,22.439847479942667,75.06620347114671,0.12872675794659436,0,2994.904675134085,1,4,11,66.66322613115643,0.0,0.0,0.0,0
56.52387959818341,16.882429329983765,130.1008243197916,0.05958109564603458,0,4560.615306466081,18,9,2,130.53880059995265,0.0,0.0,0.0,0
213.90689498278607,65.26408019855131,197.49245130892098,0.33484938053352653,5,160.27909016896635,3,2,1,-1.0,0.0,0.0,0.0,1
181.05337142400037,77.65020776048601,236.51689385543443,0.31664163087239283,5,319.7854117169231,1,1,1,-1.0,0.0,0.0,0.0,1
30.067400211925907,19.37728145767622,137.6032871521265,0.06526363900492864,0,4662.325816717454,6,1,12,117.25813829607807,0.0,0.0,0.0,0
100.81567809282933,49.1664387696492,185.1684134945911,0.5409855071731178,3,590.7897116269369,2,2,3,-1.0,0.0,0.0,0.0,1
130.1683712142002,62.67217293054001,221.78673147151773,0.24195106791332302,4,652.9837430952698,3,1,0,-1.0,1.0,0.0,1.0,1
157.28059918394447,40.55802349813762,181.99737651855787,0.66758129063784,2,778.9880610534013,3,0,1,2.0,0.0,0.0,0.0,1
13.046436086035998,18.88034828211484,68.2751165987436,0.047856761149835975,0,4544.674692406123,29,6,5,8.740386823726475,0.0,0.0,0.0,0
141.87514974359354,37.54878407569404,240.47632318540752,0.49945859249889146,2,578.0537642437241,3,2,1,-1.0,1.0,0.0,1.0,1
100.51511711047027,75.0831707338379,240.42743890014614,0.24654774285818684,2,657.066788843092,3,0,1,1.0,1.0,0.0,0.0,1
139.01864585636875,59.86063470929966,251.0435907529697,0.3253809333928953,5,52.22985604672671,2,1,0,0.0,1.0,0.0,0.0,1
48.115451601096936,14.09837779015174,76.72526297935953,0.0329708023234785,0,4292.791321288597,22,5,9,281.10774729134005,0.0,0.0,0.0,0
35.194859914629134,8.114938637068885,62.80785089848793,0.0018252518073049728,0,1827.161952615926,9,9,12,41.48442870913902,0.0,0.0,0.0,0
206.9811369764869,57.2731450479311,231.07037851684763,0.2616253763685859,4,704.4724007271037,3,0,4,-1.0,0.0,0.0,0.0,1
41.70275280054916,20.217829459224802,148.60279281964296,0.027063573312205564,0,1727.065791139209,25,5,10,248.67931265197774,0.0,0.0,0.0,0
118.500947271048,63.65589815761504,207.74051539602584,0.2518420771186685,2,304.17955882897746,4,0,0,1.0,0.0,0.0,0.0,1
15.721575930617927,5.174122941250872,65.55714368693023,0.03109094686015014,0,1137.548612437432,24,7,11,129.691708192969,0.0,0.0,0.0,0
27.647666577738878,11.741736817621476,125.95928827379745,0.06659985311200892,0,3756.129830273977,19,2,0,71.4114274917381,0.0,0.0,0.0,0
18.184190073265075,10.475826150282131,142.8317532848577,0.1013973413379533,0,112.93870543512291,21,3,9,297.8206327235453,0.0,0.0,0.0,0
98.13365774559038,66.11996244457839,225.01551431945035,0.52950586720739,4,360.79779584201503,2,0,4,-1.0,0.0,0.0,0.0,1
13.055678806417216,18.109792470660018,96.69221775637152,0.07043320709902995,0,4648.901028466467,17,7,8,85.43280978880733,0.0,0.0,0.0,0
175.6684085111043,73.7932441290564,239.88688279147908,0.3183526066126657,3,33.71788982230292,1,2,0,1.0,0.0,0.0,0.0,1
37.31842455130687,21.698682970528193,80.27247960782191,0.12489772533789606,0,157.6169987915406,22,2,10,51.47404783912254,0.0,0.0,0.0,0
47.48105777818215,20.150735735944586,115.22565177735441,0.07605653054050644,0,1681.9896891900062,28,6,11,256.2714458126652,0.0,0.0,0.0,0
34.44489158962257,13.035576013086486,149.3848388899698,0.13204721432233904,0,2868.4179378523,26,3,4,266.7485804798102,0.0,0.0,0.0,0
25.787170124201854,17.43037448068097,71.98619563689769,0.06672590390107942,0,710.9944541457096,5,7,11,222.7872618203176,0.0,0.0,0.0,0
14.43181169465463,12.729802121170293,58.57100934382839,0.020895880000913684,0,97.2442482827573,15,6,14,175.17287648660383,0.0,0.0,0.0,0
47.30952416586521,24.803304245108105,149.9816719362678,0.08002196224039972,0,4951.7368462099375,21,4,5,41.69517488239686,0.0,0.0,0.0,0
38.799920890283,23.347912261710633,50.530000639760544,0.14626007444177136,0,3628.3356782777896,25,2,14,195.28840719639234,0.0,0.0,0.0,0
102.31576769414032,77.87569821608082,234.56742311782273,0.543008523607291,5,499.0972457684671,1,1,3,1.0,0.0,0.0,0.0,1
159.5920178747245,66.35648592566469,238.1144927738144,0.6218384288545986,2,323.7271902280441,1,0,3,-1.0,0.0,0.0,0.0,1
35.44795202110238,14.056496105686536,77.86943159285258,0.1438307809785615,0,2920.156401436239,6,9,12,300.63064208487816,0.0,0.0,0.0,0
109.065591179582,68.22660149287378,250.1592116704482,0.23432369194568517,2,517.3095510775089,4,0,0,0.0,0.0,0.0,1.0,1
211.09905185068467,76.35084846037495,230.06653497786016,0.6723398707431966,3,197.8953823097826,4,2,1,1.0,1.0,0.0,0.0,1
38.99916602260419,9.749378144454914,89.8628961644075,0.11374585702699398,0,930.1017758979813,12,6,1,91.64384377071104,0.0,0.0,0.0,0
18.83411570881526,16.604570643982832,140.40349864545593,0.04802717511426579,0,980.1227645521617,16,6,8,77.09101438460236,0.0,0.0,0.0,0
171.77518440132928,62.3738058329918,236.96031597796707,0.7633034586658873,2,497.2315987943102,3,1,0,-1.0,0.0,0.0,0.0,1
37.462563568894716,10.460575913517188,74.45074973444252,0.02055895253048719,0,3101.5728247791603,19,5,8,124.06197472406917,0.0,0.0,0.0,0
104.32579747217527,35.48321107463992,218.69542548492632,0.563153026587172,2,234.7427385737686,2,1,4,-1.0,0.0,0.0,0.0,1
57.09016798004885,16.45234490628669,142.38344364233643,0.05895581789923131,0,4474.755371037473,19,6,11,138.98606312612003,0.0,0.0,0.0,0
18.072384301646053,24.214926055427107,103.75401436403463,0.002129495170758555,0,2277.221187630855,4,3,0,77.79687354958689,0.0,0.0,0.0,0
47.851652847060095,15.936730205399732,77.88505300867648,0.1293861531092185,1,1309.028050928308,6,8,2,272.7243942035693,0.0,0.0,0.0,0
35.028965871541565,17.914500867021072,101.05704087285037,0.017992941259645474,0,4021.860351240481,6,3,9,30.75321275755952,0.0,0.0,0.0,0
193.36378064972536,75.28174357181803,218.30554277811703,0.398276788177904,3,704.3985613035425,4,1,0,-1.0,1.0,0.0,1.0,1
49.866223170012525,18.459646145472963,93.62087642226231,0.038438042129150314,0,1720.6526133149891,26,6,2,229.13133320048274,0.0,0.0,0.0,0
113.95658813909742,46.48840085854134,232.92448584335023,0.20623838791640764,3,547.4348307902452,1,0,3,-1.0,0.0,0.0,0.0,1
24.708398667173896,23.236720699198223,146.75112636137777,0.02781883120149815,0,56.09758407380814,7,1,13,250.23132983857454,0.0,0.0,0.0,0
54.75588703532682,17.733393643344147,111.39335847600617,0.009997806084103495,0,793.3365540443561,12,1,6,248.28313941104895,0.0,1.0,0.0,0
11.453569017197687,8.337702357097418,68.13192799255052,0.058151039212559125,0,4377.599229520677,29,3,7,38.01013564090492,0.0,0.0,0.0,0
107.23563719208408,41.53098846268027,246.8382809371286,0.3330682641712897,5,363.20820643535836,2,2,3,-1.0,0.0,0.0,0.0,1
57.48996767310015,8.033339207152405,58.19687775934905,0.06474232760585237,0,2393.434596635556,4,1,2,76.44136094071075,0.0,0.0,0.0,0
17.81200730525513,12.779169712558748,116.84854273067788,0.14076090474139352,1,3827.7728679158954,29,1,2,99.73129310434092,0.0,0.0,0.0,0
10.919049488762102,18.792770393178124,80.13917957663593,0.09389758708769304,0,2371.748230996516,5,4,10,244.40810863619393,0.0,0.0,0.0,0
37.73468428235289,6.606737331389752,129.01663868934622,0.06341381656323572,0,1306.298330652161,16,1,5,72.90082224060134,0.0,0.0,0.0,0
32.85076846362408,21.01354871460299,79.13524047243897,0.07687839588459643,0,2279.8285377065918,5,5,14,266.1340501285682,0.0,0.0,0.0,0
16.093975089069183,5.365501394470124,140.41353525781906,0.010297299922180836,1,4759.414466796576,17,8,14,67.49590857550768,0.0,0.0,0.0,0
47.50306620721736,6.984577921653532,133.90491680793573,0.1397133291129329,0,4634.406034651508,12,2,11,243.1885999761094,0.0,0.0,0.0,0
216.1264349847208,37.38175925607425,209.612081374172,0.63223766640472,3,220.95554679998116,3,2,3,1.0,0.0,0.0,0.0,1
47.686703521400226,9.310015177351021,83.60070589901088,0.06985238126434193,0,4579.081032135945,8,8,10,63.32605837958304,0.0,0.0,0.0,0
183.48477982001992,38.84170060456028,240.38400186155326,0.7498170793550067,4,618.1854052851414,2,2,1,0.0,1.0,0.0,0.0,1
12.652294059851418,15.858527781995688,76.00627480421906,0.08815351913397283,0,4925.5419496478635,16,1,1,245.83362718829954,0.0,0.0,0.0,0
22.111560891228343,14.565197683904469,64.51965128846604,0.106516508463256,0,1095.0067322723742,2,7,2,293.2712013033629,0.0,0.0,0.0,0
43.97540113682777,11.309784129644477,129.2501681861466,0.019568023076604123,0,388.34098851030285,23,7,12,340.84357613465795,0.0,0.0,0.0,0
16.946373995643143,12.327667845131703,99.34417005625659,0.009446466021999106,1,3837.954448160754,18,9,5,220.38728032444897,0.0,0.0,0.0,0
59.1760736357611,7.814230560975169,70.201566840249,0.027633725885703918,0,3288.748134008561,11,5,3,291.4865444197042,0.0,0.0,0.0,0
85.27030575634683,55.574429406097686,196.03056866169902,0.5375519169079669,2,349.58721092381893,1,1,0,1.0,0.0,0.0,0.0,1
19.604882260067633,10.321754717378992,88.40150297271842,0.09348884635391991,0,1992.6019786757784,5,7,0,356.99456772887123,0.0,0.0,0.0,0
56.019491575001844,22.58369835558196,95.6894554982428,0.06163498574877097,0,1255.0973592602404,27,3,12,68.14512948016805,0.0,0.0,0.0,0
153.66921474136225,47.762143050517764,224.70985410961964,0.8358019691639345,5,622.0248326288411,3,1,3,-1.0,0.0,0.0,0.0,1
162.6960604935153,56.94960045459804,233.02869786922412,0.47226759735197904,4,106.07357081618882,3,1,0,0.0,1.0,1.0,0.0,1
26.116241223471246,20.537874964097455,57.079143601117444,0.09905823785937382,0,3380.516865106129,20,7,7,104.43929049728473,0.0,0.0,0.0,0
152.13914737569195,31.18271865491564,250.47293936621836,0.6185964073552288,2,26.552214532674668,1,0,1,1.0,0.0,0.0,0.0,1
169.10094824028727,47.590895771007055,203.6873621364793,0.5975516237902059,2,209.89491939039058,4,0,3,1.0,0.0,0.0,0.0,1
10.021156428007618,6.327023439759618,54.48884115770881,0.12339844255326382,0,3647.1654167133875,12,5,11,136.49914463622642,0.0,0.0,0.0,0
23.05333999476646,10.574146912414173,140.93603267249682,0.0973864099256956,0,720.1240502549506,7,8,8,263.1726793455043,0.0,0.0,0.0,0
121.90710400651113,40.55115381694202,221.87165598280626,0.4667038579679096,5,705.2495315765416,2,1,2,2.0,0.0,0.0,0.0,1
22.96076668859932,5.3785528102292695,53.58927511889324,0.13722867088811394,0,2083.5045549979195,9,6,14,224.6542002783525,0.0,0.0,0.0,0
52.021981599021146,23.213723965114262,62.28107818457338,0.03538590518926218,0,972.2883534958974,23,9,0,317.51217215267684,0.0,0.0,0.0,0
56.73069986698549,17.765411876867006,101.66962574265666,0.09856669927502502,0,3663.6946169810017,3,3,4,43.8600964490594,0.0,0.0,0.0,0
32.11832665512094,5.849398185130664,118.46261942649663,0.13540582656680342,0,680.4788935670114,14,1,8,168.14448788922354,0.0,0.0,0.0,0
56.63990284364895,11.691553782257259,146.75991933202505,0.05351350187965414,0,2022.0969038893354,24,3,12,272.19551484126197,0.0,0.0,0.0,0
115.40547828865199,69.14710204393461,235.65995892184782,0.36521899292885673,5,180.0753278109813,1,1,2,-1.0,1.0,0.0,1.0,1
29.717207161675354,24.72974135859379,93.10612442907893,0.04585844989548441,0,2014.7850890878785,29,6,0,310.2411549950024,0.0,0.0,0.0,0
43.159791267416985,9.090207411119096,91.57490525321658,0.08109253265618989,0,3032.431120888119,6,3,4,52.30303687229106,0.0,1.0,0.0,0
27.721199599369307,12.622937640694712,91.18522831444969,0.10913689832024161,0,4290.813235204192,3,9,3,34.69563594388602,0.0,0.0,0.0,0
80.76022228303916,74.52797359609733,234.10939409745333,0.3119257451728559,2,438.8198993394664,2,2,0,1.0,0.0,0.0,0.0,1
57.83002838836538,12.825537108138912,92.01345541831004,0.1453352575671057,0,3609.9010180685195,12,8,0,158.75511859869178,0.0,0.0,0.0,0
16.90626465701236,22.18223515293833,100.00582591910867,0.10123398045812322,0,3802.3000840055215,20,7,1,248.3750038213965,0.0,0.0,0.0,0
57.429167742571686,10.050555641508385,85.92507479162455,0.05690378848836356,0,1815.8236625480083,12,5,0,308.12221387375695,0.0,0.0,0.0,0
180.13401399695903,66.78443743351022,254.76831669733295,0.6997559259483789,3,450.2263557786508,4,2,3,-1.0,0.0,0.0,0.0,1
40.361472514919534,13.314684966467746,87.96308674856343,0.057419146221802525,0,3255.9633127980883,3,6,11,211.92621257605913,0.0,0.0,0.0,0
54.37302412567515,16.134431695667324,122.08130963105066,0.12079724510368575,1,3035.827140776049,14,4,3,243.85107484828586,0.0,0.0,0.0,0
24.39529521987415,19.712419555197698,127.55190805238095,0.12132346499741921,0,102.01459059295962,20,9,12,192.24161600811817,0.0,0.0,0.0,0
18.619646137350486,15.24877348976033,127.28813870417251,0.03286190035012942,0,2750.394669083945,3,3,10,15.662979520970865,0.0,0.0,0.0,0
173.00222403639,68.26564614459832,224.43641857145906,0.3556729411256555,2,644.2507945207423,3,0,0,-1.0,0.0,0.0,1.0,1
42.92702578350274,20.322318655911722,134.5921439677732,0.09204061713561876,0,2463.7576578526937,14,4,13,8.941933617693108,0.0,0.0,0.0,0
39.6787627207149,7.5422098173404795,92.7541855359712,0.024129044022764685,0,3806.3972653688506,14,1,0,297.3381454494598,0.0,0.0,0.0,0
44.88985165312619,6.644664430212011,91.82640809025757,0.08389528081152405,0,2268.7215814357114,4,5,8,106.91059754613111,0.0,0.0,0.0,0
25.708103191848604,24.15942132964908,53.342357243550374,0.08696892657494325,0,3575.4900156269355,11,8,5,226.74768362526106,0.0,1.0,0.0,0
33.3303132963091,9.000984662927499,105.81922352997577,0.039751767972550124,0,4085.591902790459,13,1,1,174.16982732558904,0.0,0.0,0.0,0
107.09949267888844,62.87255042720698,188.72749529421245,0.7385359374991489,2,424.0855296164965,1,1,2,-1.0,1.0,0.0,0.0,1
30.969391575984297,24.30821398737223,118.38430306453614,0.11880668865734417,0,441.97272508769794,4,5,4,163.57871877968574,0.0,0.0,0.0,0
207.01888498981032,34.3232987549827,202.80098876374223,0.8157400853807233,2,84.73082576501706,1,2,3,1.0,1.0,1.0,0.0,1
34.04708040421518,12.526236339099952,86.3189123716225,0.00784030013423948,0,2209.2613647442245,27,1,3,237.56623426776136,0.0,0.0,0.0,0
212.87850140833302,47.963845788227985,180.27031799162154,0.7080927851737528,4,111.56892903634542,3,1,0,0.0,0.0,0.0,1.0,1
47.53251292513341,9.89594124310591,50.279438382038464,0.13679402529668072,0,2252.4416051393064,17,4,11,348.0881108398275,0.0,1.0,0.0,0
32.60995141417176,23.6775003505581,81.61561049767505,0.07608522130325886,0,784.2988447623399,21,2,7,250.3782236337892,0.0,1.0,0.0,0
20.38917104808457,16.75394036575092,61.236448194898564,0.04979797071490542,0,2213.4050331188287,15,9,6,285.58542145766756,0.0,0.0,0.0,0
30.44218308625341,9.122923205603282,90.27536187474419,0.011394043044737527,0,1301.0762103048428,4,3,3,208.8336103920361,0.0,0.0,0.0,0
41.0120677134456,14.554842527990719,97.81589235558441,0.11519549670927473,0,3184.6528479665817,1,9,8,334.9412564351182,0.0,0.0,0.0,0
20.939717578836127,15.43869928129154,65.53433025100169,0.09999200798914273,0,481.0561454775717,14,1,0,258.8997176032714,0.0,0.0,0.0,0
166.30707680531916,76.86308048944377,218.8287499726891,0.507170441321297,2,606.7512181900439,2,1,1,0.0,1.0,0.0,0.0,1
48.82954479916606,11.42481755577174,85.6382430478774,0.038422632776062324,0,4746.876037179243,3,5,7,263.5377173264106,0.0,0.0,0.0,0
58.5502591819821,22.667729740980448,144.55533437674526,0.017040355421096942,0,688.9987755551145,21,6,5,22.79401481837535,0.0,1.0,0.0,0
50.07685559414948,24.191532886420667,98.78540439263625,0.016460429801625525,0,2299.1678060718064,20,7,4,178.20801501294903,0.0,0.0,0.0,0
56.471287251325705,8.072371070087023,68.00180450508068,0.06504090501143026,0,1504.917508408948,18,3,11,195.49939538413113,0.0,1.0,0.0,0
208.7670487338827,62.08931488524024,209.90208685872705,0.37133296756767775,5,22.849408552780183,3,0,3,1.0,1.0,0.0,0.0,1
150.60689684953292,36.25368469647179,236.01485333509032,0.5877091916067786,5,168.482803424371,4,1,1,1.0,0.0,0.0,0.0,1
22.582640780415296,22.93520095411251,106.14216779983454,0.0806747566758621,0,4183.716983643132,9,5,1,75.29885659433835,0.0,0.0,0.0,0
173.13939505591833,51.30791625726385,243.3786534650573,0.6638869215561666,2,483.6671414197879,2,1,4,-1.0,0.0,0.0,0.0,1
80.90292201505812,37.53272443303169,211.71799738904394,0.7215235993382694,2,504.2818377871193,3,1,0,0.0,0.0,0.0,0.0,1
81.57345757315277,41.35977073438516,204.95336864492805,0.22051887266642287,4,459.3522756181688,2,1,3,-1.0,1.0,0.0,0.0,1
55.56225778771499,6.864898384427168,76.35114506489049,0.1353461960163148,0,3287.0211772906355,6,8,5,104.86442701341916,0.0,0.0,0.0,0
44.01064522094413,17.428587572390093,120.23145183857497,0.11778238126878349,0,4074.67644881556,23,6,1,124.68986280057719,0.0,1.0,0.0,0
57.14155707066309,21.17766923272656,57.64168594380514,0.04190515709020746,1,1302.6392423638836,8,5,11,232.57853903502235,0.0,0.0,0.0,0
46.13236010305342,11.427022003794425,122.46091935883172,0.042730681025321474,0,201.49720686767597,29,3,4,16.4467474006998,0.0,0.0,0.0,0
20.04556698427612,21.1023841750933,135.01327346850368,0.043372550168122644,1,296.807724675863,17,2,7,352.19893954816644,0.0,0.0,0.0,0
153.5820529779021,35.870203118179994,211.26802239176075,0.43452025561845997,2,716.638113565753,3,0,3,-1.0,0.0,0.0,0.0,1
217.82740763936386,44.591876173023266,243.60567122816872,0.8484213972382479,3,254.42686933814795,3,1,3,1.0,0.0,0.0,0.0,1
198.07302328862988,36.208120412857376,189.26349471651125,0.2781165639772665,3,270.9082130613209,2,1,0,0.0,1.0,0.0,0.0,1
116.43065052547999,61.438655962569946,183.17538352588633,0.451266906600317,2,190.60908618788346,1,1,0,1.0,0.0,0.0,0.0,1
13.071256462991634,9.47849175593179,86.32727963988995,0.06579712503690822,1,4048.934946135707,19,9,9,38.98225696086273,0.0,0.0,0.0,0
59.90240108637868,14.12620268877312,92.49723732990935,0.05402097991350094,0,1415.062543050322,2,1,10,82.93555334646734,0.0,0.0,0.0,0
46.89765601264693,20.345566021072965,140.53731882624274,0.06142061128331658,1,4333.875555159296,22,3,12,139.42396643696074,0.0,0.0,0.0,0
85.41380616263342,45.94109480530294,239.44686760881214,0.4340709075845677,3,753.9849789501518,3,0,4,0.0,0.0,0.0,0.0,1
39.381349330755434,21.41183578648296,89.2267041523547,0.06713277826590928,0,1820.8860783038856,13,7,3,115.50685276916191,0.0,1.0,0.0,0
55.87589842747853,15.930449156648352,100.5965563020003,0.03335295288154717,0,745.89491468204,23,3,13,246.7604418298374,0.0,0.0,0.0,0
30.785565457492417,19.566310209874693,129.87718291146285,0.141778464169051,0,1310.4029899318325,20,6,10,323.81657122752574,0.0,0.0,0.0,0
119.68154297604804,63.26468690952731,254.3480367412635,0.36562493772927585,3,363.9564305886309,4,0,3,2.0,0.0,0.0,0.0,1
22.802224318806395,7.397867742897468,141.15153281671846,0.14969430991435292,0,240.24529436674982,23,5,6,107.26988036775062,0.0,1.0,0.0,0
45.08568170330476,6.052842252543222,55.930889480109684,0.04579888485498995,0,3224.8965811804164,2,6,5,188.87326842526628,0.0,0.0,0.0,0
41.748002279551656,20.096756398816957,67.04779381739175,0.06142167795078058,0,4117.94189731038,12,1,11,358.1512766356709,0.0,0.0,0.0,0
46.13248511804282,19.446086586590773,131.507399068261,0.1280325341937475,0,1749.1724275084002,19,3,8,257.54529259798466,0.0,0.0,0.0,0
31.888863594478448,5.432539849235876,98.3593048104329,0.07515710666916273,0,704.2007987488672,6,2,4,151.96756706069758,0.0,0.0,0.0,0
30.53546226958331,21.35246756608972,139.5056603999833,0.12798637037956762,0,729.9406425449374,16,7,1,339.75078737139165,0.0,0.0,0.0,0
13.202176193239426,22.248682602823138,146.1499679237147,0.03701211310010713,0,159.56553259601048,27,4,14,26.21232307382923,0.0,0.0,0.0,0
34.589531631183405,16.309127321482165,121.55059546211288,0.01644422916051596,0,722.6364431315912,11,2,14,22.05933890330588,0.0,0.0,0.0,0
50.14242114848643,17.944754419727843,134.73423257683692,0.05862008301901578,0,3892.737732244296,13,1,10,277.41723017575674,0.0,0.0,0.0,0
44.97561053835969,7.767061848356027,63.27454222429698,0.14543053006712384,0,253.28420800098516,24,3,11,271.5755646946771,0.0,0.0,0.0,0
117.44217697322607,55.99580735728645,252.86985843915372,0.7108824124923332,3,574.0192285048237,2,0,0,0.0,0.0,0.0,0.0,1
48.52236105369949,11.746056729349728,144.15768527339338,0.07945709491625515,0,4624.333193760834,13,9,12,256.2692207515343,0.0,0.0,0.0,0
31.08563087629582,5.798450651275024,94.90785141348758,0.08664196209557005,0,1695.5121262631076,24,8,12,322.9549006661876,0.0,0.0,0.0,0
189.20878392843247,62.69521185847713,211.9943208889451,0.8333598909034445,2,173.37584615842502,4,2,4,0.0,1.0,0.0,0.0,1
129.9684317430429,64.75689862637489,228.64991043469809,0.6357819986407822,4,185.10719320032226,4,1,0,-1.0,1.0,0.0,0.0,1
32.547216108811355,15.445579725778922,101.63287225086414,0.10373555666520842,0,3563.985738912558,27,6,12,211.77992174704727,0.0,0.0,0.0,0
19.09403490757937,8.391720016414268,136.2800034128727,0.07472226558518504,0,3459.2152701513023,3,1,12,176.3817843319503,0.0,0.0,0.0,0
26.31806441123085,17.52775591625076,121.89729393064442,0.021402117222178135,0,3594.883979685819,26,9,12,13.851927485221744,0.0,0.0,0.0,0
120.79668416597836,51.31728306829971,199.3856084576501,0.22067276712770076,4,241.05812694931683,3,1,2,1.0,0.0,0.0,0.0,1
38.74195189299374,13.04549534862867,87.46492190148288,0.027440298192631878,0,4922.987670237673,9,7,1,306.3109028594025,0.0,1.0,0.0,0
89.37639418158457,37.936174343837294,252.28629860773196,0.3663796529665876,3,412.0660032840607,4,2,4,1.0,0.0,0.0,0.0,1
162.83090585348873,58.264293312223316,228.1915508636618,0.8111872651237386,3,247.90961663148514,1,1,1,0.0,0.0,0.0,0.0,1
22.991406897014976,22.721722176270326,139.56899442666165,0.044593080642198975,0,2085.9546617278447,6,4,14,288.5399862491608,0.0,0.0,0.0,0
21.334532603746183,16.33785592499072,85.1542260049698,0.09155662429774915,0,626.4717058844769,18,3,6,329.3771957803963,0.0,0.0,0.0,0
43.779993408706254,9.993607759610224,107.35846069537891,0.14148514250204533,0,3462.8958020634814,25,2,4,287.23923582485014,0.0,0.0,0.0,0
50.82997197357886,13.782698171404368,87.69444294249075,0.06940196785044096,0,3750.666431872443,15,1,8,129.7072949137145,0.0,0.0,0.0,0
33.30572624697379,11.511536662986568,126.5531331547599,0.002451999785428899,0,1808.7528249560883,23,8,9,143.6871461303089,0.0,0.0,0.0,0
161.07069457160517,58.66273342031204,203.41401702901567,0.4823666451700521,3,540.3033976970215,4,1,2,-1.0,0.0,0.0,0.0,1
30.1263177745071,23.400801050918073,115.02550710936616,0.013562846668749112,1,1329.8584550192172,18,2,11,18.69686818757434,0.0,0.0,0.0,0
32.91234209671459,5.751457716892203,99.22564063789444,0.13476683012162743,0,4913.83273645241,27,3,7,360.18589885654586,0.0,1.0,0.0,0
34.73884217368311,8.730436595337533,142.88342987537925,0.08870008688411225,0,960.9478301781872,23,6,6,208.25179205673984,0.0,0.0,0.0,0
15.635584137445449,14.738462966382206,69.43690732661366,0.12915826368263872,0,3185.4801835535172,19,1,6,328.26537641201793,0.0,0.0,0.0,0
39.107190378889925,7.368300783518638,71.18943304401091,0.04665037420990204,0,1256.4609384954917,19,6,14,273.52751527242305,0.0,0.0,0.0,0
28.47870997133866,14.284770394784498,122.27377522388046,0.09850942270824119,0,91.40022529044265,11,2,13,307.4488092337259,0.0,0.0,0.0,0
37.64734467889462,18.930780447757858,109.67388627799079,0.01841100820119307,1,658.2341204760556,12,2,4,262.93917846623395,0.0,0.0,0.0,0
32.18507235148339,22.826278712129113,91.13302903312368,0.021783752987287356,0,4816.642073510717,7,1,6,173.175410643251,0.0,1.0,0.0,0
130.28384916377058,72.81134708815416,247.71485953437306,0.5246761504993206,3,611.206277330203,3,0,4,2.0,0.0,0.0,0.0,1
42.69191949083131,6.5217874269915255,110.36019202212375,0.1396837138768347,0,384.9840064570177,29,1,2,59.232500874618644,0.0,1.0,0.0,0
105.06577338310673,42.0948152029724,221.387564575295,0.8046948800316449,3,202.35115651859851,3,2,0,0.0,0.0,0.0,0.0,1
30.55567084974243,13.894255537166716,107.65449899511401,0.14750111526213397,0,3422.3464471355474,19,7,6,247.0583806770654,0.0,1.0,0.0,0
180.6465968686573,50.58854643200818,222.7670690539216,0.25332960988093756,2,18.931606405935614,2,0,3,-1.0,0.0,0.0,1.0,1
25.234817004314472,6.059328112194202,87.3617772310308,0.10821984005375233,0,3166.317327175975,19,8,12,331.3595665088746,0.0,0.0,0.0,0
29.959038249444554,16.863835151158916,104.5317672949313,0.03671017158524708,0,593.9157501892452,10,7,3,45.04361634389891,0.0,0.0,0.0,0
11.915373341983068,8.245451451181493,139.2542362531895,0.009084426511895028,0,3590.3463064880943,12,4,4,78.6973080249995,0.0,0.0,0.0,0
39.94415473786586,10.488234420007503,90.00296359862914,0.1167508843601338,1,4316.3076390353735,1,2,6,301.44920264578735,0.0,0.0,0.0,0
144.10005332333753,61.318307692574535,252.1313618878431,0.49340343424209826,3,471.6875536579239,2,2,4,2.0,1.0,0.0,1.0,1
121.0612514492351,62.74278335840915,183.0096591808692,0.5962278425973404,4,301.31266945944003,2,2,0,1.0,0.0,0.0,0.0,1
19.660224244092568,22.362932974573134,60.43350528690824,0.00021500979705456056,0,819.3948544324089,18,8,10,221.91570438673625,0.0,0.0,0.0,0
37.15062550071728,12.670037622318143,50.14257282875326,0.1097658037630481,0,3747.524293199514,18,1,6,131.39033413448436,0.0,1.0,0.0,0
10.61548515080378,12.401046693485105,52.742030997265765,0.058946133801793685,0,2582.822863578483,28,5,6,52.04686258989669,0.0,0.0,0.0,0
207.96947722593825,71.20812694560132,192.50348337126957,0.5746521026330542,5,636.5209499905712,2,1,2,2.0,1.0,0.0,0.0,1
183.08653422058825,46.97926796517477,189.0587009730014,0.47422466498357924,2,101.45891382272285,4,0,2,2.0,1.0,0.0,0.0,1
207.5831428427599,58.76622893715319,232.676359564883,0.7551100198838618,5,397.01028782891785,3,2,1,1.0,1.0,0.0,1.0,1
12.047576607473989,15.546393591997195,138.6368647095541,0.1256809905179044,0,4614.141570529181,18,7,10,8.71772983148711,0.0,0.0,0.0,0
23.731843990849146,10.461629006426367,80.26222850818887,0.09184700772703833,0,3647.337439949046,23,5,5,321.76372439816515,0.0,0.0,0.0,0
20.661017453500044,5.759227219258256,98.85356199718922,0.08614214463409693,0,4416.36024480752,22,9,3,95.55335040248822,0.0,0.0,0.0,0
18.11147855482485,11.198598184583329,139.9983276878654,0.1032261655083395,1,3846.7120234048084,23,1,13,281.5919793081779,0.0,1.0,0.0,0
40.7321409467443,21.9843828938821,98.02669256656274,0.13056162428374504,0,4637.202146478498,15,5,2,325.12214102514827,0.0,0.0,0.0,0
160.93634188732295,71.99895935061318,250.66574070915448,0.570849499311716,2,132.8950805807694,2,0,2,-1.0,0.0,0.0,1.0,1
194.16996179449268,51.53927342643837,230.14218941715825,0.4003676931781366,2,316.5587344495708,4,1,4,2.0,0.0,0.0,1.0,1
20.21323791665027,20.33423348841435,79.53770038406161,0.003208327001261968,1,890.0814111548078,11,7,5,85.7855072981188,0.0,0.0,0.0,0
105.30364291549103,42.87024442396829,246.60852413852828,0.41239118896580984,3,324.07714694344986,1,0,2,1.0,0.0,0.0,0.0,1
37.59506092475862,21.66443542743001,130.2360550982478,0.015006492664501679,1,596.5512536385012,17,7,4,7.044183262849438,0.0,0.0,0.0,0
113.60470181240623,69.86876873850902,238.064899464689,0.3926028899905786,4,566.0600911450102,1,1,0,-1.0,0.0,0.0,0.0,1
55.83016508212055,19.123170042381084,80.89559900681527,0.019896686640142974,0,76.46349622910407,3,5,4,146.85225866162645,0.0,0.0,0.0,0
13.583968983766734,19.12425971930131,53.39713213329509,0.12636865915661813,0,512.5968677109457,7,3,11,99.61476351839552,0.0,1.0,0.0,0
206.6792942520181,60.11000616663917,183.92301401322644,0.4578197738058353,2,601.3449115208218,1,0,4,0.0,0.0,0.0,0.0,1
11.232220231816134,18.933779757463938,122.53263907358782,0.1254567866115599,1,4879.229499825429,27,4,10,248.5479513623053,0.0,0.0,0.0,0
38.99163706334319,15.406926737431483,143.07257945453972,0.13986416744682229,1,670.6254763355289,29,9,1,55.12777226137802,0.0,0.0,0.0,0
217.34767737744338,79.5599005159595,206.6954782512977,0.4893719047308339,5,490.8146974459624,2,0,4,-1.0,0.0,0.0,1.0,1
22.414373981542298,24.76027924130843,88.93897796668735,0.10989190488605981,0,1099.8021255130197,3,6,14,150.06145656467342,0.0,0.0,0.0,0
39.85490078051889,14.778722337526222,116.57686438120413,0.055704452847010345,1,3541.971895146368,2,8,9,179.26556552897682,0.0,0.0,0.0,0
24.796601471830805,18.276489497054502,146.53027236303998,0.007562516040331379,0,2905.5619464904817,29,7,7,132.4050641456905,0.0,0.0,0.0,0
31.61356438940843,13.255261454975873,126.42456208523801,0.08738307555629911,0,4465.954477670853,21,6,4,209.4919043925394,0.0,0.0,0.0,0
139.56846584635676,59.91876941474873,200.9397175123594,0.6929342094891062,2,631.6604273666564,1,1,3,-1.0,1.0,0.0,0.0,1
55.18619835876353,24.783698196267178,124.33528228936241,0.009747961422434103,0,4197.237389652065,22,5,2,187.13130652102564,0.0,0.0,0.0,0
126.66449412313386,52.00663523088349,226.1616314506993,0.24568694911944716,5,463.1485710378045,3,1,1,1.0,0.0,0.0,1.0,1
118.1630278377034,52.80189324072273,202.28539646759754,0.2975144624053726,2,468.27263061679855,4,2,4,0.0,0.0,0.0,1.0,1
45.64800039294029,5.229849465962307,90.8777261229132,0.13860403056385992,0,2606.3007216821247,17,5,1,321.81707332288045,0.0,0.0,0.0,0
163.2542544945861,63.4618388569337,207.52940162632274,0.7725118728274776,4,741.5081737609031,2,0,0,1.0,1.0,0.0,0.0,1
14.481588665230895,24.184708706476442,121.56626520723114,0.11822396822035595,0,2969.1587285785054,27,8,14,133.9525424849108,0.0,0.0,0.0,0
197.85118765210615,41.774039782538246,209.53996670341394,0.44226118265238196,5,408.54408917715216,1,0,4,0.0,1.0,0.0,0.0,1
59.5753844139251,15.62397588483023,118.27795001941304,0.03559712413421273,0,4287.6718945700995,5,2,14,251.33287018227045,0.0,0.0,0.0,0
209.9284497910791,33.529324472396944,251.50151946627165,0.7916308343153222,2,155.03217455741375,3,2,3,0.0,1.0,0.0,0.0,1
178.3607197949908,32.99560879404404,230.2807332450839,0.35664063320509143,3,164.73983428838778,2,2,2,0.0,0.0,0.0,0.0,1
20.339818317880322,20.589766929430674,130.4546692142533,0.12332173193555596,0,1002.7798004635872,9,8,0,85.88368304835433,0.0,0.0,0.0,0
29.92393810546072,11.338260276370885,96.73873354479255,0.04283694243579545,1,1598.5809086280574,11,1,0,36.02010813237102,0.0,0.0,0.0,0
47.91923857949589,17.120276638721627,107.03125078265039,0.008036483941111188,0,3131.619511254913,9,9,0,338.60120764732454,0.0,0.0,0.0,0
14.691093619772158,15.251678062650209,106.41947917987453,0.07412364053277065,0,1949.7667167388945,18,5,13,54.93085679649373,0.0,0.0,0.0,0
36.64428183204348,5.710067374372647,145.08410342291114,0.04130635222124169,0,428.39784430389824,19,2,14,195.7526151853021,0.0,0.0,0.0,0
29.198006315868927,20.41796808637605,64.28099257826696,0.03074699148065183,0,2823.1440449814,8,9,14,106.21622764110276,0.0,0.0,0.0,0
35.88940852402847,18.15233898652629,101.16631973579567,0.004288381490957255,0,1949.515819088515,18,4,3,178.9235323730374,0.0,0.0,0.0,0
206.79582810448747,50.308488297861736,195.60251978482893,0.5546346500350572,4,25.3415599959419,3,2,1,-1.0,0.0,0.0,1.0,1
35.8141649598837,16.612904518192682,143.59372482485594,0.1008376030941292,0,4057.891429516152,22,7,8,318.9643587651717,0.0,1.0,0.0,0
12.850119377596698,16.755968987433697,134.0348177588508,0.00262473209810829,0,2885.2128696003815,14,5,0,197.59736301458815,0.0,0.0,0.0,0
59.12449158970309,8.134086955918962,104.08120707980756,0.014830673258047643,0,2661.253322189263,21,9,4,23.690944118354487,0.0,0.0,0.0,0
35.71177414265265,22.041033676900163,114.1743254225175,0.02640492016200011,0,2091.054367384946,1,3,9,175.05902026989042,0.0,0.0,0.0,0
50.493722292731746,10.092813095275277,118.15027222239293,0.11403417898345297,0,2384.302133323284,23,3,13,38.94522629140416,0.0,0.0,0.0,0
22.630973030088732,14.430727751564895,85.39276765753036,0.05336410724914539,0,3744.773751699827,20,6,6,169.08866060399347,0.0,1.0,0.0,0
42.41865378590307,16.396509546642676,66.76219707554013,0.1256636168025509,1,252.39113257881425,6,8,13,270.39541812745165,0.0,0.0,0.0,0
27.137020679442294,9.51956769310367,113.94684394921038,0.06855034640654109,0,2984.6174242164966,15,5,6,9.743002884201813,0.0,0.0,0.0,0
37.74078042711128,6.820041821026606,122.63970326502283,0.08211694603486673,0,4556.832828096201,23,3,0,346.57502763503936,0.0,0.0,0.0,0
18.88099097276011,8.183350689596288,115.74713688561535,0.13052145083276057,0,3236.5152689673705,13,6,14,80.59127656138631,0.0,0.0,0.0,0
14.238307721316659,21.1525173912595,127.14733448596064,0.1372708230607344,0,3431.7190380370994,7,8,0,308.6114459568046,0.0,0.0,0.0,0
145.11525387303033,48.32634293410149,189.50179566788944,0.3091702328388193,5,370.7274563857806,3,0,3,2.0,1.0,0.0,0.0,1
43.07621620730875,16.8382880883814,123.62798987834215,0.08570092926796156,0,626.4053442193216,29,1,5,29.07047209768953,0.0,0.0,0.0,0
16.587189981598208,18.604755076875662,134.24569861184136,0.034270736387553555,0,214.94983722556685,13,4,8,110.67513455228578,0.0,0.0,0.0,0
40.61290753809223,9.261700173696163,143.9057095967187,0.0010023193835831667,0,3144.763609175689,25,1,0,140.74893219596154,0.0,0.0,0.0,0
85.58392540808649,46.532337086695435,241.60543585628926,0.5027606225669822,2,669.2936309327044,3,0,1,0.0,0.0,0.0,0.0,1
47.75588946527086,9.419963150472704,100.09968366121956,0.05253028879694525,0,3131.292429193735,2,7,0,85.83178305307221,0.0,0.0,0.0,0
35.219035214938344,14.286634895903056,75.33981075593726,0.07575420692231503,0,702.4613488124229,2,1,10,187.80233185251777,0.0,0.0,0.0,0
50.18467259386512,21.356441471323812,147.89473558546618,0.07528042965367555,0,3779.704246960079,8,8,1,244.28201548293507,0.0,0.0,0.0,0
35.39471047656388,21.20411699006671,133.91216031061649,0.1364577467861664,0,3486.6599948575217,22,3,7,157.57666303471305,0.0,0.0,0.0,0
121.97228472207547,71.02269689618443,183.98787639137655,0.5443478905007962,3,506.71238402362525,2,0,1,0.0,0.0,0.0,1.0,1
56.093939668467456,8.573859045726266,79.55524986352177,0.1463684004516172,0,161.68017124877179,14,2,8,258.113507303014,0.0,1.0,0.0,0
11.164353972129096,12.109197037682772,123.98657995429174,0.0765103783426062,0,1708.7938071828728,29,4,10,247.73033121860416,0.0,0.0,0.0,0
10.843143504105221,8.032212758609521,59.20804931236198,0.03596162594073877,0,3474.9546317668314,13,1,9,177.92648003517354,0.0,0.0,0.0,0
173.97193089993382,39.72411153652302,195.00364748652242,0.5052274571786868,5,17.895082138270915,3,2,3,1.0,0.0,0.0,0.0,1
31.407472099617603,13.073473152480556,121.26612256467459,0.13766934391660196,0,2384.3338506664513,29,5,8,22.12278034800192,0.0,1.0,0.0,0
37.283433248431734,18.679502598302825,69.02279308201375,0.07813286740510188,0,401.6352359465391,22,4,8,209.72250210643602,0.0,0.0,0.0,0
17.275774139367957,22.542551237970034,102.81892617563562,0.07008914940112539,0,3265.302233446961,21,7,12,270.93904620788965,0.0,0.0,0.0,0
15.224119765391732,9.750322411881204,87.9900522322704,0.0713859491209801,0,4854.337996505435,26,2,4,55.08433369043838,0.0,0.0,0.0,0
207.57439484413658,68.03473465431202,188.04389676176032,0.6561225721020159,2,31.929664684351803,3,1,1,2.0,0.0,0.0,1.0,1
32.399772733443406,7.4155904486515745,92.61152788307794,0.04313301846313873,0,1446.6701409788893,15,2,12,188.5394762920807,0.0,0.0,0.0,0
110.32850814357218,67.44489783039378,249.47778365291475,0.2593900520521334,3,736.3337158290111,4,1,1,0.0,1.0,0.0,0.0,1
39.86219841610422,19.346168246670167,94.73684779918722,0.1310391289937435,0,764.0536819351634,17,7,10,341.5202300248299,0.0,0.0,0.0,0
180.79237743900575,74.52529252175886,254.2373949074177,0.528941566916088,4,457.8249816014112,1,1,3,0.0,0.0,0.0,1.0,1
199.35416070333665,78.59009020240799,229.90726331830137,0.7992616772910588,2,780.2978152579283,2,0,0,1.0,0.0,0.0,1.0,1
56.93001578973637,18.256061727514716,134.43335491993378,0.11487784560555139,0,2419.5758942113885,9,6,7,38.36848239612479,0.0,0.0,0.0,0
44.16476883032526,13.918054127534967,77.36266662816658,0.14956867502365667,0,2284.3657704318935,7,7,12,253.19401241024335,0.0,0.0,0.0,0
164.8281460131117,33.54537292066278,212.21868177241146,0.3703195606652441,3,329.41687772857307,1,2,1,-1.0,0.0,0.0,0.0,1
46.94006916340948,22.859291834096545,94.79436402077033,0.07957097807966883,0,4259.365750533543,16,4,5,314.8764344751899,0.0,0.0,0.0,0
103.7713006909951,76.5371109140714,215.8946533946969,0.42125136144051445,4,702.7031307993967,4,2,4,2.0,0.0,0.0,1.0,1
37.89269245650977,16.314558226885847,79.75135051137778,0.08767590539749713,0,1545.8455832938569,6,7,9,72.21694713234751,0.0,0.0,0.0,0
10.790659811648103,6.542903370791637,141.1168285180079,0.053229124611922175,0,1115.9546878436356,1,2,13,347.29410921452734,0.0,0.0,0.0,0
45.417946801933056,18.20772880542688,61.42946811423835,0.043661832206346944,0,4222.713390140388,16,2,9,124.5778727788111,0.0,0.0,0.0,0
46.06967255531441,22.257610058248247,50.21038431758834,0.10763581870973915,0,250.76575084617303,20,2,1,41.78798789405537,0.0,0.0,0.0,0
27.350116770609997,23.65735380253266,142.2645139603572,0.07535577299581432,0,3698.8054490853633,22,6,11,311.05752278861104,0.0,1.0,0.0,0
54.676500090906494,23.777842947300385,128.04396399111772,0.1381872222491542,0,1276.1693103062826,9,6,7,112.57369742246821,0.0,0.0,0.0,0
41.92282243585147,23.859403788619115,71.18589028640842,0.008851570533450098,0,755.8545493847867,3,6,11,171.08773728983297,0.0,0.0,0.0,0
39.64699674208516,16.601724156756223,59.148683739775485,0.13161912939455706,0,691.0988603498806,9,3,8,311.05063967165785,0.0,1.0,0.0,0
11.895847203681667,14.136326524126396,132.58534343389647,0.046962475402702805,0,4551.911686421058,3,4,8,238.9566964088632,0.0,0.0,0.0,0
16.319321120283355,5.556878151548268,112.27322822928332,0.12101363456836892,0,2439.4316917308256,2,1,2,200.07299899572803,0.0,0.0,0.0,0
53.3193257125671,9.310597375826637,86.03778199303476,0.010275810994046935,0,2071.116396659283,20,4,11,84.95854869197039,0.0,0.0,0.0,0
187.3485279336384,40.2683941869366,217.46692576160922,0.8242692216321508,3,776.6848016032809,4,0,3,0.0,0.0,0.0,1.0,1
17.527040663226803,23.461716384788588,106.50082826528312,0.049391075871013136,0,1887.40156892267,12,7,10,299.6114562135521,0.0,0.0,0.0,0
33.62310569574453,18.966266478811203,93.36969331069596,0.030340977261304553,0,78.72865577255841,15,4,12,161.51596068516858,0.0,0.0,0.0,0
10.06422127634007,7.403185174712439,103.45545447560391,0.10126948287666294,0,3666.8611070655315,27,1,0,162.18855157558568,0.0,0.0,0.0,0
16.236805661083956,8.767364641341395,85.09220949656795,0.1395793901511028,0,2192.367728070272,25,7,1,192.6368563101401,0.0,0.0,0.0,0
29.83638002341929,23.761077071078592,65.31348006044038,0.0014770237518016427,0,4110.37045585484,20,7,1,47.41306365593594,0.0,0.0,0.0,0
51.11695557284237,23.055275759290176,102.48999867258382,0.06767897871760854,0,2966.6123410218847,8,8,0,28.173448532660807,0.0,0.0,0.0,0
39.80713247749485,19.791623544434852,71.09698906199505,0.1262433011314161,0,4226.873675108615,18,3,2,48.82902292279832,0.0,0.0,0.0,0
23.045928982508403,24.39231877808676,123.47085702650257,0.10493947995352923,0,623.3242570721317,5,2,6,302.63998370371104,0.0,0.0,0.0,0
99.64709135095083,34.23818301122817,199.74232537989576,0.48723011977832276,4,405.6567003664156,4,2,3,0.0,0.0,0.0,0.0,1
12.339292248588425,11.39304110584125,93.81767166663553,0.13488905383870342,1,2248.370470156845,4,6,9,196.29077118060243,0.0,0.0,0.0,0
116.46803001825256,44.32598075642163,192.13344228569756,0.7522085549469661,4,669.4510226937896,1,1,0,0.0,0.0,1.0,0.0,1
54.78595873740007,18.836371722501013,62.16181568196494,0.009756893660571092,1,3421.8041246755492,12,7,2,276.06110206525807,0.0,0.0,0.0,0
43.58214607274726,12.7832923302696,98.78134818075989,0.148480122605684,0,2118.3881232845506,7,4,9,284.76114561216974,0.0,0.0,0.0,0
48.21102419211543,16.618277964925568,112.55895834697526,0.0077581323831980185,0,417.9378181502218,29,3,0,206.65788427584195,0.0,0.0,0.0,0
30.33620519870492,11.330563003959394,114.04106368265342,0.06549218433025895,0,4583.9548290361045,27,3,12,271.4750817913436,0.0,0.0,0.0,0
24.28761805498402,9.29558798629568,109.0403259028062,0.13738253015046087,0,952.3480674020077,23,1,1,308.0805614673045,0.0,0.0,0.0,0
211.31707698391327,44.22483920278571,214.41388632345974,0.625826004590571,4,210.13379730636223,4,1,0,0.0,0.0,0.0,0.0,1
38.68266014943785,13.896109901175635,116.8488620983404,0.09448807560918893,0,2728.7497175482595,12,4,0,96.76999042769492,0.0,0.0,0.0,0
42.750466941605424,24.842666326813447,78.3854528608645,0.05387265444993472,0,2355.77339475023,21,1,2,283.24007556793174,0.0,0.0,0.0,0
49.003696781164535,14.847902509610385,145.15298364183005,0.02860477946811521,1,1329.7252882752293,5,9,12,104.26541439775221,0.0,0.0,0.0,0
103.95713907727932,75.67812779196515,231.12206237698325,0.6545053463831114,5,69.40527782556754,4,2,1,0.0,0.0,0.0,0.0,1
57.9286921564679,19.496627470486178,138.37959840764773,0.13784942446185908,0,3163.845468594602,7,4,13,54.741613815313805,0.0,0.0,0.0,0
140.07726448946434,76.94348369546572,254.35504061641018,0.5423288869724203,2,634.7136787723374,3,0,1,1.0,1.0,0.0,1.0,1
45.20416356606695,23.703441734529868,87.58050158460863,0.1062182752350938,0,3388.2782764792087,21,7,0,186.36197647273937,0.0,0.0,0.0,0
191.00109819434596,76.8868734947711,238.43529425982,0.5936261400699949,2,425.34085213525594,3,2,4,-1.0,0.0,0.0,0.0,1
213.43860030305171,68.35855052582593,194.97375086295543,0.8354797701224246,5,138.9022639823335,3,2,4,1.0,0.0,0.0,1.0,1
28.009532070563143,7.541210253037695,102.22432600548044,0.11549903296479162,0,3133.3078553040514,4,6,12,70.94871240812866,0.0,0.0,0.0,0
184.5657669338567,59.16478983050068,193.137462311309,0.42131985624354723,3,216.46406141562545,4,2,0,0.0,1.0,1.0,0.0,1
217.26674734888155,35.724116923394526,190.6589139731856,0.5146974918477649,3,736.7792761552046,1,1,3,-1.0,0.0,0.0,0.0,1
40.67639420817865,23.90074930727209,54.82718869579814,0.00015334493916719925,0,1456.0992872945906,7,9,9,297.2630069833564,0.0,0.0,0.0,0
179.7212142593085,50.61032084572213,250.5297324430629,0.6982887615234563,5,744.1590550424992,3,0,0,0.0,0.0,0.0,1.0,1
59.7782830499941,17.044918584106455,147.89418121813776,0.054762244985066544,0,3774.189139867091,4,3,7,353.8937989203438,0.0,0.0,0.0,0
54.63388266724508,15.04362283078255,114.57649506929368,0.031436772290750675,0,4318.966824335353,17,3,7,210.04847642852317,0.0,0.0,0.0,0
50.58848940450688,18.129572146630053,62.80957463662,0.05074012589917476,1,1161.847278627067,25,8,10,200.78355826722694,0.0,0.0,0.0,0
57.354377348777774,17.05817622849371,107.90725276859945,0.03478516826533723,0,4728.683469809745,2,3,6,54.146969965424965,0.0,0.0,0.0,0
41.814567698962406,20.22243074086316,66.00716349545729,0.06923362116296848,0,1271.060379382034,5,3,0,101.43426549583675,0.0,0.0,0.0,0
49.82542598618542,9.6508266324171,72.6033196788652,0.08265764299423985,0,1447.1992285440176,23,9,3,237.94381593029814,0.0,0.0,0.0,0
10.016625306024471,5.353756192265145,110.25531638428649,0.05471973287167942,0,2843.9833988604682,2,9,1,176.87957926188562,0.0,0.0,0.0,0
42.841115325710504,18.076093187686613,59.49320095656181,0.04782777134048736,1,3408.2120016932477,24,2,1,101.06911675544224,0.0,0.0,0.0,0
30.266268032347668,10.383231419832583,69.8631613861869,0.11750808299937575,1,1882.6493191386548,25,7,2,308.83533684353455,0.0,0.0,0.0,0
21.128820878551526,12.933032039085038,139.18969087767766,0.021990723253803822,0,1204.4789585014128,8,1,5,296.6718420489884,0.0,0.0,0.0,0
58.94657178079806,21.79577718913141,136.69937600115236,0.0611976743047267,0,1306.748392014356,23,8,5,123.83400475210969,0.0,0.0,0.0,0
35.407865328007375,11.904080620795686,68.5901711556267,0.0007199737226056102,0,2799.817400177849,1,7,9,84.5707402341883,0.0,0.0,0.0,0
28.437021346600456,21.454324276317656,61.46574965245907,0.1253391045354319,0,1743.0460972927851,22,6,1,88.39282491225613,0.0,0.0,0.0,0
29.740364143912803,17.92093888193192,65.06109530685191,0.1398972150813718,0,3661.13103878337,17,1,0,177.78512867810596,0.0,0.0,0.0,0
29.09790095226344,16.286021293396605,61.453286832634824,0.14954857542188266,0,1773.741666551475,26,6,2,304.1451213354965,0.0,0.0,0.0,0
48.581345548930386,14.977913290718838,51.21031167761074,0.0013557703618938266,0,4634.66063873732,10,5,7,294.94893805987795,0.0,0.0,0.0,0
178.90775833993328,72.70499135539416,250.96178413417067,0.7953045149621389,3,718.2359384994228,2,1,1,-1.0,0.0,0.0,1.0,1
12.423211623791115,9.205523558037228,106.58886051017589,0.09233289347897687,0,2045.0418516403042,12,9,12,263.52384863735034,0.0,0.0,0.0,0
127.74617892662928,65.65843815001415,219.31557892107742,0.3447927738056193,4,656.4080422716246,3,1,4,1.0,1.0,0.0,0.0,1
217.5653987966642,45.588202582606485,193.97003867346703,0.46215142719539243,3,717.3356188535422,3,0,0,2.0,1.0,0.0,0.0,1
30.255134726378323,23.122220042649943,82.1495701247882,0.07146554795156874,0,3220.3564087704276,21,5,2,130.60214070144534,0.0,0.0,0.0,0
208.30324805450095,32.91961902121484,192.56123144821805,0.4693644561858459,3,340.26076634078777,3,0,0,-1.0,0.0,0.0,0.0,1
173.79598884613154,41.06219722060244,208.94471526984455,0.60614680860761,2,355.2074325708139,2,0,2,1.0,1.0,0.0,1.0,1
98.56020141773426,49.51484411886051,233.0204229691406,0.8317935640774721,2,334.2490933679019,2,1,3,1.0,1.0,0.0,1.0,1
117.68189286559988,55.05764814056418,252.20840157638747,0.21331949394437613,2,364.22038952358963,4,1,3,1.0,0.0,0.0,0.0,1
58.042778839238984,18.40370934822415,67.5174863704181,0.07106750434617333,0,189.91027019738956,17,8,0,268.9036856730097,0.0,0.0,0.0,0
58.780248429455604,22.366479273007357,139.32361472099467,0.13295645769365927,0,3249.6885964957087,8,4,1,272.10862615376203,0.0,0.0,0.0,0
162.66878839167265,32.78331964021641,253.932570436861,0.7200120129414711,5,558.4924797329274,1,1,4,-1.0,0.0,0.0,0.0,1
42.12879844735948,20.18688655845732,100.04453091307414,0.08135454974696074,1,4243.478438794243,28,5,12,124.55545708354707,0.0,0.0,0.0,0
40.51292275951156,8.399925934960024,140.51338748441856,0.030096552443579352,1,86.18691884195682,1,3,9,6.404860430267379,0.0,0.0,0.0,0
128.14987751729092,55.31014986330541,184.6118753402182,0.30023050128605877,2,655.1750533223048,3,0,4,1.0,0.0,0.0,0.0,1
85.05883557415042,58.33171482109202,207.8820840917122,0.780115381662452,2,455.1112839575411,4,1,4,1.0,0.0,0.0,0.0,1
106.40301978930056,64.55222724681241,204.70121355583865,0.4120535456922618,2,367.73396571412604,3,0,2,2.0,0.0,0.0,0.0,1
127.20627727695458,38.27855629097706,205.21694797440745,0.5808246845338708,3,262.3476132817865,3,0,2,0.0,0.0,0.0,0.0,1
96.71369054021427,38.05091664121182,219.98119955061017,0.8310928457357971,3,767.2215327945621,3,0,4,-1.0,0.0,0.0,0.0,1
48.38619440333901,15.096897637860355,104.33005233632883,0.07709938017130874,0,195.5025064947111,2,4,1,218.1691013183905,0.0,0.0,0.0,0
183.177195034992,36.9554139991477,221.22330329987034,0.5309342857563749,3,354.5587105501965,2,1,3,2.0,0.0,0.0,1.0,1
45.43383599827535,9.297092128499962,54.0330161051513,0.03017048138855659,0,1721.8525838374937,19,3,6,174.01516456053977,0.0,0.0,0.0,0
36.95445026033969,20.93545721139691,134.2430802150447,0.06018449994175377,0,783.4797651308947,27,3,2,54.343828957674866,0.0,0.0,0.0,0
216.23426356835205,65.72042979268949,216.0736919687514,0.7954545906278938,3,116.68791899496466,2,2,1,-1.0,0.0,0.0,0.0,1
204.6737076290729,61.982540956853896,180.52282130920895,0.6547034461305414,2,55.16204637509256,3,2,2,2.0,1.0,0.0,0.0,1
48.13265446725551,21.935451631817465,140.87809432111732,0.13689439670647166,0,2309.1081699914494,17,6,11,337.34903603548366,0.0,0.0,0.0,0
54.729893667548595,15.85095724601292,147.84443921535694,0.12150266670693949,0,4737.849376814578,27,8,12,152.61769928438986,0.0,0.0,0.0,0
20.07031546066761,5.190867061344533,57.530143359846974,0.056377869777296884,0,85.35330475281297,10,9,12,19.155824186400565,0.0,0.0,0.0,0
177.27559876382813,48.74549190044989,212.28285048836105,0.3349933539268969,5,757.7800461053938,3,2,2,0.0,0.0,0.0,1.0,1
40.720000371566194,15.473268321092215,81.91234898204625,0.0704873058050393,0,1043.816325045559,22,2,11,334.2627074007564,0.0,0.0,0.0,0
139.65705452523122,56.48922626718929,198.90892230776177,0.8388668969494291,4,677.037031548902,2,1,1,2.0,0.0,0.0,0.0,1
36.41166163574792,12.577647591024697,88.78165426109311,0.0833197508863009,0,1966.9322492594483,21,7,7,195.28566266060614,0.0,0.0,0.0,0
11.057491167470815,13.37865955967892,127.58650652027869,0.05080994336616471,0,1064.6472024882585,2,9,13,249.41412235912142,0.0,0.0,0.0,0
15.612053599579431,10.824466371565522,111.41837239845393,0.12064804891457587,0,3137.5792526277023,17,7,3,36.4000644064793,0.0,0.0,0.0,0
208.87321686485194,47.98192408779909,238.48721296372833,0.7988565466594473,2,665.9335631863224,3,2,4,2.0,0.0,0.0,1.0,1
58.63881614460429,21.52078103333144,119.93153751262037,0.12591913642511504,1,3125.6552614049715,9,7,8,102.75523742144944,0.0,0.0,0.0,0
21.55874355940213,8.554016295790658,149.51813258283255,0.11294815396932736,0,4140.498547118341,2,5,1,271.3358201886252,0.0,0.0,0.0,0
180.00795462762738,71.30410348150116,186.72309511772545,0.3952731218299109,2,303.52212605250844,3,1,0,-1.0,1.0,0.0,0.0,1
22.50283792550766,13.340974566418017,85.0470202317928,0.1288220872012285,0,2849.942167804704,25,4,0,158.6317936615475,0.0,0.0,0.0,0
206.086881897326,47.5214470517281,182.21340483711754,0.2159939189312436,2,96.93542604794581,3,0,4,0.0,1.0,0.0,1.0,1
45.638589675845225,16.100113446689722,140.41912075524277,0.0903253154083325,0,3939.475983239328,8,4,1,224.9193496473608,0.0,0.0,0.0,0
183.22967340348055,71.4667295816078,187.8657666261751,0.580991931607539,2,245.12059162026952,4,1,4,-1.0,0.0,0.0,0.0,1
30.239921454259992,18.081515907439965,85.42362404447745,0.078825693295296,0,925.5913684620792,29,6,4,4.026411516456233,0.0,0.0,0.0,0
59.7387477286953,24.331178371102865,94.07390410842635,0.03906046631818626,0,3592.3225490103396,29,5,9,75.14692568508723,0.0,0.0,0.0,0
26.899801565596146,12.027180286635616,61.865584470939,0.02202857229603034,0,1674.6205344285409,2,4,1,264.39238789557476,0.0,1.0,0.0,0
58.687129101924675,18.26725221912986,90.82375193462987,0.04206948363069786,0,1248.80805568915,16,6,8,289.7710770431563,0.0,0.0,0.0,0
146.872909915687,79.60316447695641,186.63346102043158,0.5375103404626762,2,436.5315045209476,2,2,0,-1.0,0.0,0.0,0.0,1
51.23615820384601,13.043127636879351,60.239446279317654,0.009225860468795782,0,1931.7432026904662,22,2,14,271.129848078476,0.0,1.0,0.0,0
58.59226506627423,15.252304882064,79.08768542315825,0.0704110262983887,0,1559.2704657060644,18,4,3,261.11407127020914,0.0,0.0,0.0,0
28.496500229506125,21.538478179337222,65.6317221399238,0.05157193554526341,0,127.68992994511008,18,3,9,298.1989339953103,0.0,0.0,0.0,0
28.13775806005883,7.500216401796873,64.40203580516996,0.13362864217615691,1,1480.242360329999,5,2,12,258.97774320545824,0.0,0.0,0.0,0
43.15036730708879,15.967640723913078,137.92551148463846,0.10133701379253897,0,4157.327445423842,23,9,7,167.1684520363036,0.0,0.0,0.0,0
22.426787196354645,11.083105089709303,127.08145216643211,0.04908317747421808,0,886.8358582118434,25,8,5,93.00319210156889,0.0,0.0,0.0,0
21.297635542662693,23.361531245372827,69.11830390973162,0.11924263992370156,1,3649.1090096599687,17,4,1,267.41441849152017,0.0,0.0,0.0,0
23.519161765532814,21.070835536528556,149.5604201803506,0.03789945032569235,0,2624.8946460054603,16,3,5,34.88467339684942,0.0,1.0,0.0,0
18.015451975778443,15.89062585809016,103.23102633799107,0.011380746183607132,0,3137.6723437217215,11,4,9,234.44276886372165,0.0,0.0,0.0,0
25.007993822298914,10.343690343413709,71.76140244488256,0.12355948202012547,0,3560.327970222248,16,4,11,205.7933804099374,0.0,0.0,0.0,0
198.3863473645405,50.149519971837705,182.29599599228092,0.4903234298289907,2,122.75991541761613,2,2,0,2.0,1.0,0.0,1.0,1
182.6370135112377,60.86388446152112,252.94581261755695,0.662907236872361,5,793.3472478758686,3,2,3,-1.0,0.0,0.0,0.0,1
15.393216922212124,6.985202986183898,135.28061110909022,0.07595950569786887,0,1116.338422856043,18,5,3,38.64584283793781,0.0,0.0,0.0,0
179.85348128282797,48.463441147777075,221.08128443629644,0.39719001739367593,3,494.90117764324384,2,2,1,0.0,0.0,0.0,0.0,1
120.00764603078626,36.120540334328346,236.9339321688195,0.5871070322638046,4,182.59164050537626,3,2,1,-1.0,0.0,0.0,0.0,1
17.02486574304008,12.787737093353844,91.15557465450274,0.023813687266812506,1,63.20743164596701,26,4,3,167.14247164922773,0.0,0.0,0.0,0
10.548295802822363,22.725914895027994,77.14842174998586,0.005845854595263461,0,4326.140442141631,5,9,7,288.64953973732065,0.0,0.0,0.0,0
128.77188377520244,74.78776893772417,204.74502215980345,0.2767247489488698,4,369.4410211064771,4,2,0,2.0,1.0,0.0,0.0,1
56.63653702381274,16.5032670099325,97.93544401378517,0.0470591536791144,0,739.0302218567726,16,6,13,63.81609895005058,0.0,0.0,0.0,0
131.03776843494816,69.65876033421083,232.7367666924169,0.21712908926353822,3,665.109945147658,4,0,0,0.0,0.0,1.0,0.0,1
28.76976103255866,22.644759235827635,145.04418025483443,0.10747169503709247,0,3221.076667835559,5,9,5,126.43365233828979,0.0,0.0,0.0,0
198.5643070711365,63.05427335844938,241.96602839629602,0.33542253682298107,3,516.2606717028509,4,2,3,2.0,1.0,0.0,0.0,1
58.16013204857083,19.145414518889105,57.97634254510711,0.060288028048901474,0,1786.0566217985424,23,1,3,340.72818499638873,0.0,1.0,0.0,0
24.97333564737925,24.804757681746366,113.27283860075664,0.03631329994282574,0,3715.2429557987693,29,1,0,61.54033640462796,0.0,0.0,0.0,0
215.59358841157066,77.42795002328802,194.50167643825432,0.7855812353529599,2,411.0515642221584,2,0,4,2.0,0.0,0.0,1.0,1
49.0521560538484,19.413527181850366,115.58343876174052,0.02326404094065035,0,1996.2263063586222,26,5,10,232.95476992147385,0.0,0.0,0.0,0
55.53028586072109,15.197080191009153,100.12756446257293,0.007536451473447319,0,2778.2418114860416,20,9,5,363.68537719285524,0.0,0.0,0.0,0
124.86854921715073,52.913274119840416,234.09641614483695,0.48167828450491557,4,532.7306414269652,1,0,3,-1.0,0.0,0.0,1.0,1
56.556022597167534,24.220418715304266,51.30765341746149,0.025755125482546347,0,176.08982408878032,19,4,6,78.1743322499492,0.0,1.0,0.0,0
59.49206909777844,14.64503184604849,107.20754040354313,0.09238571004998644,0,4069.3404467772934,24,6,2,352.4533888357213,0.0,0.0,0.0,0
28.772055483395633,21.00146864153736,138.45832929211878,0.018783083927524712,0,1120.3236951825095,17,7,8,169.72847389714607,0.0,0.0,0.0,0
202.7023343747344,49.32129299232419,237.69376351170214,0.3032885326690727,4,603.0193163526513,2,1,0,-1.0,0.0,0.0,0.0,1
93.84649368653236,38.68921019061752,230.97550164027462,0.2108121544763491,5,474.468231415248,3,2,1,2.0,0.0,0.0,0.0,1
35.72019343730922,10.135390310758263,53.488030582002764,0.061540370749757524,0,4534.646295713551,9,4,12,19.069638050802176,0.0,1.0,0.0,0
46.32799540947625,11.738573452941583,129.49295174367307,0.024553542585570468,0,2564.964965075144,15,7,14,30.935689408055737,0.0,0.0,0.0,0
136.29656732383364,71.43289796205136,234.2772298101497,0.7985628695040505,3,92.9721711763045,2,0,2,0.0,0.0,0.0,0.0,1
40.65759555515089,21.112044375404764,79.96686838414908,0.1443153156247541,0,3110.5394538362007,2,5,11,156.4989662568595,0.0,1.0,0.0,0
43.62835975473115,18.81013264022272,54.5920056091263,0.05081167413655082,0,529.616197762632,5,2,0,252.97241623422775,0.0,1.0,0.0,0
29.798523633122745,23.301801368140865,103.302886724614,0.0236932234253022,0,3976.643684669359,7,3,12,330.74228798950475,0.0,0.0,0.0,0
137.07414414073622,78.9845051695519,203.2069189392866,0.6923192812908001,3,190.52064495642765,1,0,0,-1.0,1.0,0.0,0.0,1
42.4128477038911,8.447727242103324,137.2394563354815,0.09196743586038622,0,4813.573384531974,12,5,1,228.79401011149955,0.0,0.0,0.0,0
21.871673418740315,15.247275550915813,60.42248028083477,0.05767669914672188,0,3278.510084750089,2,8,1,172.60745347598026,0.0,0.0,0.0,0
40.497077929802586,23.490449374637997,128.5812645468373,0.0884921824202713,0,3873.95561609305,29,7,1,277.5548737641022,0.0,0.0,0.0,0
18.186447893958547,10.988462496062132,60.015499750676696,0.04075763983472695,0,1922.6622554680343,9,2,13,152.9091667371579,0.0,0.0,0.0,0
193.8065396510314,56.07639192771855,233.84783300557717,0.782547402955929,4,728.7846231845351,3,1,0,-1.0,0.0,0.0,1.0,1
129.06829516678778,38.09434116782935,204.65953199950653,0.7325203030693188,2,384.1951579922287,4,2,1,-1.0,0.0,0.0,0.0,1
143.8819498506778,72.33627043949305,254.15789855213453,0.24681733272471862,2,128.17586530155586,2,2,2,-1.0,1.0,0.0,0.0,1
20.79021255298467,8.172743732991973,81.26826650277923,0.015887353444316025,0,4032.9764018066526,23,7,1,278.421654299669,0.0,0.0,0.0,0
35.58192912595071,6.220142860107898,78.78312988516058,0.013990717016725484,1,718.6467238175155,3,1,5,220.14979384487566,0.0,0.0,0.0,0
40.67754551678799,6.042226572196732,60.21150889490369,0.10118913536033804,0,2997.0210100791705,1,7,7,286.1945657116445,0.0,1.0,0.0,0
12.238618625904753,15.843398208914296,51.73001227409698,0.11678030565051081,0,2386.43703648078,10,3,7,255.76904125702032,0.0,0.0,0.0,0
18.236544804053086,13.596625150260051,78.72576948770677,0.11051918530652954,0,4946.935728276606,10,7,1,155.53466540495722,0.0,0.0,0.0,0
38.25613354915252,19.459410488859497,91.96538426710104,0.014486487105849615,0,2421.167471465411,5,9,4,269.4400425234422,0.0,0.0,0.0,0
94.3899809980215,57.155694335766015,202.63734734058627,0.6295251629028935,3,350.61915957649336,4,0,4,0.0,0.0,0.0,0.0,1
52.942079170713015,17.577462888266105,126.2847902346479,0.11479057861754353,0,1406.7118184229287,14,3,8,176.31917949555546,0.0,0.0,0.0,0
19.93578407670862,5.110442342472048,131.54614284548342,0.10602860157714257,0,3867.7882160954314,5,7,9,42.29220672667235,0.0,0.0,0.0,0
143.75609200294812,74.5178751727455,221.9058747874785,0.8001299459036373,3,241.14464816982266,2,0,4,-1.0,0.0,0.0,1.0,1
51.835536029173085,8.49091767006993,57.08147013857645,0.060032864330821674,0,4281.838944870867,29,6,2,243.70099211802471,0.0,1.0,0.0,0
152.3406255522993,39.120469913256116,239.66979630433028,0.8483479137457388,5,624.2483563320128,1,1,4,0.0,1.0,0.0,0.0,1
25.913102069286296,22.88530236512828,114.4902905292356,0.043237736575105275,0,4461.4403616648315,21,3,0,202.3401886439747,0.0,0.0,0.0,0
30.763071878641025,10.670960218192953,78.38781815907132,0.07234369859943152,0,1826.4000204196009,29,2,0,208.49271497930377,0.0,0.0,0.0,0
39.29315252639608,24.521566649450378,103.23043638481663,0.13579827425641347,0,995.70675010798,1,4,10,294.68115173813453,0.0,0.0,0.0,0
57.47687185568259,11.790578382613866,60.814594233719866,0.0759751801555388,0,4849.156290453833,19,2,12,235.70224360870102,0.0,0.0,0.0,0
12.864012553881167,9.504474045369795,63.13494081449067,0.059825404455559415,1,2386.6991492751413,21,8,11,16.27714155613096,0.0,1.0,0.0,0
35.734180856071944,21.165508791118754,75.38210781566949,0.03687111589592295,0,4478.481848009291,13,4,8,56.13956399418684,0.0,0.0,0.0,0
24.228115088144875,21.36413337496495,103.15994646044308,0.13197940160417398,0,196.8577041704621,11,3,10,47.99352876276329,0.0,0.0,0.0,0
104.9729254801101,71.68941656493209,238.28697721948717,0.6912501787292122,4,183.56440640904353,1,2,2,-1.0,0.0,0.0,0.0,1
172.70429274548923,41.70952874111934,250.03021790006636,0.37821315755065654,2,258.53407579366876,3,2,4,0.0,1.0,0.0,0.0,1
45.95229525921228,10.9424343124635,106.64046402968972,0.07140756032986495,0,4687.307209657552,5,8,0,98.51759617315113,0.0,0.0,0.0,0
13.375061443619376,9.343290319128846,96.25831866494471,0.0906361446145648,0,1527.0350632559096,3,1,0,193.6347265326832,0.0,0.0,0.0,0
214.0485721338531,43.8965800172612,184.75864763484194,0.7021377429594651,4,398.74865008963235,3,0,2,-1.0,0.0,0.0,0.0,1
53.784968647128274,14.19644861818358,71.01851036215437,0.12981238226826655,0,3764.0465699796127,17,2,3,295.60489148907783,0.0,0.0,0.0,0
39.3673895621514,8.48421350142782,146.28916341780376,0.026336966645192444,0,4580.077332974047,9,1,0,58.30855298538964,0.0,0.0,0.0,0
23.274828191926787,24.141125929606197,74.43158919686825,0.1357649431901464,0,3715.579132945991,20,5,3,50.67719953001462,0.0,0.0,0.0,0
131.19092246691162,62.109985400287414,182.11846546575572,0.4404390507976814,3,26.284395480333092,3,1,4,-1.0,1.0,0.0,0.0,1
132.42664048528428,49.918499041355425,192.53537713336922,0.795624804836728,5,787.5314415061711,4,1,2,-1.0,1.0,0.0,1.0,1
82.02451840553353,33.871457525015245,223.61132161534812,0.7926579241279341,4,196.43683671188748,3,0,2,0.0,0.0,0.0,0.0,1
48.46156017707189,19.45454556089254,146.39534253882871,0.13960668334988152,0,2626.0233851788635,28,3,10,123.40889565164949,0.0,0.0,0.0,0
55.00147852673588,23.52124129035285,129.8203825743942,0.09232542800737487,0,3130.450822406595,14,9,2,115.0620993663727,0.0,0.0,0.0,0
31.340852832743217,22.53330755724899,91.75060840278921,0.06929142758633813,1,51.17574170062867,13,2,2,25.560842597826927,0.0,1.0,0.0,0
128.34680426055587,59.598629643802916,244.2195126574956,0.4439938571462503,4,651.3459982222101,4,1,4,-1.0,0.0,0.0,1.0,1
29.982900104287683,24.65720235710841,103.64703911884732,0.07539451734318801,0,3521.7496235366852,27,3,1,243.07071561936945,0.0,0.0,0.0,0
35.4370144715071,17.863229023266832,89.4237736129301,0.07022666443203004,1,4656.984766302746,25,8,6,253.32039818376796,0.0,0.0,0.0,0
20.987965703135814,18.002011053011078,140.43543402503144,0.012823295602735712,0,4229.893984938633,16,6,1,168.82525430293273,0.0,0.0,0.0,0
54.296105722171255,20.4985694461191,123.52512163067935,0.1196005208474944,0,4442.836369224815,20,3,1,95.73012746246948,0.0,0.0,0.0,0
21.997445186181565,6.667581075375191,142.85077519437786,0.08696056724096579,0,4562.30559195211,17,7,14,86.2651013147965,0.0,0.0,0.0,0
55.53382897175698,14.288664724510856,63.75237748170154,0.05112235496847699,0,894.3804622075955,21,3,5,215.96946424180882,0.0,0.0,0.0,0
58.64064307351073,13.865623528534671,144.79609167513945,0.02019883899362778,0,3107.3083501905476,15,9,12,127.39183007799173,0.0,0.0,0.0,0
45.94962376990305,20.338578526983188,91.61185444318599,0.0025364719884550632,0,362.3186718569177,17,8,6,58.917200505964495,0.0,0.0,0.0,0
49.218197272058305,10.384663571486323,115.3542146706534,0.04364632586232981,0,3044.9032900417824,18,6,6,4.357479483276611,0.0,0.0,0.0,0
44.40588296031751,7.563761456209235,92.53564962699836,0.03708091106083152,0,1347.073272309029,29,2,5,204.20846970156637,0.0,1.0,0.0,0
28.122992430728026,9.954723280702316,90.86759787921972,0.07736041566215549,0,649.1914420530765,10,9,8,159.128782090138,0.0,0.0,0.0,0
149.38172583893126,32.86565232596662,186.61749765428297,0.3709664013749687,3,320.7202807837771,1,2,1,-1.0,1.0,0.0,1.0,1
129.72326679469919,43.96655092651703,230.6072281043564,0.7060521798059762,5,132.71067418136857,1,0,0,-1.0,0.0,0.0,0.0,1
181.29945984010158,46.04047535014729,189.13292037333434,0.7392037051777849,2,415.12381374421915,2,1,4,0.0,0.0,0.0,0.0,1
21.78114255958242,23.871482880703542,137.12516273986526,0.04341613424523123,0,4026.062278090791,13,1,12,270.8218712726048,0.0,0.0,0.0,0
80.60716721616622,69.1962684050109,185.7738703628139,0.49188839806027335,3,153.31241267137938,1,0,4,1.0,0.0,0.0,0.0,1
16.392690895434775,11.248117953592637,101.43832465110202,0.08831391953475143,0,3298.3874715793754,6,4,4,58.53659583583529,0.0,0.0,0.0,0
39.57643986776865,19.68128070046216,101.49473515144447,0.12209759618599629,0,3094.6130330916276,13,4,7,341.60553864173284,0.0,0.0,0.0,0
125.16094084589795,54.9171014514821,219.51022184076342,0.4578901115655528,3,408.48336934914374,2,1,2,-1.0,0.0,0.0,0.0,1
37.538286318607646,10.010028493918792,87.1119691218732,0.014503457450661455,0,4493.640871039273,24,7,8,37.25255157530679,0.0,0.0,0.0,0
17.997040118346433,10.555280989545102,82.9815808856361,0.09755483407431685,0,3760.1567135991536,23,1,3,45.2164063328801,0.0,0.0,0.0,0
52.8436968037547,7.352879763186504,123.97303320855406,0.04795002486608171,1,2452.526966641441,21,5,13,231.65501473768865,0.0,0.0,0.0,0
23.606612469231766,17.953802410827247,50.05203769953158,0.05288532845012535,0,865.0464730575616,27,9,13,81.06935082181654,0.0,0.0,0.0,0
106.19251966761377,57.382150651792394,227.71499570292494,0.5189317090809018,2,589.9391831370712,1,0,3,1.0,0.0,0.0,0.0,1
40.68189514946919,22.958705868874738,130.99244203028994,0.08746953286493753,0,1855.8712275286034,11,7,12,363.7464645454786,0.0,0.0,0.0,0
26.38634783410355,12.519222043227078,139.7057468372292,0.002568312869574285,0,4776.148884504816,2,9,13,325.73787648941493,0.0,0.0,0.0,0
34.17886455740296,13.09197332335569,87.11530462801747,0.0940457863209155,0,3828.5311983647202,13,3,11,307.1294957569869,0.0,0.0,0.0,0
109.8265445481022,39.36568730453337,206.91545488692947,0.22332179316275189,2,525.2560313101503,1,0,3,-1.0,0.0,0.0,0.0,1
146.1349043496033,54.14732167867214,222.8455214403724,0.7942703040144243,2,643.2930558627983,1,1,1,1.0,0.0,0.0,0.0,1
33.49021607243408,14.109311440127234,108.21448028147421,0.05351557355238768,0,2543.4112012202836,20,5,8,70.33224956293331,0.0,0.0,0.0,0
35.70213948391021,12.266944669296889,123.01952661615549,0.04479690203801124,0,2195.1103200785124,20,8,2,229.08507953915256,0.0,0.0,0.0,0
18.974731362132403,5.068922875537394,83.01810231528798,0.05677125760910573,1,1070.047749482083,5,1,10,175.81603556146135,0.0,0.0,0.0,0
31.457474597916093,6.497916840039675,60.61603535474672,0.12562087794281618,0,1015.0434439182212,14,9,3,137.9678240985459,0.0,0.0,0.0,0
16.965116935395717,15.404639210080509,53.71133199623023,0.012100465108676605,0,3461.4479816162075,26,4,2,301.3202171549517,0.0,0.0,0.0,0
98.12399146970205,46.53351343477698,203.73112447591444,0.7210700781629791,3,493.13796919559985,2,0,3,-1.0,0.0,0.0,1.0,1
130.94115436272818,31.60561021494161,212.36623391303135,0.7028182174461093,3,515.1726780505958,1,2,3,1.0,0.0,0.0,0.0,1
168.1090515726923,73.72199927001915,180.08186557672178,0.5446532002718292,2,84.41204109567836,1,1,3,0.0,0.0,0.0,0.0,1
140.85022150349758,61.09033489124187,247.34843699787592,0.328899627802666,2,330.54417792384373,1,1,2,0.0,0.0,0.0,0.0,1
48.45305665798621,13.510113185436856,106.5415939752538,0.0031513735479541116,0,2256.83647164373,5,1,11,184.45831862466434,0.0,0.0,0.0,0
116.31792515200841,63.91669148545953,225.12782134916773,0.3086454687455213,5,547.1810954272452,3,2,0,0.0,0.0,0.0,0.0,1
35.663025228522116,7.1444478841697485,92.34820092493328,0.06785501388098553,0,4208.093218007458,4,4,3,337.16195949502327,0.0,0.0,0.0,0
162.03929051641776,44.20256787543675,227.28821359431106,0.2381266891744515,3,215.83704014212273,4,0,0,0.0,0.0,0.0,0.0,1
11.290358409561554,5.405599475348399,112.23153564542642,0.09925125910762955,0,1634.0543967729639,17,2,2,301.4018370301934,0.0,0.0,0.0,0
33.30328921593678,14.18398766790774,149.52834031417302,0.14237670301736485,0,732.9670090464322,28,9,6,318.7222557881018,0.0,0.0,0.0,0
59.7126659543268,8.363815688565094,64.38426739478587,0.07550669294163588,0,896.7474580400906,15,5,3,71.18603460304134,0.0,0.0,0.0,0
25.564988640950446,16.657431440571024,123.23950458572557,0.05165570856068015,0,4501.430023054849,1,6,14,260.22996767922706,0.0,0.0,0.0,0
196.76565736074477,53.206960118711685,184.52232010181623,0.37872762941817434,2,711.108319000914,2,1,1,-1.0,1.0,0.0,0.0,1
59.726287419151674,24.131417149043195,134.3479169125514,0.10325608190788838,0,4571.394043911959,10,3,4,341.7686836061197,0.0,1.0,0.0,0
50.52348085347965,21.561190854657525,91.15637719010303,0.07782124681265302,0,3388.441154519555,15,1,1,181.82501289166916,0.0,0.0,0.0,0
158.57527475153466,77.46280423433927,229.04079885728504,0.8226044030419377,2,678.8453091001991,3,2,4,-1.0,0.0,0.0,0.0,1
25.693774836123524,15.76045410727806,134.01080784392,0.14841766964475847,0,1888.7629499906652,27,5,1,171.8665850214595,0.0,0.0,0.0,0
48.866625704109666,16.13364105363507,114.5759292261306,0.0020275907549580086,0,4925.328091783678,25,4,2,359.49912458114443,0.0,0.0,0.0,0
42.759090683843375,16.582558335110207,64.00004827007425,0.024206005727224398,0,4054.1010156443917,17,8,13,98.25305066266584,0.0,0.0,0.0,0
59.793193771535094,20.941679108982072,84.18354587610025,0.1350887850942392,0,3638.783781014195,21,9,10,158.59348320754611,0.0,1.0,0.0,0
51.12673971920984,21.079170151050405,105.2500967407889,0.07802548384661268,0,3887.9634444955213,18,7,14,103.7600439185436,0.0,0.0,0.0,0
118.69088714234465,48.124317060038095,189.63226512453693,0.26614059163544224,5,160.08281527613212,4,1,0,1.0,1.0,0.0,1.0,1
90.06534767203098,52.00748156729793,233.16784560321247,0.23776282509362345,2,302.7751085129763,1,1,3,2.0,0.0,0.0,0.0,1
160.26132624582078,46.76239504656125,205.7748420992983,0.45883670061216614,2,571.0907110251287,2,0,1,-1.0,0.0,0.0,1.0,1
100.6080319424218,78.27734589469728,214.6572618144577,0.7557409096408374,3,532.0458909332732,4,2,3,0.0,0.0,0.0,0.0,1
33.55414253522566,12.95906112402667,81.01472210908021,0.06770050877311459,0,2190.052804399393,5,5,8,336.6142674911364,0.0,0.0,0.0,0
127.95250436780825,41.13803338293235,231.29017483785634,0.2497816978210889,3,220.84368945815459,2,1,0,-1.0,0.0,0.0,1.0,1
35.66192860482296,16.743582562713932,97.64893973538263,0.04885610026304985,0,419.5751409938591,14,4,11,202.1887328569427,0.0,0.0,0.0,0
153.64075650520317,60.22706133058521,214.9824152679717,0.782821306245779,3,466.86636686155725,1,2,3,0.0,0.0,0.0,0.0,1
13.449500435522973,24.916047355598373,78.88099699540896,0.02239020190038709,0,4683.821579123666,26,6,0,253.7467077916721,0.0,0.0,0.0,0
88.07705100844069,55.44363701781381,222.19653759105827,0.6519467619430384,3,391.9204427475128,4,2,3,-1.0,1.0,0.0,0.0,1
132.3688924339101,45.72488846898944,244.83122341012023,0.5779237440242012,4,196.99781100180024,3,2,2,0.0,0.0,0.0,0.0,1
50.80395211716756,5.3789080674870915,123.59179535519887,0.03125993604274974,0,3210.519484755721,14,9,13,93.50990277036456,0.0,0.0,0.0,0
37.296176665450005,23.5241040376869,137.13152472468533,0.11776254858596355,0,4563.502211996154,18,7,5,249.12727475001233,0.0,0.0,0.0,0
192.82421189131134,31.596017088727177,224.54687031977568,0.7678606720710766,3,222.76134747383472,4,1,2,0.0,1.0,0.0,0.0,1
203.21802668673607,74.25347568820703,219.59368699224015,0.2739072741766656,2,370.94167800483655,4,0,4,-1.0,1.0,0.0,0.0,1
38.0627839037462,9.924883219412003,92.35479159918964,0.11903559818082024,0,3921.1513078556036,24,2,6,42.23098113581029,0.0,1.0,0.0,0
21.775722577833143,20.859644714496753,59.33011783572536,0.06562107341562613,0,1766.696626623624,1,6,11,178.48313144774835,0.0,0.0,0.0,0
57.62929906587095,10.282207803581516,58.769670916230936,0.07133551151304804,0,2782.2722665953097,13,3,14,210.6526144404502,0.0,0.0,0.0,0
143.50977240211918,61.62177914701452,220.43931530418988,0.2979020640736043,3,440.41977220430545,4,1,1,2.0,0.0,0.0,1.0,1
57.3761490275619,5.825394947492438,141.8852855883104,0.09136224825315202,0,1950.181019499674,24,7,0,320.41311492338406,0.0,0.0,0.0,0
54.392967486777636,7.045285619942321,124.41266857143702,0.12086892989373521,0,2384.4624251684068,12,6,8,41.17087538630059,0.0,0.0,0.0,0
117.79174366455325,54.55236062140433,251.22271527164744,0.3878721417452732,5,191.17028082922755,1,2,1,1.0,0.0,0.0,0.0,1
15.263258124021263,16.453656317133788,100.05808894482988,0.1283383341113345,0,1313.400550004203,25,1,10,185.38255684123402,0.0,0.0,0.0,0
193.87957849132437,75.25335258190415,200.73958193363896,0.28367697610007553,2,466.4000964051171,4,0,3,2.0,0.0,0.0,1.0,1
28.020590317563904,24.77675265560187,128.295776596728,0.010710180163036043,0,3184.8514656734233,1,6,12,307.4066792767449,0.0,0.0,0.0,0
42.42635134121014,11.188649419389664,110.62022536103319,0.07856377448292748,0,3963.979373543263,2,6,0,137.31351585274734,0.0,1.0,0.0,0
127.8633850878561,77.88181469992176,195.71013238539265,0.22487169424304587,5,604.2401456008225,2,0,2,-1.0,0.0,0.0,0.0,1
18.99240742045996,11.947947235006778,143.13583672064593,0.021913604965962914,0,2985.1236509906466,3,4,2,230.04582275068944,0.0,0.0,0.0,0
133.93988964475759,75.06082321303951,241.54819104737172,0.614481784983147,4,76.87344833906444,4,2,0,0.0,0.0,0.0,0.0,1
161.88895326147616,34.30833467007075,243.64396419000042,0.5555620996048563,5,734.132465205709,2,2,1,1.0,0.0,0.0,0.0,1
97.90354501828553,54.72016606746636,198.3900836148536,0.2526300041649401,2,58.33069716230402,4,1,3,-1.0,0.0,0.0,0.0,1
43.055896367276226,11.655410920983604,88.21148645095187,0.08916140757136096,0,1316.620285921637,2,4,2,42.873656570680154,0.0,0.0,0.0,0
12.58286785573205,5.985889855288329,88.62877051455453,0.05302097880910809,0,2480.5478252111047,5,2,9,112.95638541733933,0.0,0.0,0.0,0
99.46224738699874,58.18567071953801,184.2535197474833,0.6315914602135602,2,104.03099657502638,1,1,4,-1.0,1.0,0.0,0.0,1
38.26059099786191,13.073585651730284,89.62201444817809,0.02900679148185828,0,4254.551062087674,20,4,12,28.719534783792707,0.0,0.0,0.0,0
57.5866554512213,19.19765377552629,94.49000498205379,0.025350201963975465,0,3053.5005702542444,9,5,4,166.33279381340859,0.0,0.0,0.0,0
38.194605641463305,24.01363873614165,60.88604466466552,0.004937065299176052,0,4748.030590195711,29,6,6,96.28131040073772,0.0,0.0,0.0,0
18.935306046630444,16.698722366780956,116.52041034810672,0.10690770044378244,0,1887.3118974111096,26,5,0,331.15198517740845,0.0,0.0,0.0,0
198.66648993204217,76.0129125055887,220.26497003132718,0.3397190926019985,5,159.68889987545862,4,2,3,1.0,0.0,0.0,0.0,1
156.86667765248183,43.92222450277167,200.39556021097513,0.5501105708959975,2,650.5398182211525,3,2,3,-1.0,1.0,0.0,0.0,1
44.70330374279784,20.35420103115019,139.55714790830763,0.05318163093964922,1,3204.535060109283,4,5,0,51.3963296639448,0.0,0.0,0.0,0
56.94416575352835,24.854492391872558,145.91934864585215,0.0008912633766531619,0,780.6537548300639,22,3,6,68.1945582975228,0.0,0.0,0.0,0
207.7222317791677,36.96093967586884,193.22360806401866,0.36389918483823025,2,255.57013403245654,2,2,1,-1.0,1.0,0.0,0.0,1
89.63272152598756,79.59947202333714,231.05282155963386,0.8022773231046871,3,521.6714810755655,1,0,0,0.0,0.0,0.0,1.0,1
124.25525741029976,42.647642566678535,218.62600401834607,0.8481378962508128,4,586.5362583734758,2,2,0,0.0,0.0,0.0,0.0,1
89.13664318877227,58.15023819903486,217.68313444310414,0.5193024697407254,3,236.77471883413304,4,1,1,-1.0,0.0,0.0,0.0,1
20.03320583442212,20.866363426689,92.92170518402645,0.14925730851115737,0,510.24106293848877,22,7,8,191.3970526292052,0.0,0.0,0.0,0
57.98598445666698,14.168517480898313,102.29582775682272,0.035971750585332196,0,4857.3133054427935,19,8,0,349.2308409456502,0.0,0.0,0.0,0
56.768908065355866,14.32232585316978,94.53865259778722,0.0021850732126918347,0,4338.1475581117975,7,3,6,174.59245080975288,0.0,1.0,0.0,0
17.73037683685208,9.130959395377918,90.02770074144802,0.11102148101414293,0,3508.1343562306647,28,3,8,352.41145096729554,0.0,0.0,0.0,0
12.186953615447369,7.460065902474913,105.86423964504255,0.05147510297589873,0,3278.8436605301013,28,5,5,310.9220514589909,0.0,0.0,0.0,0
164.4774751136435,75.65632873785174,221.98752936747283,0.5884551115620364,3,303.4383340935736,3,2,0,1.0,0.0,0.0,1.0,1
18.826401600275414,9.409724181403508,68.64382621442545,0.11693767103501299,0,336.32124898881204,15,7,0,189.16503383688314,0.0,0.0,0.0,0
106.60463117697653,39.39487599722008,222.40017622823052,0.23289005518804068,4,357.29604802776254,1,0,1,-1.0,0.0,0.0,0.0,1
29.126314012200414,7.3965800403529265,147.41646286280155,0.00300395338887367,0,3854.5690337031165,1,9,13,190.1496617042954,0.0,0.0,0.0,0
34.87699260730511,9.093602181145679,109.11303032585164,0.02792038466300219,0,4282.399498018679,28,9,10,25.187771303677952,0.0,0.0,0.0,0
44.6266215768554,7.688702588162437,79.93955883716812,0.05380732881255202,0,1429.8613684520374,24,9,13,3.235099066416148,0.0,0.0,0.0,0
114.96029790890037,36.725107380098564,239.81529454364073,0.34863882695130227,2,502.2574431945644,2,2,4,-1.0,0.0,0.0,1.0,1
48.982091120819426,23.785905472339202,116.34986303769467,0.07592148743374472,0,3380.6964042559603,11,4,3,59.18178579481182,0.0,0.0,0.0,0
15.86358847769553,18.073653313142707,135.10369385350225,0.1397412143198886,1,3916.5283887346195,27,8,7,284.3308046533572,0.0,0.0,0.0,0
25.48159050014229,18.27468721387877,116.57844014688709,0.04293364608599915,0,1007.5637786590905,27,1,2,189.96647363087482,0.0,0.0,0.0,0
37.860952246502194,9.136820762871224,112.35078099562222,0.05365751474136413,0,2293.833706300387,3,4,0,358.88312431242554,0.0,0.0,0.0,0
188.98702766838358,54.72824351048236,183.12472503224714,0.3008939280694692,2,145.6948161912283,1,0,3,1.0,1.0,0.0,1.0,1
43.25158808510657,20.720009841547338,121.14542418642291,0.022145394612039553,0,241.0016940004832,20,1,13,106.64453323444638,0.0,0.0,0.0,0
115.51466122331823,42.16772599591411,187.48260253881048,0.7311971724105097,2,240.91286503083447,1,2,1,-1.0,0.0,0.0,0.0,1
45.70659968010764,12.39888264108936,77.89661944201939,0.02705812139515693,0,1116.5736921085957,12,8,1,292.6378071487027,0.0,0.0,0.0,0
26.19896373550498,16.742656031684017,56.66823003630246,0.12445030203976426,0,3370.59206984088,28,9,11,32.9214305730892,0.0,0.0,0.0,0
44.166814064010694,10.249206228013668,114.50313345519501,0.1272858614373069,0,4158.289670323103,28,9,14,197.20739857541372,0.0,0.0,0.0,0
12.950166699955014,23.12223502893315,68.89250668391246,0.03847806409887119,0,4828.730579021592,4,8,4,58.98986216655857,0.0,0.0,0.0,0
58.833031860507106,13.98369536783944,118.71736926095025,0.08091370065665628,0,370.28577435726334,3,9,11,149.7099749902582,0.0,0.0,0.0,0
216.03106971042476,62.74903470194441,201.58802198076015,0.35651955145979,2,607.646631998757,3,1,3,-1.0,0.0,0.0,0.0,1
57.81459407566807,12.53352880858925,83.92406611738363,0.00936469909166705,0,589.6173974225972,8,2,11,218.9882682652891,0.0,0.0,0.0,0
23.437347264488416,15.591568330285009,138.26144276638544,0.14166569435324902,0,1395.6373732218015,15,2,1,238.54966482399539,0.0,0.0,0.0,0
12.442081166037196,22.558831279992123,57.98310665628734,0.02225087710795696,0,3160.2650082283362,4,7,2,315.29060448505226,0.0,0.0,0.0,0
14.785727776008086,5.472771720926728,114.1971500443266,0.09106410541331711,0,1198.1381257740784,14,9,13,51.747653637392176,0.0,0.0,0.0,0
13.328597365121755,8.774796913970146,91.05329264558767,0.017729521577247814,0,2256.8178212548123,15,1,10,235.23447948265746,0.0,0.0,0.0,0
143.76295024961962,53.415009947757355,210.8058350876544,0.3514448341548608,3,427.0381433942801,4,1,1,-1.0,0.0,0.0,0.0,1
24.259329800502393,20.856800905470543,140.57567906364477,0.1462630754561522,0,4412.422850789754,26,4,4,317.5590978148605,0.0,0.0,0.0,0
135.6178912578785,54.130354029616946,192.6922673175095,0.22863141850565735,2,546.4911818508938,1,2,1,-1.0,0.0,0.0,0.0,1
57.35156984617138,18.674697556428534,129.781432255306,0.02646400449036021,0,3109.351501260093,15,3,10,361.5963207139841,0.0,1.0,0.0,0
13.880732236572044,15.85068737064503,136.17424949182953,0.08854283144297395,0,1951.9861196800375,3,9,14,36.088870438831925,0.0,0.0,0.0,0
148.0698147274138,30.073249653459513,247.4345325754959,0.38605886013790314,2,658.057694329456,3,2,2,0.0,0.0,0.0,1.0,1
56.60808596068161,12.490723049020822,58.07792138743436,0.05809367605129949,0,2592.5807255155814,12,3,2,235.3660875473717,0.0,0.0,0.0,0
132.82146074272418,38.9871575793124,217.1518381651279,0.3640626711961086,5,397.87584687435964,1,2,2,-1.0,1.0,0.0,0.0,1
42.93916833553587,18.84553129035705,134.91956515653192,0.03745020132887789,0,1144.986737007031,26,9,12,244.51987456076432,0.0,1.0,0.0,0
48.53712654527758,13.549913007135183,70.62174050841399,0.11995781459472918,0,4332.707069619165,1,6,4,243.25901234729503,0.0,0.0,0.0,0
11.422869592196124,17.58709885257877,147.59831193924498,0.04968207219346821,0,2873.4172605692775,13,7,12,227.21829197064133,0.0,0.0,0.0,0
118.60308292897452,62.31647227485699,195.31853147583925,0.6510923847684575,2,443.53028587179807,1,2,0,1.0,0.0,0.0,1.0,1
52.09126821826313,10.980253592186921,81.6598060410569,0.10068323345194764,0,3646.1588943702423,10,5,14,279.18077298229105,0.0,0.0,0.0,0
32.971937330918934,6.5533172355670715,145.97268380389613,0.13184884616379752,0,4670.690320140411,12,5,1,101.02472973500777,0.0,0.0,0.0,0
51.96692461780012,5.076398453171662,74.68238692019023,0.11113560842281071,0,554.367320926767,1,3,8,307.58984428860254,0.0,0.0,0.0,0
16.970172100575233,13.373292269237453,138.1288007501636,0.08407974082432446,0,288.6010981268921,23,3,4,147.9074107692069,0.0,1.0,0.0,0
86.90069389134223,48.97943351696506,193.0531859307851,0.21449525091342508,3,583.6288097416042,3,0,2,0.0,0.0,0.0,1.0,1
21.03059763556056,16.964505881274775,123.56631142391899,0.14975212670894245,1,3230.697737699198,17,6,3,181.1007302013251,0.0,0.0,0.0,0
24.748120808187622,20.476515937846614,138.06608784415548,0.03916911923386204,0,727.7517867837688,28,2,6,48.14885031991386,0.0,0.0,0.0,0
187.45959872286653,53.777936906256826,196.0500676283793,0.702650617771654,3,148.3375077421475,4,2,3,0.0,1.0,1.0,0.0,1
41.239005034203174,7.338271443511828,127.04116367112732,0.12989489302512308,1,3339.1609663866384,1,8,10,98.44670649012667,0.0,0.0,0.0,0
14.23960080229016,19.326467761253646,57.208433599867334,0.010688509164788789,0,4784.681921582426,21,8,9,168.61063188489885,0.0,0.0,0.0,0
164.8667107928825,35.81406607805931,246.88983837393204,0.23070364171112068,4,305.2451572479469,4,1,3,0.0,1.0,0.0,0.0,1
43.3423695652829,11.460546915081878,139.79191869576658,0.13321772834010537,0,4509.756433667816,8,6,1,308.3780419306586,0.0,0.0,0.0,0
30.38701234648597,21.620726265453712,116.1000298820853,0.05921812637560708,0,4490.384571640445,11,2,13,33.78273773927532,0.0,0.0,0.0,0
52.23951801447809,8.915502228262724,143.2282144070781,0.037585693713322176,0,1459.0441977932805,6,6,6,45.325610512774574,0.0,1.0,0.0,0
51.6503107600543,18.963477214298102,79.14151386760486,0.050424038661677974,0,149.22769768619526,16,1,12,311.6610876366993,0.0,0.0,0.0,0
153.77177150504463,64.3423268685863,216.81911838587183,0.6293947656771355,3,32.058851818525596,1,2,1,-1.0,0.0,0.0,1.0,1
12.854738025494196,18.456517771161685,103.04242203272426,0.09941785991154954,0,2142.3777191595054,8,3,7,41.329396489580766,0.0,0.0,0.0,0
13.011347245014873,10.953005551365608,79.80662011700042,0.04806019292103223,0,3926.649083072301,22,3,7,103.51689204725473,0.0,0.0,0.0,0
209.4169969003783,67.27151334829878,209.28112390241674,0.4190712072586447,3,697.2931814425299,1,1,4,1.0,0.0,0.0,0.0,1
35.160960359148106,6.355927916562251,122.3580700439981,0.12089551930064307,0,3337.4224094525844,21,3,9,308.99482703586915,0.0,1.0,0.0,0
32.26473861876052,11.920048259445528,95.12054082123964,0.1122838478506015,1,296.3476231134489,3,9,4,170.96948393389093,0.0,0.0,0.0,0
183.0872694584577,65.10116940945218,251.6195382321274,0.6708740953624766,4,558.4210723594948,1,1,2,-1.0,0.0,0.0,0.0,1
46.3509263507067,18.858404584495773,148.73684723122,0.03377415363238978,0,3067.9254459650983,24,1,8,274.40632970923053,0.0,0.0,0.0,0
147.37602646005757,41.25982641126234,211.00307219062645,0.7566772177581189,4,201.14279851100179,3,2,2,0.0,0.0,0.0,0.0,1
150.2364127238914,37.81356044121316,204.65822183264305,0.8481411188612968,2,561.6588610173294,1,2,3,-1.0,0.0,0.0,0.0,1
18.785762291841294,16.942332400310068,92.41850557459762,0.06700330826169973,0,4134.417634524025,21,4,1,315.3435100334714,0.0,0.0,0.0,0
203.10214652251025,67.01642423776792,214.62921886250183,0.839831392456247,3,98.83603185449122,2,2,4,0.0,1.0,0.0,0.0,1
105.56559776066038,45.238090061335,227.71694005737226,0.6764806708295293,3,68.40340826042578,3,2,3,0.0,1.0,1.0,1.0,1
97.35766701837429,66.63308135101157,207.70319559707985,0.8012787762819633,2,525.8101061059007,2,2,2,0.0,0.0,0.0,0.0,1
125.61450307479564,33.227390251194166,228.8504955652133,0.8310793183877769,4,779.9522622779768,4,2,2,-1.0,0.0,0.0,0.0,1
16.85055143442142,9.037921122657798,90.81646649015549,0.0613217118588473,0,785.2984999744057,29,2,13,176.53238839928935,0.0,0.0,0.0,0
50.08212949156837,13.830680207577938,99.0613575898199,0.12731513779219714,0,2477.749322172934,15,5,3,148.90634980509014,0.0,0.0,0.0,0
110.40149697692624,67.17493095582165,183.2300569729573,0.7405105473180253,4,667.9641497987673,4,2,1,-1.0,0.0,0.0,0.0,1
12.006969408270509,15.931885269944893,58.82781929684094,0.14937846437672433,0,154.34926912125792,19,9,1,62.38043082965985,0.0,0.0,0.0,0
52.62788909507768,19.21769433364638,140.69428088348337,0.01985585685524587,0,3015.6468959496096,22,6,4,272.23891409885937,0.0,0.0,0.0,0
53.67777881135444,11.587561340684353,108.77954050663722,0.12709451183032408,0,138.89142556324725,13,5,9,159.48852429554967,0.0,0.0,0.0,0
12.624609197651495,13.54845604738873,143.18257230616197,0.04288806624594479,0,554.5723366439123,23,6,11,150.9264550281307,0.0,0.0,0.0,0
160.47946381077372,53.31612319810635,228.5357009497582,0.503061283098146,4,252.84923873152476,1,0,0,2.0,1.0,0.0,1.0,1
26.387361294806407,7.312112212230244,88.86309456071027,0.005583255685399374,1,3381.9011732164167,14,1,9,172.64156669982572,0.0,0.0,0.0,0
13.490032730731446,16.093754195601726,124.77943497593725,0.12153878800492969,0,1060.624467882803,22,6,1,243.73261593515082,0.0,0.0,0.0,0
31.640800110473464,5.877998852860102,66.5749779820156,0.06683124581128363,0,297.3961918654097,1,1,10,289.4971490088099,0.0,0.0,0.0,0
55.48068984414561,5.500726724748876,94.82388465553964,0.09161720341169209,0,3873.4182245100465,15,2,5,44.984912705521786,0.0,0.0,0.0,0
198.1392881482763,76.03442205848478,216.43675253634757,0.6157972663945288,2,210.0464129355778,2,1,3,-1.0,0.0,0.0,0.0,1
26.81968617014547,15.380433871571116,147.92632914045163,0.10445436487995458,0,1241.3738691431327,10,1,0,190.46826948639412,0.0,0.0,0.0,0
58.41140254808718,24.083113388874,127.3276222666815,0.1398608244219927,0,4483.136790456348,18,8,7,292.7528341484431,0.0,0.0,0.0,0
33.80293847509984,18.784880399240464,110.77098082270047,0.08072056015663273,0,1504.1212714855624,11,8,2,58.62014844682189,0.0,0.0,0.0,0
126.89041741434788,72.33555611662595,238.07184677858703,0.6190944648976071,5,570.3229398960384,1,1,0,-1.0,1.0,0.0,0.0,1
153.49898594379854,69.31169916354008,220.52728543379075,0.411934157687014,3,607.8813372014569,3,2,1,0.0,1.0,0.0,0.0,1
182.54301622142287,35.71649973314177,200.51786801664556,0.5710465429593807,3,622.4169406149953,3,1,4,2.0,0.0,0.0,1.0,1
13.870583711264652,9.484196244176864,117.36624198934342,0.13420527915362754,0,4071.6331020169405,12,9,12,86.72564139880448,0.0,0.0,0.0,0
218.64565323376118,66.9020902507103,204.55091560492625,0.7376831200563778,4,232.49227674923085,2,2,3,1.0,0.0,0.0,0.0,1
25.339714155505064,5.720747549983749,143.27791246877345,0.05177697574434457,0,2484.6915133960797,12,3,3,359.6235456568291,0.0,0.0,0.0,0
50.5234108607733,10.453012946249693,123.1562119561134,0.0558180322862548,0,386.4678341060483,17,5,9,324.9003895081236,0.0,0.0,0.0,0
10.792592111593816,19.59847038571642,138.8746516813813,0.009251187543143618,0,1063.3612970524946,3,5,4,51.89620238138334,0.0,1.0,0.0,0
31.920943235095574,6.325093939083999,145.70069178193546,0.11895925813553214,0,4912.855515432706,16,2,8,334.1636059815943,0.0,0.0,0.0,0
55.16984002516908,23.913123307641683,122.69322966314722,0.10863087340439236,0,2735.086458965073,28,5,4,111.10393868147878,0.0,0.0,0.0,0
202.18226776844892,44.06678704032075,187.14135593020563,0.36472817529440793,2,264.71351122962847,4,0,1,-1.0,1.0,0.0,1.0,1
56.78441887738129,18.313474724585824,76.509140192745,0.08558400776113469,0,2804.27469900514,23,8,7,68.89684444594793,0.0,1.0,0.0,0
134.62149411073761,43.07054740990533,219.6783904080797,0.34957970427929347,2,713.6111948179555,4,0,1,1.0,0.0,0.0,1.0,1
130.83610950436736,48.16973518616712,203.17746860933585,0.5555130043644196,2,38.91609495993521,3,1,3,-1.0,0.0,0.0,0.0,1
25.84520688603124,10.335890988676617,100.5925800146394,0.11665918651016896,0,4232.077222782017,27,6,0,66.74555226552843,0.0,0.0,0.0,0
215.17799200696615,46.94541016418614,228.6082940843229,0.5654451123987368,4,694.2805580995914,1,2,0,1.0,0.0,0.0,0.0,1
48.23248057951786,20.570285897051146,127.01116522302854,0.03394239409405015,1,4976.151497093447,26,8,12,96.18532650656218,0.0,0.0,0.0,0
56.50854827192123,21.88497404811637,117.58477464643364,0.020867377333663128,0,4383.78057143545,5,1,7,277.7787934415358,0.0,0.0,0.0,0
42.593247383359376,19.85706462228793,52.29021614649123,0.14384510192358693,0,989.4055224845599,16,3,10,354.3387115576958,0.0,0.0,0.0,0
188.74757719135027,39.46684725894889,234.42719898494303,0.4868294454167261,4,648.7587761153663,2,1,2,2.0,0.0,0.0,0.0,1
33.035021906857864,21.135634247051563,86.31912463541383,0.12873968227676202,0,438.66602902095184,24,6,4,278.58499933267314,0.0,0.0,0.0,0
20.53965507750143,9.587315540753448,96.91072110475787,0.04028432511804639,0,879.0808910158331,5,4,2,359.6358987848592,0.0,0.0,0.0,0
57.48010735168158,11.58154833780064,59.487071267517976,0.14952733317891298,0,4263.726351063056,29,8,0,64.62012598686583,0.0,0.0,0.0,0
11.35837106127799,6.3040918252098415,96.39313768123327,0.136383030879234,0,2514.1719147697368,6,7,3,164.8693390195642,0.0,0.0,0.0,0
15.68230193483597,5.078367499021866,149.9460681059673,0.12034105457212166,0,2573.1440726764895,23,3,11,214.666013895767,0.0,0.0,0.0,0
217.4658676269197,69.8569420035196,238.29882171107906,0.42273073139923895,4,99.33974825535412,3,1,0,-1.0,0.0,0.0,0.0,1
192.86071496462586,35.750605471626855,247.11804035115847,0.32044765429055744,2,135.10003949788006,1,1,2,0.0,0.0,0.0,0.0,1
26.622385912381915,16.826851795972836,121.56392360669594,0.13335631765352418,0,3061.12968911262,14,2,11,195.80470845541504,0.0,0.0,0.0,0
13.417380909484557,21.52797547489267,76.1929244848229,0.10332777934509975,1,1732.1437721335722,28,2,9,114.1195547396551,0.0,0.0,0.0,0
196.49809615255816,66.84137701138116,243.7250546364322,0.7984961392522909,4,216.7983080145328,1,0,2,-1.0,1.0,0.0,0.0,1
203.79342431185182,50.04315897431903,242.45677919032784,0.6365826073724017,2,735.2575802063443,1,0,3,0.0,0.0,0.0,0.0,1
56.32938125807472,14.842325861590764,75.82443882989584,0.0688703634357392,1,2488.4595652647045,13,3,14,47.04109849738697,0.0,0.0,0.0,0
81.16106332129998,45.26965000376919,225.70445372847922,0.7088260034343234,4,46.397774165586256,3,1,1,0.0,0.0,0.0,0.0,1
29.307795929691057,24.087938040669485,141.06430158345455,0.14434511236683598,0,1027.494239244131,26,5,1,182.36072037954813,0.0,0.0,0.0,0
181.10640574659442,72.7438858403791,209.0422184717227,0.2745310839922742,4,403.55304839300277,1,2,1,1.0,0.0,0.0,0.0,1
11.989856366782627,16.95364671046918,136.9695884851634,0.13362482224344502,0,2323.5532566547154,21,2,5,268.94165634929897,0.0,0.0,0.0,0
168.0788448863359,30.33702817945336,253.65362992430641,0.31083563305404305,4,575.4695995908172,4,2,4,-1.0,0.0,0.0,0.0,1
26.567350355152538,14.64082116224165,69.6097712738393,0.09161701066136524,0,1074.6132632702127,13,6,0,2.7973719169672444,0.0,0.0,0.0,0
156.86741158007368,42.4274778973898,219.11572745761362,0.21533656401108117,3,462.37203032003293,1,1,4,1.0,0.0,0.0,0.0,1
42.10067923376206,14.230579170801034,80.52643016074359,0.03334773138213394,0,2075.4874048630036,22,2,0,120.61340963080636,0.0,0.0,0.0,0
202.90930571266583,69.30880524621242,244.31156679178014,0.7201668415478928,2,451.44814119017565,4,2,2,-1.0,0.0,0.0,0.0,1
39.25499492724931,9.297423476982692,138.90962427162395,0.1490041282582115,0,4318.145560097312,26,3,1,28.29896523734798,0.0,0.0,0.0,0
58.50286800190347,13.634059573128381,146.93496144198252,0.021048527965173914,0,1044.821462316636,4,3,6,332.90352529988206,0.0,0.0,0.0,0
33.79633486824817,24.086919032466017,74.73513718177428,0.1097468855879832,0,1524.3443743821078,8,1,12,291.5208903895823,0.0,0.0,0.0,0
154.19556307977803,61.25351456886247,243.38414586875717,0.7915067086892311,3,80.05043551144061,2,2,3,0.0,0.0,0.0,0.0,1
56.371141824138114,15.419827772987142,98.75984380495609,0.08674936540564562,0,579.0727066808054,8,9,11,115.83424051409366,0.0,0.0,0.0,0
44.48507674309343,19.49741707159761,119.81169240835236,0.046645953207454995,0,1398.7125609638251,2,8,11,3.5406295469104103,0.0,0.0,0.0,0
13.106288536004786,20.331145887335065,121.92114476337886,0.13225690071979454,0,382.6279752242501,23,9,9,61.003332319459524,0.0,0.0,0.0,0
36.0115244551545,18.541875695672886,127.85158800616635,0.01965219279756984,0,219.7746114513928,2,2,10,337.4404132125293,0.0,0.0,0.0,0
43.78314511035365,12.918744523918997,125.62537914224343,0.0681275494105059,0,4676.9130816670895,23,7,1,213.35823633970224,0.0,0.0,0.0,0
35.305197817967354,23.640286845138682,82.06421921595143,0.08908246463368481,0,2298.6264624845435,5,7,9,361.33548482233,0.0,0.0,0.0,0
103.69706510015867,54.81029399750041,229.74107454738422,0.5232865481408665,4,62.48888913614124,1,0,2,-1.0,0.0,0.0,0.0,1
127.26798679090125,51.5409844079322,217.74825231607116,0.6925855961197955,3,271.1843563953745,4,1,0,-1.0,0.0,0.0,0.0,1
144.30094349478702,78.22492624319705,196.42338382381786,0.5821066703993114,4,662.1959465828514,3,2,2,1.0,0.0,0.0,0.0,1
205.16075806238428,32.79739732993103,224.3609914555806,0.44211462112767064,3,708.8112530668761,1,1,2,-1.0,0.0,0.0,0.0,1
186.0017958391707,49.091363471693235,191.49005823333297,0.5237683909968606,3,305.43499483876906,1,0,0,-1.0,0.0,0.0,1.0,1
193.34121686396037,68.02925853387683,241.5225446461969,0.3237791512033452,2,243.6438408381887,4,2,4,-1.0,0.0,0.0,0.0,1
201.7622469152116,58.632705271283925,212.55085584829715,0.8333475086841795,2,217.54723396971477,1,1,4,-1.0,0.0,0.0,0.0,1
45.98472857304188,6.884807009544948,113.3767659798496,0.042954910183073784,0,2721.0984604790933,4,8,6,8.237939249306569,0.0,0.0,0.0,0
42.140329554308686,20.654913485027734,143.74811723991047,0.10378910448998879,0,1255.040952988783,12,9,10,26.470645688385716,0.0,0.0,0.0,0
161.5020702860881,69.7593987548133,181.23050701963464,0.47241179586095616,5,468.05706216382316,2,1,2,1.0,1.0,0.0,0.0,1
54.51993945402759,23.317812694734062,77.77156392405726,0.02818349254087711,0,3769.2902641507385,20,7,8,121.93818435751425,0.0,0.0,0.0,0
129.8316665559652,32.0943015227551,200.92632628240247,0.3916566032551531,5,288.17164563404503,2,2,2,-1.0,0.0,0.0,0.0,1
37.20910771156504,8.087235397918008,75.09864855231814,0.11077259582791586,0,1432.3631263028994,6,2,12,264.3347931750551,0.0,0.0,0.0,0
28.547732320451026,8.625165832597633,142.46474785591562,0.015539572499621922,0,1604.3392301038825,10,4,9,133.70064802075373,0.0,0.0,0.0,0
30.267116188664346,8.678209302469298,85.9173587878756,0.057502745139783366,0,3021.4376915058924,5,6,12,274.12703096122715,0.0,0.0,0.0,0
186.6712885224552,39.60313075411062,203.63050962103742,0.26186111600673284,2,707.714957378659,3,0,2,2.0,0.0,0.0,0.0,1
96.37236600903125,49.075993015299524,197.51199587323129,0.2653455080110424,2,626.2564048181994,4,0,3,1.0,1.0,0.0,0.0,1
41.303864552806594,13.315908787391384,146.47525328318306,0.110249465744186,0,3735.9256470775395,14,7,8,25.621763163815466,0.0,0.0,0.0,0
22.09885651585227,24.212539510263994,69.69257044534284,0.14271447155427483,1,3573.0278884429413,26,9,11,94.73275085927297,0.0,0.0,0.0,0
43.96577699830017,7.81658334862229,94.37593777803355,0.04881991503699635,0,4174.308589246245,27,8,4,43.74184146253941,0.0,0.0,0.0,0
47.33733862562971,16.253335613126662,58.33025831117964,0.027837035517533307,0,1326.4280555419823,19,6,8,349.638081074904,0.0,0.0,0.0,0
89.34865934974766,30.715364252331103,246.72207524304633,0.5184454725429215,3,231.15083958791084,4,0,3,-1.0,0.0,0.0,0.0,1
195.9075932606922,52.101516938608505,251.25480034850142,0.5588137986521999,3,77.95578228158949,3,2,2,-1.0,0.0,0.0,0.0,1
147.83124467192795,74.97885287065549,246.49788828016497,0.2521178396144604,5,70.79435804997036,2,0,0,-1.0,0.0,0.0,0.0,1
23.277879900620682,21.135471392975347,75.18067660508815,0.12356195819262006,0,4337.609358901696,19,2,6,59.62437415625212,0.0,0.0,0.0,0
50.15378211688724,13.63610201571824,128.580848424435,0.06936852255977219,1,2457.5418990844805,18,5,8,210.16160197463523,0.0,0.0,0.0,0
46.86138386249134,18.994261543086743,74.62707341031732,0.13551116337941893,0,4914.306785977062,17,5,13,106.02482011648793,0.0,0.0,0.0,0
49.50416249857189,17.32581496708289,54.4860557627717,0.09338204856934225,0,1875.1895195806874,23,5,8,42.25241687990849,0.0,0.0,0.0,0
175.05002775245262,74.4694046211616,230.592573834524,0.7380792588236813,3,64.44934486266477,4,1,2,1.0,1.0,0.0,0.0,1
29.94107634620287,15.442529868643538,90.15417380052824,0.04507331379489583,0,1396.412739968399,12,5,9,181.7222508877265,0.0,0.0,0.0,0
105.75698966552723,58.129052688233145,189.99423793747587,0.2114092664129029,4,522.3018400774009,4,1,3,1.0,0.0,0.0,0.0,1
138.54869182611642,36.840099035157095,243.62867279914923,0.8302532217744285,2,249.7936057752344,1,1,3,1.0,0.0,0.0,0.0,1
110.25892501454071,45.59543813931619,212.93099897533418,0.37668615260753663,3,17.581349150676083,4,2,2,-1.0,1.0,0.0,0.0,1
16.34722068774863,7.465675585978937,101.8561688665734,0.03687711637401004,0,4948.051400252396,15,5,10,17.145141750821026,0.0,0.0,0.0,0
12.483074572985943,17.47038390348309,56.310636911554624,0.04869137527652423,0,1719.4711354684202,6,5,8,86.36257068824017,0.0,0.0,0.0,0
48.122934287034525,22.53531273523499,84.20817487159076,0.12318859570080193,0,4239.938844085865,24,4,7,183.3352468238235,0.0,0.0,0.0,0
142.20962861766583,76.002442821802,239.62396422130917,0.4788273017301863,2,695.9606138822556,2,1,3,-1.0,1.0,0.0,0.0,1
15.619296614576292,10.370098345056707,99.24017592043357,0.12550945292156787,0,1420.9253597168188,13,7,13,86.94644394859989,0.0,0.0,0.0,0
37.128666348297784,18.0717354008884,77.39887815430181,0.08895842849510364,0,710.0551132160334,18,4,4,105.57402452917889,0.0,0.0,0.0,0
21.5187411183012,16.588112621733092,129.81708026178453,0.11799195918268528,0,4944.364009176596,27,9,2,256.6455682999305,0.0,0.0,0.0,0
123.54724767338412,69.88532867436884,188.261522968472,0.5698472925573863,2,496.45227046168446,2,2,2,-1.0,0.0,0.0,0.0,1
24.545340366494337,23.46001678779767,82.58354395041454,0.11727602867594816,0,3365.356066828526,20,9,12,245.94216320374346,0.0,0.0,0.0,0
10.4549090640388,6.508243519855766,75.03587295708554,0.10039731245452525,0,2326.712658905116,19,4,9,354.252454815901,0.0,0.0,0.0,0
189.9517960395525,30.799857352037055,183.57307075595534,0.5573954287479737,5,280.42979876736786,3,0,1,0.0,0.0,0.0,0.0,1
55.9095886614867,12.626716342445686,126.51902029810299,0.08965305449152511,1,2021.9694945141814,14,7,7,245.91530959889786,0.0,0.0,0.0,0
38.25088844530553,14.364528081852647,138.8325814702622,0.11500467357502236,0,4075.6483916857387,12,2,3,97.25783490097058,0.0,0.0,0.0,0
34.2294041598809,23.52962201422806,85.39717479788638,0.10867830035014393,0,55.76013842349323,26,2,13,186.28702341953468,0.0,0.0,0.0,0
53.40490799335314,22.625013633637796,85.01865243319611,0.012488648707594818,0,1591.9858801192308,11,8,6,177.12236095505688,0.0,0.0,0.0,0
114.75613597021825,76.6966725427487,197.0360944836491,0.6855251608771236,2,507.55261535654034,4,0,4,0.0,0.0,0.0,0.0,1
25.12632706023563,18.870278471499383,50.89127841717489,0.028294726517398165,0,376.1413396104025,2,1,6,129.6095897225643,0.0,0.0,0.0,0
116.11252926095506,46.93881725047652,192.25316804640772,0.46224410493637025,5,187.29723615498222,2,0,4,1.0,0.0,0.0,0.0,1
34.14256372050524,9.245712833371826,61.55583766806318,0.12546313844784593,0,121.18711812155722,27,7,6,72.71518533053292,0.0,0.0,0.0,0
57.71084084173534,16.962357570710715,125.43547925485487,0.10707129745151685,0,4749.172503800024,29,7,6,317.74799903364607,0.0,0.0,0.0,0
46.70622718284843,7.081519128364939,128.93334823405525,0.0798495903880654,0,3296.0976438316916,16,1,3,347.8729551156777,0.0,0.0,0.0,0
184.49670122520243,67.48710351171056,194.75317839153308,0.20043857416628746,3,736.0646804792422,2,0,1,-1.0,0.0,0.0,0.0,1
35.04846509294342,12.499290981490585,112.58583970701171,0.11903867958034853,0,2806.1520026471994,17,6,3,297.1344206722124,0.0,0.0,0.0,0
35.284837189068696,6.240828339131086,57.115567887790974,0.08607987745156444,0,4396.265888580062,28,5,8,334.9031985236168,0.0,0.0,0.0,0
15.61398029195372,13.805800920173922,143.18832818364257,0.02178175300720058,0,1556.1595183546465,21,6,13,53.76499118484095,0.0,0.0,0.0,0
130.54518095326569,58.52427771785917,245.91541412674616,0.38390952644642296,4,140.07501865239644,4,0,3,0.0,0.0,0.0,0.0,1
57.981307689486556,12.14939291003483,56.58940182119196,0.025058350420317854,1,2836.914068699732,10,4,10,93.80198338849586,0.0,0.0,0.0,0
42.38018306802445,22.971663608155094,95.01898259776145,0.11629998398838187,0,823.1725697324339,6,2,2,230.8044798675115,0.0,0.0,0.0,0
34.84817414529151,24.84316029646625,135.14249577450957,0.03127657715360037,1,626.0136695331066,18,3,13,320.46062696245036,0.0,0.0,0.0,0
18.446753153608228,10.571806780639172,67.70104842767468,0.013305380063558341,0,2330.8549017619926,26,2,0,183.74730386202276,0.0,0.0,0.0,0
51.04596068065001,13.577687787894204,68.89856599711752,0.042269602559473866,0,2620.0745242871276,4,8,12,212.89581195577026,0.0,0.0,0.0,0
48.72428015598955,7.688668547391,96.77206159711508,0.09088452227692245,0,184.17792906435386,4,2,0,40.85612101919807,0.0,0.0,0.0,0
211.93220201035206,57.58261619096179,217.15348629644853,0.4179980453474915,4,435.18502071405226,3,0,1,0.0,0.0,0.0,0.0,1
23.296896248211947,12.206901904105365,75.99498628542626,0.06798612702432465,0,1434.8293604862813,21,4,12,249.92687798216593,0.0,0.0,0.0,0
29.463173149088504,22.665366944257695,59.14250741630032,0.08143710155165254,0,2377.5499997629827,18,9,1,324.8859248284996,0.0,0.0,0.0,0
52.35060176945418,21.558241242981286,88.28242079635038,0.08836781039703548,0,1243.9735344087137,17,2,3,221.50382984733892,0.0,0.0,0.0,0
29.65852172821321,12.755286570594995,78.6866874982794,0.04028694064994499,0,395.81650738907535,11,5,1,240.65476671416053,0.0,0.0,0.0,0
18.871582612479912,14.549761009248554,99.45977706694649,0.0734897629867291,0,1325.402263806218,22,3,0,47.859241473522445,0.0,0.0,0.0,0
55.762717083455314,24.174048148156924,55.78638977577074,0.05917826979121948,0,1711.5173207449677,26,4,9,141.71796015630335,0.0,0.0,0.0,0
21.681238182428327,13.191218545250186,128.0084023734965,0.11568372229356054,0,4615.005424866557,15,2,8,52.900372394967704,0.0,0.0,0.0,0
169.56804094195502,59.26271131190913,193.3302115966153,0.22183557290167988,3,347.7425021026003,3,1,0,-1.0,0.0,0.0,1.0,1
128.7767579324342,55.21319263549727,218.5902674019005,0.84479663061069,2,543.4929317837922,1,1,4,-1.0,0.0,0.0,1.0,1
179.14101464627498,42.0568508855002,246.501801998759,0.6146361238820575,5,784.5790807183322,3,2,1,0.0,1.0,0.0,0.0,1
14.232130360612569,5.929920793826087,61.09562610343367,0.0515560638203427,0,981.3272896865743,15,5,13,100.76742466533479,0.0,0.0,0.0,0
25.822728826672883,11.84372811517315,69.44635191823137,0.0842922164989859,0,467.63593737059995,6,8,2,185.9707387268337,0.0,0.0,0.0,0
43.81195926500554,9.615367799607085,129.10298770117512,0.08870372134895296,0,2419.4996475289263,13,2,1,11.739303366623348,0.0,0.0,0.0,0
157.26090901682986,55.33789090118845,203.87439097922004,0.36684893801294105,2,225.63434543597222,4,0,0,-1.0,0.0,0.0,0.0,1
144.797558306283,55.1444028392834,195.25897878969207,0.787432267051063,4,547.9721639276438,1,0,4,-1.0,0.0,1.0,0.0,1
52.289423335934366,11.4849979127723,109.32377215654174,0.08084431790346315,0,3715.3000221764146,25,1,14,295.4669238699699,0.0,0.0,0.0,0
37.840063122917506,23.72309548321562,119.6029796674973,0.08550917551340474,0,3094.2857721608902,22,7,1,92.76973191045465,0.0,0.0,0.0,0
115.61786291898218,50.44459173526957,244.67171809463463,0.4323187875601282,3,432.536927035044,3,2,4,-1.0,0.0,0.0,0.0,1
12.954694503912663,22.976947763604947,115.07685475587473,0.13113400862075272,0,886.9512982621629,2,8,13,168.0307689887031,0.0,0.0,0.0,0
109.92543502192764,76.44753348745428,181.71584589164277,0.7988262687025471,3,622.0462720451762,4,2,4,-1.0,1.0,0.0,0.0,1
46.24905849620262,15.77626018079238,56.06289260664682,0.1034999605963415,0,4656.503683990358,20,4,8,163.4008002748027,0.0,0.0,0.0,0
89.80384138998052,63.20393689210366,219.60482742064306,0.7379577965853938,2,164.07131816728213,4,1,4,1.0,0.0,0.0,0.0,1
58.90170944428425,21.59844625966981,115.90341330833238,0.11039947324957715,1,4800.772916781765,3,3,4,321.04058172866513,0.0,0.0,0.0,0
40.64886707946802,24.71267240175408,138.23965347663636,0.14348458928417535,0,572.5994289863436,24,7,1,289.5288325697626,0.0,0.0,0.0,0
13.576941094518821,11.50103047219175,73.2779684437479,0.0397396329333609,0,1019.3339918330307,29,1,1,90.16298267697825,0.0,0.0,0.0,0
19.312246914988737,14.70689794268836,133.01772429995873,0.14259176621143355,0,1801.8330526984944,20,7,11,160.20169017527718,0.0,0.0,0.0,0
207.7580880630124,72.24143124772908,234.84931325058284,0.6771493452008586,2,223.96046977957596,4,0,1,-1.0,0.0,0.0,1.0,1
43.08336298145945,7.824470867462989,107.08774168394763,0.027790553307498553,0,1132.613511601737,13,6,1,329.66463427456665,0.0,0.0,0.0,0
21.973238976723337,22.348082264491353,82.70996654000793,0.04935942253513643,0,958.6363951935482,16,6,1,129.0778200461403,0.0,0.0,0.0,0
59.12344228933469,19.95343540160316,107.57618837162312,0.12762189997051832,0,125.32182197033713,4,2,4,302.7325895587599,0.0,0.0,0.0,0
29.754426117831642,23.60961639159734,112.63010947738658,0.01259335546063524,0,1380.9305042404985,29,4,10,198.81115410340146,0.0,0.0,0.0,0
118.52647013985583,69.88951530031247,253.04835713154338,0.4262266957917157,2,38.88696454819565,2,2,0,-1.0,0.0,0.0,0.0,1
21.878292169174244,11.849451124716577,106.7439251264473,0.04274524163659674,0,4087.3277666499143,4,7,2,211.0626535479023,0.0,0.0,0.0,0
46.95514287329462,10.968698764351512,94.81308598747677,0.04869048051688971,0,2114.0935862533497,12,8,0,20.31814331051268,0.0,0.0,0.0,0
18.622053964661536,21.31418540004146,90.32604212224871,0.1403318309267649,1,618.4037070207789,21,3,4,231.4932195669694,0.0,1.0,0.0,0
18.53914793910723,9.218331122813597,126.39555303101378,0.10600412460248972,0,4430.051537592527,12,3,12,158.50481246820536,0.0,1.0,0.0,0
28.609344853404913,18.45546629458215,142.45702196867336,0.12246960890877577,0,2198.08529716517,6,6,1,171.63409125453103,0.0,0.0,0.0,0
97.9146046242556,70.97333757472109,210.8832967921768,0.42613106157280844,5,742.1746594874305,4,2,1,1.0,0.0,1.0,0.0,1
17.866314000091414,7.37748782354144,126.47191414762791,0.10065829257898716,0,2769.0833688265147,17,3,9,59.50789798003071,0.0,0.0,0.0,0
57.344801267102106,5.641290429683423,54.55809870781826,0.05167710083490301,0,2422.416597454747,10,4,8,71.69764681155021,0.0,0.0,0.0,0
15.673681881371955,15.933589997775739,120.92971369176652,0.007505375465213509,0,4023.261855394299,2,5,9,212.19879337966984,0.0,0.0,0.0,0
27.29387303689287,8.089194944466476,52.54477599057509,0.09687335794297264,0,1735.9906245773936,27,1,0,247.14903350327842,0.0,0.0,0.0,0
27.753199808244208,24.559522387059353,120.38526851328459,0.12470862616006186,0,1217.8045468432492,23,1,13,26.60823453883873,0.0,0.0,0.0,0
45.44821335618887,23.122018573608514,63.77340988878086,0.008152214752298558,0,760.9258214406404,12,2,1,111.65160684045476,0.0,0.0,0.0,0
168.04228583922549,30.60418727572144,233.3345191160208,0.5919943707893229,4,724.6818842897065,4,0,1,-1.0,0.0,0.0,0.0,1
55.727913884407904,13.377413244920945,115.65330699030018,0.024832976966204078,0,3175.9205780338134,15,6,9,318.1027160612094,0.0,0.0,0.0,0
31.67064219625584,7.522321414892666,93.729601716689,0.10981473837016974,0,1438.2794099166338,11,9,9,163.2936352628946,0.0,0.0,0.0,0
47.58102754224068,12.735404172059152,139.8706829574793,0.02658335749597045,0,2779.1208363604264,20,8,7,312.5689723169307,0.0,0.0,0.0,0
45.87684317563135,11.33075462669918,128.20645215724312,0.02629825175678987,0,3335.8600209889,25,8,1,318.6824364472595,0.0,0.0,0.0,0
11.587188268649431,13.46670288306395,58.456537809723784,0.09102704333102087,0,4420.428341767674,11,7,12,356.3082458706506,0.0,0.0,0.0,0
103.10862617142706,48.915245649174025,185.1914000557041,0.6666066980152059,2,235.24946657806734,3,1,2,0.0,0.0,0.0,0.0,1
15.28894534470335,10.558440215387181,139.03144562136512,0.08249826237989294,0,409.7766714120142,19,1,12,233.28782941494816,0.0,0.0,0.0,0
57.67675489257544,22.63231279755995,108.44997955307903,0.12506879263782408,0,438.8612630724494,11,8,11,129.54750122010867,0.0,1.0,0.0,0
28.673428599152448,19.857561514367013,99.00425201695774,0.06453427551031231,0,2183.97711236041,21,6,12,161.15432422646575,0.0,0.0,0.0,0
170.87504005113863,78.26665321157456,232.58973521770633,0.6165843254773788,4,324.98425698945397,4,2,2,1.0,1.0,0.0,1.0,1
17.845131207306004,23.95130252648086,126.68488978177731,0.040243080064165895,0,3621.1733276923815,11,8,8,188.045162540448,0.0,0.0,0.0,0
144.9155176916285,55.24557077209039,206.61175350324947,0.6520744013794579,2,413.1684102031368,4,2,4,-1.0,0.0,0.0,1.0,1
27.712300159462213,18.23306400934502,149.94963504187217,0.03946045707503117,0,3497.367073875955,28,6,5,261.0614515211611,0.0,0.0,0.0,0
52.96552896163862,7.693496359839928,134.76451466520427,0.08890509567568489,1,4386.393615608905,11,3,14,304.7859358623991,0.0,0.0,0.0,0
38.84680616724198,8.096827892949099,85.61939434613794,0.10455195209013944,0,1962.9896934232795,25,7,6,2.1406256788138753,0.0,1.0,0.0,0
146.8710528357612,33.094010562309954,214.08261499310885,0.3869137173089543,2,185.68144834148333,1,2,0,-1.0,0.0,0.0,0.0,1
108.34910649221176,59.75838341090206,207.25438424097672,0.308412363618521,4,671.0785648070773,2,2,0,-1.0,0.0,0.0,0.0,1
42.986576613037855,11.471552080790238,84.12020723921535,0.09928765952368894,0,4069.56480047867,27,5,8,18.900957039219616,0.0,0.0,0.0,0
162.17237908788326,37.79194924020592,195.79624038696463,0.36914561367297644,5,609.9221225196036,2,0,1,-1.0,0.0,0.0,0.0,1
12.767990846920476,15.762420200796264,57.05500637098946,0.14010494866959589,0,3306.852060462732,10,6,5,353.66470496861626,0.0,0.0,0.0,0
45.131355316182606,23.855440022105533,76.70609402393602,0.06602163098069053,0,3067.9831684014907,7,3,2,186.22881593861752,0.0,0.0,0.0,0
58.29968712041631,24.270991987817013,94.37152691202395,0.11926311909903893,0,2761.667344387773,7,3,12,161.2745518184578,0.0,0.0,0.0,0
142.1779889540217,73.70217477726233,235.36034526160705,0.4337151360555761,4,401.2147935651293,2,2,3,-1.0,1.0,0.0,1.0,1
54.84391209149739,11.45719888338905,58.81546442522991,0.008722954198477517,0,3665.659657050772,18,4,1,151.45985330391966,0.0,0.0,0.0,0
31.590354755388862,20.635596518574527,98.41730321634074,0.1191021675398944,0,1743.243701554899,12,4,0,68.43912684842782,0.0,0.0,0.0,0
22.58942266734422,12.406403509010444,52.02362326399504,0.07859897511970007,0,2649.9898009109165,9,8,6,189.87763139624266,0.0,0.0,0.0,0
98.84787139023766,67.13199165729654,201.66522970719657,0.7742522078228602,3,145.6614175049267,1,0,4,1.0,0.0,0.0,0.0,1
142.70604502007362,71.92830707189407,253.4598337279134,0.6405564662331558,5,116.94034119737188,1,2,2,0.0,0.0,0.0,1.0,1
187.99190904211133,59.448771738076005,200.62193327976775,0.8096925430193365,4,776.6765506890081,4,0,2,-1.0,0.0,1.0,0.0,1
123.26759388004896,40.368899021817086,210.67703406859863,0.3270766836277598,5,132.0564310812897,3,0,1,1.0,0.0,0.0,0.0,1
182.89937003701903,33.63460029593982,183.11098971708392,0.2661477677583876,2,442.43117444085374,1,2,1,-1.0,0.0,0.0,1.0,1
59.55282543695435,7.039050991605549,90.46450284400993,0.009367129679626118,0,507.1119027798896,27,2,8,245.59208880053725,0.0,0.0,0.0,0
49.51299519708469,10.915056692406589,99.56539208832471,0.06316783566511223,0,1195.176130340745,9,7,9,105.80644802985877,0.0,1.0,0.0,0
136.23042441589806,61.209808623205156,203.69120323293126,0.6278924098887619,3,287.1843948423256,1,1,0,-1.0,0.0,0.0,1.0,1
165.33022349468135,44.826721467740626,242.54312804433894,0.30778948442567095,2,161.36665243964052,4,1,2,1.0,1.0,0.0,1.0,1
57.00899173646207,22.841487021872414,103.55219160859636,0.08153933623669381,0,1965.8975590776904,4,9,3,151.8362069109632,0.0,0.0,0.0,0
196.2200711073632,78.57460282366068,206.18665511008888,0.3891177766088838,4,622.5098949532063,4,0,4,2.0,1.0,0.0,0.0,1
129.54352357693264,62.36031735190938,211.88842553121984,0.6365684112937595,4,203.1186382191165,2,0,2,2.0,1.0,0.0,0.0,1
171.28921475593887,52.92069158960989,249.97170316065586,0.7399852605683612,3,564.4799500189058,2,0,3,-1.0,0.0,0.0,0.0,1
47.61675889889425,23.231824556122532,105.41261633582742,0.07907209414487708,0,75.14012422984969,11,9,12,228.58463525178576,0.0,0.0,0.0,0
50.06760291351243,13.21009642696713,73.00844918574751,0.06091231988396564,0,1176.7810523059923,8,7,5,21.710259534562187,0.0,0.0,0.0,0
171.20906357539087,67.01564921654912,239.14633119803287,0.8465937642495476,4,529.0396039411521,2,2,2,-1.0,0.0,0.0,0.0,1
96.48670335218463,52.231313180603884,235.16649917124786,0.8250905665541575,3,438.7514059769316,4,0,3,-1.0,1.0,0.0,0.0,1
53.21791249198185,14.464198133831143,146.81934279147217,0.027828827355468173,0,3894.1544213191214,15,2,3,6.519590754586572,0.0,0.0,0.0,0
52.46293132498233,7.770948848893886,53.075294050971635,0.1401561810573752,0,4057.7790437487365,24,7,7,47.9107070488979,0.0,0.0,0.0,0
117.27124715716019,43.67765702842556,209.27852926078893,0.4990826908334162,2,675.179340876399,3,1,2,-1.0,0.0,0.0,0.0,1
189.48648241481862,40.338292971685036,201.45906808678404,0.5205896483371358,3,421.2503844272059,3,2,4,-1.0,0.0,0.0,0.0,1
41.29205974911879,6.090185548274391,133.64397373761233,0.07679079460228917,0,2829.8928131753614,4,2,1,263.91585079302035,0.0,0.0,0.0,0
10.810019866973361,21.367608495590705,54.01388590853665,0.13348700645442937,1,1505.6339377750503,28,5,9,288.88419242467444,0.0,0.0,0.0,0
33.11276214220503,11.031932148918472,111.28005721361308,0.006450324816685787,0,4332.694514976656,7,8,6,264.3096322739111,0.0,0.0,0.0,0
51.347451254205545,21.888526662401738,106.91415704542683,0.05735468968750662,1,2188.9800192986777,10,8,9,266.6824762609503,0.0,0.0,0.0,0
50.12258727407468,19.73371751738731,79.7317709512047,0.008784406578071752,0,4199.555879153779,3,1,3,166.06051584844903,0.0,0.0,0.0,0
186.62584025331043,38.177079321077834,185.11737525030424,0.7104650623297999,5,359.53308652343657,3,0,2,-1.0,0.0,0.0,0.0,1
43.08519227406734,9.382521293416017,61.284318718362144,0.08946509319384899,0,182.9948875224297,20,3,3,193.94524358973376,0.0,0.0,0.0,0
37.691804125111034,15.59549830513597,82.17370298582779,0.011253313333937726,0,4023.2452720051197,7,6,3,228.43403310847265,0.0,0.0,0.0,0
59.312333597570074,13.29471653934942,125.3865073836925,0.13072026320648006,0,2088.730465066605,10,1,12,182.54115450796886,0.0,0.0,0.0,0
25.20151362239998,11.36208893806944,146.11594157101652,0.1337566297804119,0,2059.7584184452476,28,5,2,5.746163243422099,0.0,1.0,0.0,0
217.43084268035736,66.8450686085854,215.42412378212316,0.5973905367637226,2,452.7250929123327,3,2,3,1.0,0.0,0.0,0.0,1
209.3585177358196,43.197923412352075,207.5040517596186,0.23143560263692017,4,570.0490099379948,4,2,1,0.0,1.0,0.0,0.0,1
30.760687834216533,17.301825747399768,98.11881514751025,0.06892533998554762,0,2953.899322485879,2,1,6,330.66954829308656,0.0,0.0,0.0,0
168.65552101685847,61.829701380915026,239.38888970663479,0.38661757834727184,4,357.7457396873792,4,0,2,-1.0,0.0,0.0,1.0,1
35.05439401310986,19.123863659267172,103.42905518936757,0.08111018506996563,0,1578.7303988363371,16,6,7,65.42829834634337,0.0,0.0,0.0,0
17.034771193037315,9.393493559894148,98.19442793927207,0.006370636573261701,0,2123.757168296632,22,4,0,16.644994196521466,0.0,0.0,0.0,0
217.32382451130022,62.558383904126615,233.70686285555382,0.32688576316141016,4,72.6202803697072,2,0,0,0.0,0.0,0.0,0.0,1
31.638343979963132,18.70887766443803,83.2456157148712,0.008487848422007343,0,4725.020484336802,13,4,5,267.72266246961794,0.0,0.0,0.0,0
55.42317571301969,9.516487755280675,104.70612147986262,0.14325423933988893,0,1998.2102097215018,6,9,7,285.8963536680649,0.0,0.0,0.0,0
100.61562466860953,42.613568935724636,214.4408458976834,0.27107543514382293,5,140.6419532326609,3,2,1,0.0,1.0,0.0,0.0,1
47.507741189746085,17.623484080180138,81.63220570094808,0.024143323118509374,0,3324.8048658415896,12,7,6,172.35179650671432,0.0,0.0,0.0,0
37.46631825930075,23.59583445261006,144.78634419990686,0.010395675902812306,0,3067.9608531853614,29,9,9,164.17845660711646,0.0,0.0,0.0,0
24.85443265936204,9.274423056440348,116.68952708703422,0.10054800987461725,1,128.9311479438887,11,2,2,341.7099125070517,0.0,0.0,0.0,0
37.332411009389425,12.608010979408192,147.68003285106593,0.016608088998947352,0,258.0221420984562,24,6,6,46.52069518934717,0.0,0.0,0.0,0
14.179111100017785,21.452498553571203,65.1962525878215,0.005719742113720905,0,1437.31323586342,6,9,3,60.142072697838366,0.0,0.0,0.0,0
38.21696115910867,20.85824948433295,77.30119955400318,0.0939674052342167,0,3551.9012190778617,13,1,7,47.52097785268385,0.0,1.0,0.0,0
17.69786628759211,23.19608657900381,143.8337202621459,0.0018822298783363388,0,1580.5782958201669,12,6,8,181.05091140254365,0.0,0.0,0.0,0
38.19464605277012,10.223248650217204,119.49531193430477,0.085108641623411,0,3688.374671639626,16,1,6,115.81649925847759,0.0,0.0,0.0,0
92.6011116624314,52.10415085946746,246.74700912114886,0.5039011704734649,4,268.47080803526114,4,0,0,1.0,0.0,0.0,0.0,1
158.43566143235674,39.40066328870025,216.52832246024724,0.7988285656917804,4,579.9775957795257,3,0,1,-1.0,1.0,0.0,0.0,1
37.86526844450239,22.212640357814678,103.50697189336586,0.027669430712828413,0,1584.187785029624,23,3,10,291.92043805710836,0.0,0.0,0.0,0
24.700169429747657,16.197862030718987,80.09190731654188,0.025070147230396078,0,1199.7531557129787,21,4,4,217.77014431035653,0.0,1.0,0.0,0
55.47303990243856,15.399962480738436,128.79409206729002,0.03417647821147509,0,1823.532844938217,15,2,3,180.130851671119,0.0,0.0,0.0,0
52.49937965845052,21.9257467297292,85.63666377550567,0.12487480514789492,0,2148.456148396848,18,7,11,138.68538257480967,0.0,0.0,0.0,0
29.205340733789612,19.682991946083018,143.79109534243435,0.07938675854392095,0,1725.3955686470608,2,8,4,246.09634499429265,0.0,0.0,0.0,0
118.5825395301981,58.33711742263368,213.50629520180772,0.6778261724707433,3,688.9896122691808,1,1,4,1.0,0.0,0.0,0.0,1
109.13192666737712,54.92002128310096,247.7631079017794,0.6013317883136104,5,141.2908264962543,4,1,3,0.0,0.0,0.0,0.0,1
53.258457907162935,13.604053929359399,108.12929755056484,0.11362142388897527,0,4457.055331187223,22,9,14,290.7520431055288,0.0,0.0,0.0,0
33.16468266363984,5.908065629373851,79.00291936489059,0.13965149563279497,0,2756.167576756003,9,9,12,152.04652739603665,0.0,0.0,0.0,0
15.53008757412885,9.242601417412219,147.5576634435559,0.10896983306902969,1,1554.1142467441741,15,3,12,272.765322618235,0.0,0.0,0.0,0
41.98222209679351,5.694457361873044,119.0615200150827,0.07920508242057407,0,4082.53953044055,29,2,10,2.368675306253982,0.0,0.0,0.0,0
41.15689268739127,12.121345982382897,128.89139629658672,0.03505356732380454,0,1216.6285461506304,9,8,1,46.28265668126741,0.0,0.0,0.0,0
84.72221504408066,57.55823007368264,252.71449204799148,0.837808990443554,2,358.70528195348083,3,2,1,-1.0,1.0,0.0,0.0,1
41.71646786286897,21.366304233085433,114.08541364156,0.046559714294376726,0,1091.7856510319007,25,1,11,146.65468967167777,0.0,0.0,0.0,0
109.77470012928268,60.19938769161294,251.59213090111786,0.43386412016006193,5,127.53328714932725,2,0,4,-1.0,0.0,0.0,0.0,1
218.3546825354273,60.257239272264684,243.33083617069974,0.24733005522597445,3,592.6147980712582,2,1,0,-1.0,1.0,0.0,0.0,1
127.39809375769713,69.67280323578765,195.91338413316808,0.6799763158078741,5,20.85762940585618,1,2,2,-1.0,0.0,0.0,0.0,1
133.12955663590594,69.84195323423438,194.34404335840077,0.6714873493484064,3,799.7313376913355,1,1,2,-1.0,0.0,0.0,0.0,1
43.2037060599917,10.101744448427963,62.703357597323176,0.008780490012007518,0,830.4220826446945,20,7,7,338.18993997410604,0.0,0.0,0.0,0
169.90298332433184,55.319238889134525,251.7944667126775,0.832249753119614,4,294.05228776008835,2,0,1,2.0,0.0,0.0,0.0,1
40.41066361897876,9.399989444732505,97.92162574335163,0.1013106655702941,0,444.22595113066467,3,1,9,177.05127473055842,0.0,0.0,0.0,0
16.83775118066938,21.258954038892426,117.8542029790759,0.13336123751200793,0,4474.754325474848,20,4,14,190.9891875767507,0.0,0.0,0.0,0
44.78921996725411,9.571000435945994,67.49549270959362,0.14732525149941533,0,1341.1044154105246,1,5,4,322.162265264109,0.0,0.0,0.0,0
31.635322462435187,18.588946716331957,95.11912805538395,0.05003993712634159,0,2083.9651919935104,28,2,5,70.48983669626382,0.0,1.0,0.0,0
57.61506923005533,20.859873027850227,107.87006476922423,0.09702084905236454,1,2170.2968324530543,12,3,1,204.95647855219795,0.0,0.0,0.0,0
140.59008358905766,67.08028811031494,253.9115226404239,0.22229860104194465,2,348.18516076651326,1,1,4,-1.0,0.0,0.0,0.0,1
59.02308175549153,24.92301581060273,97.65881789196347,0.14457134544314992,0,180.1574813085142,2,7,0,103.0859522150763,0.0,0.0,0.0,0
32.786370034012315,24.943256285589136,111.12086528155425,0.1179667234791635,0,4166.149390146843,15,7,0,200.25301296888566,0.0,0.0,0.0,0
51.88184943414362,22.662285741486393,96.6141147957814,0.03133611480343904,1,4417.234344371903,9,3,7,35.61639689533835,0.0,1.0,0.0,0
135.6409381341906,49.19767264417111,229.3347198769312,0.2607149931441404,4,43.880540273134635,1,1,2,-1.0,0.0,0.0,0.0,1
144.2226657991439,59.40238591728189,218.55308186838994,0.7396582931807647,2,308.1389772347161,1,0,0,-1.0,0.0,0.0,0.0,1
54.45724809978927,9.383686913046635,117.85392442143758,0.08738275445769003,0,4303.833112526466,3,2,7,40.709669228361925,0.0,0.0,0.0,0
202.64061788506513,71.54706982306534,184.34592423082515,0.7713208223398151,2,338.1249747619071,3,1,4,-1.0,0.0,0.0,0.0,1
19.820960793600868,24.028896513261838,67.54916273813573,0.08515909768965818,0,2473.641087148712,22,4,11,201.7217277385131,0.0,0.0,0.0,0
172.21081760097235,76.1108801157226,212.68487811407468,0.6616834849188691,3,269.297388855469,1,2,4,-1.0,1.0,0.0,0.0,1
215.88101172767506,49.75292172561375,247.58915759236396,0.8312616498687513,5,369.418134849305,4,2,3,-1.0,0.0,1.0,0.0,1
23.500124056059764,12.055369317139116,137.1636770520055,0.04632978015182366,0,3528.065346833086,10,3,8,156.2538999681045,0.0,0.0,0.0,0
13.466416519388238,17.76644479583653,123.30036196283534,0.10141880963824354,0,2915.2588317761833,16,3,6,338.7864658115923,0.0,0.0,0.0,0
52.39858466562952,12.353160921182166,109.10953805356141,0.0755660165586951,0,4865.82722746909,21,7,13,315.0055044263539,0.0,0.0,0.0,0
52.097922720917424,23.137927832676553,57.188945460001335,0.09518252112924404,0,2692.1612150385195,13,8,2,233.125169632358,0.0,0.0,0.0,0
41.563612832057956,7.760618303932731,53.866338617809994,0.02053521085460891,0,1304.1125091181289,7,3,2,12.726055805714335,0.0,1.0,0.0,0
58.14901240326358,12.81458112419378,90.06109237973436,0.09986586315911836,0,3149.764204749799,19,2,8,303.85767273617046,0.0,0.0,0.0,0
118.7632714493308,39.535888456689975,226.343701582674,0.6307373652768333,2,595.5053278456586,2,0,4,0.0,1.0,0.0,0.0,1
84.43913062481872,59.57608839476779,235.7577068833222,0.6945735821202659,4,583.8966403400648,3,1,1,1.0,1.0,1.0,0.0,1
44.286347553784104,19.14067776067673,73.25802726112805,0.13211307570850775,0,4292.566680180441,7,4,0,209.71691983591734,0.0,1.0,0.0,0
33.411591422068966,17.499519741021047,87.77259474401693,0.12548472199384994,0,1505.521162143809,19,2,1,195.07640030889513,0.0,0.0,0.0,0
139.80846745692597,58.88477938450775,202.3138301273546,0.55214920219485,5,256.2989220587351,2,2,2,0.0,0.0,0.0,0.0,1
27.281351851807948,21.15404738088114,74.63482472423019,0.009488011334801937,0,4300.787594221421,24,8,5,202.68297624478618,0.0,0.0,0.0,0
54.53333379459536,19.37062636244492,57.29683329256877,0.12316891567277696,0,4241.575984485705,6,9,11,158.70255982598715,0.0,0.0,0.0,0
14.393324957241667,12.012538624183616,53.320310879136656,0.011786774573253112,0,706.9429825131488,7,2,14,73.05483914935569,0.0,0.0,0.0,0
23.70180229385654,19.825285130289465,142.22497012503754,0.004315622567917943,0,1318.4010148184263,22,7,0,124.2012736916328,0.0,1.0,0.0,0
34.7920015552012,23.608469863575557,138.99658687466814,0.11787006977819615,0,2747.7916578335057,2,7,2,231.07004260076408,0.0,0.0,0.0,0
53.59331229254724,18.74748835395595,61.15823131332414,0.022161948665694164,0,1018.7533706119998,24,6,9,7.1257383047678555,0.0,0.0,0.0,0
189.41324114865984,66.14500502226596,219.97706286470265,0.7742657325180897,3,128.2516770095042,1,0,3,-1.0,1.0,0.0,0.0,1
13.41670524228021,13.607494993815866,119.57974776554448,0.06870333175023881,0,2789.2261298272015,21,2,5,352.2306098508822,0.0,0.0,0.0,0
27.54095546675078,12.25119593118189,130.5714525668218,0.0492269224196418,0,469.2072922827688,17,6,2,80.75212420281335,0.0,0.0,0.0,0
12.005532354786155,16.06796390573506,63.2796714990571,0.051410104104563585,0,4523.476051646653,10,7,0,349.5255954574024,0.0,0.0,0.0,0
27.32504436828725,16.913612716462303,147.097532986006,0.14746206689295005,0,55.38074803441603,21,1,8,137.54497977090045,0.0,0.0,0.0,0
15.757308919760057,22.665472028524476,91.4825655521352,0.05809116171372619,0,2238.0654336090615,20,6,6,151.46055916908338,0.0,0.0,0.0,0
31.18850599654617,11.842652002237898,146.15507321375662,0.06672786492413112,0,1790.6668680924315,10,3,0,109.2196815698871,0.0,0.0,0.0,0
50.27515556299316,19.62151763469097,96.32296374090289,0.04859086802410737,0,4387.305301001623,28,6,7,133.99670363476758,0.0,0.0,0.0,0
100.58433167286759,78.82353364240996,196.11363821402009,0.8077700026682699,2,745.7232296337427,3,1,1,-1.0,1.0,0.0,1.0,1
205.60448623389522,69.1176723243895,214.6500008052964,0.8200474057875375,5,399.54948168685826,4,0,1,1.0,1.0,0.0,0.0,1
14.69818977051914,17.421481769408675,141.66262819779791,0.04486954434468666,0,4115.5807792337055,15,7,11,68.18488283953195,0.0,0.0,0.0,0
41.59956720657344,21.01385601833462,95.21022057643142,0.12262214026352104,0,1725.4785263214894,28,6,7,203.68787610476295,0.0,1.0,0.0,0
25.757351956627662,10.524746499503062,148.16533238524477,0.07908977713728847,1,861.2110677133869,11,1,0,345.7992660990531,0.0,0.0,0.0,0
19.658000420421637,14.426165491482424,97.25154428195853,0.056733677286501714,0,2094.881618749364,25,7,11,9.252240556337545,0.0,0.0,0.0,0
48.06329180492267,20.452627770882835,145.9935253787729,0.008552631602780813,0,4936.625387736921,16,3,13,175.82250014306328,0.0,0.0,0.0,0
55.038008122536624,23.600107555821452,88.35673910072921,0.07376069145284841,0,4043.2036483380543,10,2,13,175.78003618006736,0.0,0.0,0.0,0
130.67357003075205,45.71350491104613,233.40816996401816,0.30506621818600327,2,480.995192910769,3,0,0,1.0,0.0,0.0,0.0,1
143.2635491111305,30.45315490933222,239.4398294179853,0.38529474630698957,2,645.9409615911364,1,0,0,2.0,0.0,0.0,0.0,1
25.192679043411122,15.810585021778714,68.97867774345764,0.02803083216051832,0,3443.0892959744383,7,5,3,239.04862319182962,0.0,0.0,0.0,0
198.39140750607655,78.99818393607177,201.08626211313762,0.7205731129009878,2,547.0057532682127,4,2,1,-1.0,0.0,0.0,0.0,1
212.51133576518114,30.282272527988344,190.0513741623092,0.39055788747509484,4,709.457420705747,2,1,3,-1.0,0.0,0.0,0.0,1
33.3992683051971,7.545850661901568,114.95104935019238,0.010957766521599082,0,3564.6452709923838,1,2,3,3.2236228492980796,0.0,0.0,0.0,0
48.54270542704949,23.94595776512676,66.63775869322723,0.11564764387982032,0,2394.1907477536884,22,8,10,311.1313506075064,0.0,0.0,0.0,0
31.600229440457696,11.417300900479395,120.6560814322998,0.13053624873705028,0,2676.6544204949782,27,3,8,132.43248452530884,0.0,1.0,0.0,0
93.35648078872221,74.59192286723913,180.85300245034864,0.20107411729228128,4,797.480642857374,1,2,2,1.0,1.0,0.0,0.0,1
58.865395399575185,20.146204142688777,66.16714362369619,0.0715350159701955,0,1274.3345633044626,1,7,0,59.38540649012655,0.0,0.0,0.0,0
107.9963771763285,73.59507293877533,249.16165355954146,0.6073751823748414,4,789.4553602720549,2,0,2,-1.0,0.0,0.0,0.0,1
140.35188960386586,48.26955061667665,213.4468879748536,0.47805368227272554,4,589.9764437074937,1,0,0,-1.0,0.0,0.0,0.0,1
202.7247614122253,70.90398418331158,240.94277045528213,0.3402098913454535,3,261.18207340124025,3,0,0,-1.0,0.0,0.0,1.0,1
213.35303296166694,55.35885803842882,213.70590219723348,0.36090461771614324,2,443.0423946732812,3,2,0,-1.0,0.0,0.0,1.0,1
22.849296892689054,6.043701155935222,51.02338564087575,0.003323930331678232,0,596.2575299614836,14,2,2,360.1807568756623,0.0,0.0,0.0,0
36.089440856867206,15.411996336059621,57.37098186722438,0.07682917151394089,0,4736.656425089007,10,7,2,207.4467465413601,0.0,0.0,0.0,0
168.55472763262156,57.60928695853241,223.93202687781684,0.3965959968901569,4,665.2991828231682,3,1,1,-1.0,0.0,0.0,1.0,1
49.04979468074957,20.705376230320304,110.11026956243282,0.14855426729975577,0,4709.298618797166,9,9,7,24.63842953959501,0.0,0.0,0.0,0
44.384027058995095,16.382610054248826,87.45796069349853,0.09811762262670162,0,364.2739893327942,27,3,7,18.48554415196011,0.0,0.0,0.0,0
59.206982352086804,8.740853704774288,136.4803808740171,0.05856349892908376,0,1350.353277889663,26,9,5,318.9442183422191,0.0,1.0,0.0,0
182.03286786271428,41.45573338783383,251.74762601082097,0.21641546509925136,3,215.47302328256745,3,0,1,-1.0,1.0,0.0,0.0,1
38.4748629259288,21.647820834038157,149.1624342961228,0.024542430620741438,0,3387.753189815122,27,1,2,82.59122696248956,0.0,0.0,0.0,0
40.56033759290967,24.95403083617048,147.51924110715265,0.1449595937811431,0,4956.769168787965,12,1,10,184.62911057465985,0.0,0.0,0.0,0
131.64185553813724,71.81095688776601,215.04232145631107,0.40904689016628404,3,215.81332598214252,3,0,0,1.0,0.0,0.0,0.0,1
123.80002988367201,53.7757325505645,230.78717935521257,0.40821262011239656,4,303.7139351786688,3,2,2,0.0,1.0,0.0,1.0,1
46.59520995065159,16.21854492088523,72.4425222495533,0.07653402407987923,0,2972.4984419868356,11,5,14,51.37132763777093,0.0,0.0,0.0,0
22.090720951857637,5.7124573150819735,77.55959347706491,0.10402896408389824,0,2608.508240676213,11,8,7,26.002861063548636,0.0,0.0,0.0,0
41.519886563741345,23.157453538704814,91.9087753670966,0.1174975335329042,0,3504.9603650718873,13,1,12,72.66504418220458,0.0,0.0,0.0,0
101.29934860230684,62.26527692816254,224.14595601867615,0.2028202573140848,2,518.4278626802023,1,1,2,2.0,0.0,0.0,0.0,1
30.682133745931765,14.857291688948933,90.42897472548691,0.07964065176181408,0,99.12291458278636,11,9,3,15.204738709679086,0.0,0.0,0.0,0
32.22204788357494,7.832344899732345,60.24963291892128,0.08031974244854312,0,1549.5785810559157,23,3,1,347.37137833254604,0.0,0.0,0.0,0
21.784355716535472,23.16517109354132,80.9481579194867,0.1464619833576084,0,4769.507332551284,17,5,7,343.21380733862935,0.0,0.0,0.0,0
47.588608651954665,9.573888188007295,145.63200933875277,0.02222668923449182,0,1163.2065732387669,4,5,10,205.61349434206204,0.0,0.0,0.0,0
160.94498743276725,33.07437504841096,215.28347354052232,0.2848726650113159,4,547.6968433537056,3,0,1,2.0,0.0,0.0,0.0,1
37.635353785927265,12.931073639799264,63.17150285790936,0.12979436383633686,0,1583.4499030850411,23,2,7,297.9899365122362,0.0,0.0,0.0,0
28.77933104824054,15.061410699114665,57.73146868826545,0.10234581943005917,0,1162.5559507965086,7,4,1,125.01249744797015,0.0,1.0,0.0,0
52.29809763479779,17.149567890062364,88.04444517659613,0.008477193658209347,0,1674.5986651612066,28,9,5,54.68051400992625,0.0,0.0,0.0,0
42.295862066580064,16.41556609337824,85.60967258978462,0.14797728731894694,0,1224.2726190931726,22,5,5,133.35523918103104,0.0,0.0,0.0,0
219.89871363247318,72.55212242929511,236.38590572457497,0.6304074805515598,3,587.0951326343658,2,2,0,0.0,1.0,0.0,0.0,1
26.10402876581329,16.571706971858994,57.5093645805314,0.14150359480648222,0,4567.291878727874,27,4,3,132.69872670212868,0.0,0.0,0.0,0
10.815295089325241,8.481282748146167,98.85136399957531,0.12339801885755536,0,2637.0849939991876,16,5,1,52.44189926949113,0.0,1.0,0.0,0
23.33582430836605,10.194222081326602,98.67793508015437,0.06914696800400356,0,2505.088460129068,8,8,1,224.57324352540948,0.0,0.0,0.0,0
22.51022435317709,9.12583630144727,63.59479813722015,0.06369561095855261,0,2108.2912423463695,24,2,10,99.37035077522202,0.0,1.0,0.0,0
11.836068125041058,7.160515082613827,83.88606493387516,0.12038785193697192,0,2587.7052434842612,11,6,13,101.40505656533307,0.0,0.0,0.0,0
52.89674569986644,18.338548949173614,93.53963233997514,0.14296801715912066,0,4654.317754169622,12,7,13,194.26134932251077,0.0,0.0,0.0,0
194.5286184381162,65.41054187940935,180.4177504202663,0.8455645417815671,4,549.1351732171252,4,2,2,-1.0,1.0,1.0,0.0,1
19.51515551356149,22.526088459183157,107.22677888644485,0.028816145879913362,0,219.94424715712358,19,2,5,34.209576111796494,0.0,0.0,0.0,0
50.30559088292024,13.755990625495471,105.45806715356244,0.11997441810748523,0,1162.5631764111563,16,5,2,198.85272207073155,0.0,1.0,0.0,0
132.0817417604358,73.40577866117403,235.07048504069,0.21409200758352515,4,161.95845345856142,3,0,0,0.0,0.0,0.0,0.0,1
46.80410721685427,8.042957738390331,141.22296219996,0.13391939093848287,0,3377.5590415129955,25,1,10,320.40890030517227,0.0,0.0,0.0,0
12.463682679138573,22.048777712837463,104.84009367419117,0.029597095586408988,0,1445.5512811702258,21,6,10,57.86569785247209,0.0,0.0,0.0,0
34.70137464334344,13.197613680056685,75.22915892613207,0.060104164738917325,0,620.5331836788822,9,8,12,8.758520217026655,0.0,0.0,0.0,0
21.999468193497876,19.202652811290747,77.29499947314878,0.051213790440644745,0,4570.501768086209,3,8,13,21.935189788032105,0.0,0.0,0.0,0
11.691064378575962,13.086601186950844,128.47351140860994,0.12223005224481692,1,3528.8320810991113,24,7,8,59.93918975298127,0.0,1.0,0.0,0
161.4500169172889,35.93403076286918,232.52414764752064,0.6567961195242188,3,81.53356013033874,1,0,3,-1.0,0.0,0.0,1.0,1
18.668050623596685,23.09959667572728,145.25967490548112,0.05483598931128931,0,3729.2273816401107,28,8,12,172.1497304421291,0.0,0.0,0.0,0
46.391283458697195,17.437121709691517,126.05322021044364,0.10885377733721187,0,4116.622311581978,24,8,4,1.5889148954065413,0.0,0.0,0.0,0
155.35881353627622,38.91466308182762,248.08999002995688,0.6209368264484599,3,653.6143896626571,2,0,3,-1.0,0.0,0.0,0.0,1
20.64250430191787,18.375065088996273,104.28781323608052,0.12493403923308441,0,692.4256803269258,2,1,3,92.56970408807592,0.0,0.0,0.0,0
25.729827840470545,21.148605036335223,146.20987857641177,0.11850203381877841,0,2630.4383036971685,12,8,2,267.2620835394898,0.0,0.0,0.0,0
20.459112645673702,8.257444563286958,104.72927643469816,0.09461302544721463,1,1917.874860367072,5,5,0,270.289203109094,0.0,0.0,0.0,0
28.573166966723576,13.978234451855801,103.71693216040288,0.030530328372270724,0,4408.088419224344,3,3,5,2.9923872128012006,0.0,0.0,0.0,0
45.108216432415624,15.264399516556376,137.2106063746581,0.04334055249863739,0,4685.99977770713,4,2,7,190.783227526256,0.0,0.0,0.0,0
160.25633983699964,67.2806952588122,237.97739240292879,0.797931217532327,3,241.79461891532205,4,0,0,-1.0,0.0,0.0,0.0,1
22.737435366835943,12.03769668694013,120.5615304784293,0.07823264758664507,0,4809.001975097013,14,5,13,14.367086134201266,0.0,1.0,0.0,0
48.79361447720633,13.93567353016423,94.75002478104284,0.14325343794175027,1,1590.4139521298455,23,4,8,169.9898358486366,0.0,0.0,0.0,0
52.3257169345139,23.37853067279109,75.22410201733615,0.11325628931194173,0,4217.892836805805,8,7,6,239.4990707535911,0.0,0.0,0.0,0
13.151682624988078,23.060021703029925,131.40682873866808,0.04713622807492574,1,1475.2918534485045,16,4,14,288.4392337039188,0.0,0.0,0.0,0
25.61986873593596,9.159046809956212,115.41878556029347,0.020405787524970753,0,1689.977343900807,21,6,5,196.0970792812186,0.0,1.0,0.0,0
52.32672465617026,15.10331423045465,124.80347393415887,0.02084398578733743,0,3672.2916704364784,17,7,10,98.0757685503079,0.0,0.0,0.0,0
24.051396313510125,10.246317003310692,72.25297824988857,0.10636857612228436,0,3720.9637280195248,27,1,9,305.6076649001563,0.0,0.0,0.0,0
144.8132239494107,77.22901974790585,204.0157207698699,0.7830653705713138,5,200.93841614383996,1,2,1,0.0,0.0,0.0,0.0,1
126.68501998428187,67.66701103738845,200.3427923517102,0.6093985328384773,2,506.58040926989713,1,1,4,2.0,0.0,0.0,1.0,1
162.2082981827537,45.1975953330854,208.61404141419902,0.3142964584958511,4,569.100111417163,1,2,2,1.0,1.0,0.0,0.0,1
31.79198194672764,15.73241805709917,77.95278854118189,0.024459880104009533,0,2344.3327525275668,16,7,2,256.36641513870495,0.0,0.0,0.0,0
37.70938255023956,16.75804649789629,143.45402456218602,0.10890919890937116,1,4546.318690702898,24,5,1,121.92662517328525,0.0,0.0,0.0,0
184.79489666892005,46.777870002100066,209.12101731406958,0.3031823838353026,3,598.1965510009753,1,1,1,-1.0,1.0,0.0,0.0,1
13.564013502758195,24.09320060066615,115.46930814313482,0.05701117634058079,0,2421.9569857458196,19,2,13,177.34319210300885,0.0,0.0,0.0,0
26.183139051790015,14.626207571165866,109.66629069324816,0.04310304926129951,0,1524.0460124850295,17,5,2,36.92013614022644,0.0,0.0,0.0,0
166.18611531443042,69.46097957137972,251.181511186453,0.4448655000579689,3,78.15579460950103,2,1,1,2.0,1.0,0.0,0.0,1
58.31128628529102,21.032389719640673,113.04176183813544,0.043938780510468435,0,3366.3511242784507,28,4,1,304.04286057184515,0.0,0.0,0.0,0
38.27217497826713,13.725787185873886,103.99482272213844,0.02963768787424774,0,2533.429771672928,2,5,3,37.37622482645812,0.0,0.0,0.0,0
56.05171932726691,6.008340112603385,67.30845728204018,0.020925070719419046,0,1060.1409088697685,3,2,9,277.35572697415836,0.0,0.0,0.0,0
98.80372196908614,37.578262826186375,198.93627931553374,0.4594153815270483,5,542.374965492526,2,0,0,2.0,0.0,0.0,0.0,1
21.509263412077765,14.983867597695046,107.2004199209183,0.11528310214594634,0,4973.025028446838,29,5,5,135.1079255932372,0.0,1.0,0.0,0
183.91113373015196,58.637219300807224,237.29820634839308,0.2454324373170656,3,265.78270761956287,1,1,4,0.0,0.0,0.0,1.0,1
39.85234584478458,18.51682490174752,94.27169667795272,0.06686863718658434,0,128.31440423963306,24,3,3,264.3836682519905,0.0,0.0,0.0,0
42.76915997317266,13.36726076857586,121.4153146392174,0.12918483408905787,0,2285.157762946251,22,9,7,233.69158395758083,0.0,0.0,0.0,0
13.712342966527288,7.075494172694814,131.2928405393937,0.005831054552503395,0,1399.1608566362324,19,7,3,111.5354076546564,0.0,0.0,0.0,0
134.05876022019302,55.47681268847252,250.94596865865498,0.5394738309831819,4,221.73896994839194,2,1,4,-1.0,0.0,0.0,0.0,1
175.83556367071202,48.640683858218026,187.2768779307834,0.3178890441760264,3,400.80933041710966,4,0,1,1.0,0.0,0.0,1.0,1
22.03352573785765,22.486146682741612,133.0622760431791,0.03369860964626499,0,2077.88070299797,23,6,6,6.0866719237912905,0.0,0.0,0.0,0
142.39433606695184,47.12071761470608,233.060966265721,0.7404687194861541,2,758.3476729285211,3,1,4,-1.0,0.0,0.0,0.0,1
31.375285185668307,10.444810850120893,88.41607579534625,0.12539032350247617,0,2307.985768543121,21,7,3,301.7609864301876,0.0,0.0,0.0,0
14.651518737044785,16.78534677513334,103.21179724587827,0.03995664621450357,0,4640.46372683469,12,6,11,93.47227557702467,0.0,0.0,0.0,0
213.5980486529426,44.979485456663554,244.14102196770008,0.5289160188927446,5,117.64434331827113,3,0,3,2.0,0.0,0.0,0.0,1
128.67473426403,50.60872502217962,249.9013613493546,0.3960534791054664,5,409.19433068943545,4,1,3,-1.0,0.0,0.0,0.0,1
26.352232207590887,22.80114050930505,58.43013146113503,0.1210783978186782,0,4095.3989412657647,27,9,10,3.3047689768354074,0.0,0.0,0.0,0
41.781599932001996,24.858869315658144,127.77174890725507,0.033875944833508795,0,4337.852707824968,22,7,2,107.27961758430082,0.0,0.0,0.0,0
18.883411491957958,22.524154527752792,102.582105627312,0.13001756669075187,0,903.0629300672958,14,4,1,327.36094272689843,0.0,0.0,0.0,0
29.992934756860777,12.216136524915024,132.6359210175004,0.06782085826836712,0,4913.11441738302,16,1,10,55.174114738702684,0.0,0.0,0.0,0
40.274133460720236,15.335798782563163,124.0161368761463,0.09460507067381775,0,3464.4053037781996,26,7,6,62.82037003031385,0.0,0.0,0.0,0
26.31692154659936,21.793193114175807,64.38143503148137,0.06451543147947,1,4236.95527477684,5,5,13,284.83340859751183,0.0,0.0,0.0,0
42.70387764778738,15.231812212930985,65.89247668441716,0.008018806890722723,0,294.2803403022353,28,5,1,181.7512362925263,0.0,0.0,0.0,0
43.801314402627376,19.13259739757419,111.00074170794858,0.04693610913204723,0,3008.4579993783805,29,4,0,42.72910511982156,0.0,0.0,0.0,0
107.5822231461027,46.481941216386176,225.70172804459943,0.43864305355284794,4,197.1793447437611,3,1,2,0.0,0.0,0.0,1.0,1
37.20915744884009,5.160162813475657,59.509364771072946,0.00813176163089896,0,451.24484119413563,13,1,1,153.6272329971175,0.0,0.0,0.0,0
211.3423384849043,73.29783009724342,185.61540281016175,0.2892466520912596,4,419.4685655542391,1,2,0,0.0,1.0,0.0,0.0,1
28.50017702875157,10.696007484991018,141.17543320014772,0.11263925902750833,0,3587.7028747030226,1,5,14,114.22515033215083,0.0,0.0,0.0,0
43.0059451498087,21.721585503336765,121.8447281302416,0.0784887769407986,0,4670.532985495749,13,7,5,171.49358376904135,0.0,0.0,0.0,0
48.59660561199366,7.535123912508301,140.6910431829586,0.08858031595230384,0,205.32945568342225,18,6,2,322.7222903564734,0.0,0.0,0.0,0
105.3808026064026,61.987699191113244,185.71642262914355,0.6128401789426641,4,289.1318348238507,2,0,2,-1.0,1.0,0.0,0.0,1
54.40889551891913,9.896214801218015,107.43697242390141,0.11525474890389006,0,2074.588296844552,10,2,4,163.97155273320925,0.0,0.0,0.0,0
105.17417979734333,70.14387689449174,223.46260812494432,0.8214618560314764,2,393.65157742367484,2,2,0,1.0,1.0,0.0,0.0,1
24.27625358576698,10.960850455827117,88.31014335905844,0.12533560649468406,1,2221.344137684354,13,2,13,155.8204420322508,0.0,0.0,0.0,0
26.8807585701814,23.858194078250385,82.32029320207553,0.0778185932615049,0,1849.9665317775052,17,4,11,91.90053797625792,0.0,0.0,0.0,0
30.190550262374963,9.294890048167147,85.59683908322364,0.04261562238411495,0,3729.4979221500007,8,4,7,102.81296438320162,0.0,0.0,0.0,0
13.458709525270859,11.624166046570432,78.24987266209645,0.08327395946852321,0,2687.7383517488997,10,9,6,131.93484490195814,0.0,0.0,0.0,0
84.97152985987843,74.44576376480777,192.26155012774464,0.7759115416963664,5,366.82499365457255,4,2,4,2.0,0.0,0.0,0.0,1
13.193988371545142,11.347777000557704,72.03190986219676,0.0772957781991565,0,3771.2653990307417,2,2,12,314.1437549529431,0.0,0.0,0.0,0
163.29159145915918,36.57077975706311,210.0927340472346,0.5698260383514404,3,104.06800652636535,2,1,0,-1.0,0.0,0.0,0.0,1
22.55400518325839,18.008504976477287,71.23339742868913,0.018301112036533358,0,611.5320446643879,16,2,9,216.861779906107,0.0,0.0,0.0,0
213.24845248269293,76.28694938666655,229.53951674899622,0.20573758149997687,3,729.8757524595208,4,1,4,1.0,0.0,0.0,0.0,1
197.87140828994802,56.99217612713511,204.24923246450618,0.5110631648022292,3,326.50326490854206,1,1,1,-1.0,1.0,0.0,0.0,1
83.3900727744702,45.74767247377316,189.6702213670073,0.30059309087109637,2,69.04496117895656,3,0,1,-1.0,0.0,0.0,0.0,1
23.56342932415884,17.29868355834295,147.71877391324182,0.016697148221632523,0,2391.817963591905,28,4,13,225.98870465795437,0.0,0.0,0.0,0
16.13528496686535,5.746010957229563,82.05873059917339,0.04118576259746122,0,4811.8139690016815,22,6,13,39.59565901174172,0.0,0.0,0.0,0
26.236011411157126,9.338663603648389,58.49203390232142,0.09310662956039233,0,1789.3947997803373,27,8,5,151.34731489524944,0.0,0.0,0.0,0
36.179324261072644,9.36519745387459,148.94317657796316,0.08616551338083087,0,3459.3745770162586,10,5,14,299.55409867987447,0.0,0.0,0.0,0
122.30382147016772,67.53940882270004,243.8327584473859,0.6409120330103211,2,763.5288377812171,1,0,4,0.0,0.0,0.0,1.0,1
112.25147287947425,43.17819445927587,197.26376185005012,0.6280291906750575,2,316.013206869289,1,0,0,0.0,1.0,0.0,0.0,1
52.807478629797075,23.191378866891753,94.96616631129226,0.042064479236036526,0,3434.635882650132,3,2,7,139.48262859075925,0.0,0.0,0.0,0
114.45835564055155,41.43568025678229,201.19223990393746,0.31760502958235814,4,468.19348805774257,3,2,4,0.0,0.0,0.0,0.0,1
53.38510489596195,19.152411714810707,60.62138275884562,0.11638158817045395,0,3850.4348576859716,25,1,12,182.335142349705,0.0,0.0,0.0,0
15.62901952059685,19.073719549215916,104.06984766449104,0.014480170529316121,0,111.3999795727082,24,4,8,300.95520495176675,0.0,1.0,0.0,0
50.25056495408618,9.601718168400037,75.59807588429972,0.004802707997917643,0,2943.8789441211,29,7,1,330.11524994575984,0.0,0.0,0.0,0
198.7117510812001,57.60365519738159,225.57938836545145,0.21986619131884816,5,314.15280671220427,2,0,2,-1.0,1.0,0.0,1.0,1
41.1649063413779,11.617960497052984,56.355835028602364,0.04664734825734933,0,3661.5505827734173,8,6,10,204.85385043441093,0.0,0.0,0.0,0
50.011710696658135,15.464630557310636,68.81483485465556,0.015427345809270715,0,1720.2028079978493,16,5,9,156.01234097347822,0.0,0.0,0.0,0
32.717271153382754,17.60494438912316,74.83836087432076,0.10581912454252294,0,2240.6002983329904,28,5,14,23.362316512146638,0.0,0.0,0.0,0
16.767771748664202,8.952784411822602,68.05182283924236,0.03937058776818968,0,600.4832993241827,27,4,0,46.29076823090286,0.0,0.0,0.0,0
10.905471864397779,17.167371813924717,99.14782344184465,0.02940438025552615,1,4490.952864396694,5,8,2,45.95253410232026,0.0,0.0,0.0,0
12.63419179886143,6.770868212272363,53.75967732062609,0.07196719902847572,0,1394.8505067915703,25,9,14,153.7953058311306,0.0,0.0,0.0,0
106.81617078529192,46.67581621942297,216.58686376909085,0.7885496105895362,3,782.1741750883504,1,2,4,1.0,1.0,0.0,0.0,1
26.156532853513927,24.461954961406928,108.01122296954681,0.038133686984623986,0,1746.134766198531,6,4,6,10.940360303527452,0.0,0.0,0.0,0
14.119052280792134,18.60998604149426,115.45112142811352,0.0409889290497314,1,797.7365643154561,28,5,14,153.20047067803463,0.0,0.0,0.0,0
169.97111663127953,76.92159077063715,253.67238272403145,0.8154755388435009,4,567.4439239929586,3,1,4,-1.0,1.0,0.0,0.0,1
153.6865291371325,42.84957818789046,202.99812732548892,0.5036123765885487,5,571.4271722044224,3,0,1,-1.0,1.0,0.0,0.0,1
11.04226199038504,17.57490451656142,112.96726518598874,0.14803705713273183,0,1692.936110242609,8,9,6,341.92249157589566,0.0,0.0,0.0,0
179.89059852510218,49.81951759828448,182.99267569073163,0.348043228917689,5,423.263983803248,4,0,3,0.0,1.0,0.0,0.0,1
87.731891805706,55.49994322796358,185.37312490286521,0.4366116453521186,2,149.67909153758242,4,0,2,-1.0,0.0,0.0,0.0,1
29.747435683863152,13.48301760116533,74.2180718172753,0.04910004386247447,1,1872.4316012676663,29,9,6,179.2313599469177,0.0,1.0,0.0,0
44.00703858801502,17.372227564303685,125.27166395576413,0.023790765793961055,0,4365.625462338899,19,7,9,47.0375016278075,0.0,0.0,0.0,0
39.603215387745834,15.802334187256402,99.39059939093555,0.07701344004727122,0,2344.2147695918056,28,1,9,152.93269513823435,0.0,0.0,0.0,0
29.647221968667992,18.398526843226463,96.98899080414395,0.05755832620791817,0,1262.4482761835989,18,4,3,49.36253721442373,0.0,0.0,0.0,0
212.10509505531172,33.940731957201706,218.57076184065556,0.698195909898504,4,28.32337093720578,1,0,4,1.0,1.0,0.0,0.0,1
147.33910951893336,67.29856690402184,216.37655307671972,0.43466434133261517,3,680.449852110571,1,0,3,1.0,1.0,0.0,0.0,1
95.91589737756341,74.11176758071245,226.157068224927,0.7177011508216917,3,334.08645286717865,4,0,1,0.0,0.0,0.0,0.0,1
12.387597053919826,10.766828555893717,99.36908549693501,0.02149475145214878,0,1318.747930641682,18,9,4,63.01383388480628,0.0,0.0,0.0,0
145.61916194161765,72.17376658205669,249.8493204086036,0.628124452249829,4,590.5347885001402,4,2,4,0.0,1.0,0.0,1.0,1
45.445000312579126,21.474889238245993,135.7029028330578,0.062266076528239886,0,2217.0183126331185,7,5,0,323.6969295335366,0.0,0.0,0.0,0
36.91646646299115,19.85263493626287,74.73017988277229,0.0347275602369084,1,187.0649394559381,9,8,1,269.3097161248972,0.0,0.0,0.0,0
132.42690575564225,58.27213667575592,239.79049287795243,0.48476811327092456,5,224.71706457270315,3,0,0,0.0,0.0,0.0,1.0,1
28.79106095039705,6.982922245552478,112.29540441833817,0.06703112928006584,0,1141.3288809468806,15,4,1,311.39178274723633,0.0,0.0,0.0,0
28.062139702050523,22.240354322600336,92.43381397962756,0.13735370250774565,0,2024.241243456791,12,6,9,32.65960978858235,0.0,0.0,0.0,0
17.691296225370547,20.86873163774723,141.49299366292826,0.02543452778566636,0,4669.464053529685,25,1,0,116.67300272318472,0.0,0.0,0.0,0
34.0406394648383,6.78340954372767,60.21632339062219,0.1353422355660935,0,1348.4702117651316,20,5,1,148.53126574201667,0.0,0.0,0.0,0
56.803675093139354,23.054809221840028,104.32780299181056,0.08659674497525362,0,1360.2397373589429,29,5,10,187.1488116541072,0.0,0.0,0.0,0
199.17445729082266,43.597855745516426,224.50959168388772,0.38411189048029337,2,550.5162173449977,2,0,2,0.0,0.0,0.0,0.0,1
54.0963879152322,13.549793758412303,66.22334057824793,0.001891127996363856,0,2660.6281295072476,25,4,1,76.5598259045437,0.0,0.0,0.0,0
164.89481780868294,55.1651302148619,184.561223388735,0.3808000459434874,5,88.63317227754466,4,0,1,-1.0,1.0,0.0,0.0,1
170.25754056915653,75.4818961153328,233.0664623355165,0.22954849663374993,4,791.5904619507401,4,0,0,0.0,0.0,0.0,0.0,1
25.742057770436766,7.3360821546790405,77.3159620369945,0.03142788364687982,0,4546.765861967711,20,9,13,110.77612460299055,0.0,0.0,0.0,0
185.71775050677837,66.29517321324465,183.25224751261703,0.7216717384417684,3,319.4497393436704,4,1,2,2.0,1.0,0.0,0.0,1
110.71553947890064,56.302181244547775,180.82847700424864,0.5091137106090369,3,543.1469886638911,1,0,3,0.0,1.0,0.0,0.0,1
138.54838980798138,49.81402591196856,231.76969568890507,0.6810036000958797,3,775.7227030353357,3,2,1,0.0,0.0,0.0,0.0,1
130.45564799881421,62.28457635312571,240.9613594000391,0.39625770949550965,2,625.9969418674502,4,1,1,-1.0,0.0,0.0,0.0,1
199.5861500987251,69.85196704322645,213.15721480693085,0.7705797720861962,2,471.5252215473931,4,0,1,-1.0,1.0,0.0,0.0,1
25.14578644165963,6.3138971790873155,72.8235363493699,0.03699054524670369,0,3749.849812653635,23,4,9,361.4262461594818,0.0,0.0,0.0,0
47.298726277435904,13.170365858718338,143.29380670999547,0.1486394214686086,0,1927.181495570812,1,8,5,17.554545046892006,0.0,0.0,0.0,0
59.82807097569284,16.030613058645656,120.04774696901418,0.061011358078696704,0,4715.759772869792,26,3,10,55.501800638981805,0.0,0.0,0.0,0
30.084528428080716,20.981468389723922,102.269726463837,0.0825058111497906,0,705.0362527944523,7,2,1,342.30693055221985,0.0,1.0,0.0,0
19.05916395250414,17.45506806479682,72.26760791230849,0.04608246255319063,0,2115.1074218946537,28,2,12,206.37828817682598,0.0,0.0,0.0,0
13.159154843011326,17.222830464224923,148.37350336757578,0.05412094670670038,0,2525.1678820695593,6,6,6,109.45410798208371,0.0,1.0,0.0,0
82.33955312328168,54.812998902091934,226.0984974362178,0.6482882307168479,4,450.905668561054,2,0,3,0.0,1.0,0.0,0.0,1
28.429044503271065,11.41006787347476,92.61464082805018,0.05126821582218389,0,1514.1430381189853,10,2,6,135.61254692409983,0.0,0.0,0.0,0
58.770518384237256,16.4712656005342,84.16411126906019,0.09726968353503555,0,4492.1167256918525,22,2,11,307.36900480648177,0.0,0.0,0.0,0
177.41599215070127,77.66080152530932,252.2298084572265,0.5612198649311795,4,156.71973654576433,1,2,2,0.0,0.0,0.0,0.0,1
121.8953927852502,61.466755742602864,231.90862474397318,0.459005659158256,2,84.36388518700136,4,1,2,0.0,1.0,0.0,0.0,1
83.17997557495354,78.61114707196742,252.37859248075185,0.44912604611887663,5,121.39761736845112,1,2,3,0.0,1.0,0.0,1.0,1
100.09855701803296,36.06919710486296,188.67333585486494,0.2900433103994768,2,454.6360915254175,4,0,2,0.0,0.0,1.0,0.0,1
208.34937146935556,46.21360774653064,219.8144831495403,0.8248851700231488,5,559.6386207269219,3,2,2,-1.0,0.0,0.0,0.0,1
16.08759988238392,16.889477098252378,84.48891741731833,0.005235878860966392,0,1969.8332434449421,21,3,4,31.19538254293068,0.0,0.0,0.0,0
53.268715604641216,22.57243193615145,128.3673593019604,0.06120212504974031,1,1928.9885369210774,19,8,7,80.28230397301796,0.0,0.0,0.0,0
32.91503207643282,14.693925742600939,66.57745401632758,0.14185472205004235,0,3361.660569779086,2,3,12,273.4885551339584,0.0,0.0,0.0,0
15.996092946356507,11.41466184689346,136.76416147202235,0.03488521113852428,0,2043.2224808572892,15,3,10,271.1334159099769,0.0,0.0,0.0,0
86.65697230593162,66.17922974602367,230.27645233513232,0.44006126228585496,3,735.0311398170669,1,1,2,2.0,0.0,0.0,0.0,1
53.147981165650926,14.611198816725361,56.875390642248746,0.08245758827449666,0,4394.8595540699935,26,7,5,203.55637228269023,0.0,1.0,0.0,0
17.142921443324624,22.24037278021333,89.8937770872746,0.025390751600891742,0,2112.50684710447,5,9,7,337.76615072875,0.0,0.0,0.0,0
37.716129904182765,11.574919766992132,122.04337022257779,0.0965655912151867,0,3786.619018097375,25,8,9,202.00111078727983,0.0,1.0,0.0,0
27.1053810431797,13.599152395596434,133.09491710550685,0.017983664020906814,0,2680.7018252370613,6,4,14,158.35303184216414,0.0,0.0,0.0,0
52.68272397246556,19.058985823573398,59.29474664537064,0.0024120129608858954,0,634.5789469850582,4,2,1,191.97206555914613,0.0,0.0,0.0,0
146.83108367793312,79.85115520098725,210.6284760473607,0.3185139993807721,4,196.6672893512218,2,0,2,-1.0,0.0,0.0,1.0,1
160.3416903670088,31.590368353897137,220.71872624497047,0.7238612619430809,2,718.9156829366641,4,1,2,1.0,0.0,0.0,0.0,1
30.883349790849735,7.3271697032899175,111.27958355365104,0.14077232373212317,0,430.17508915638655,19,4,3,248.69384983309232,0.0,0.0,0.0,0
50.13216548978552,14.163737734757852,98.29688720853552,0.020021995862391565,0,3653.2995695201375,18,3,0,284.77776815198735,0.0,1.0,0.0,0
31.771806445101777,10.892978061250009,55.001882090218636,0.07308743405181764,0,1294.989546398184,19,7,12,151.36481318137177,0.0,1.0,0.0,0
19.615788639217527,14.27872526909782,74.58185870225746,0.13722632247774819,0,4763.706871940193,7,3,13,198.17326223860462,0.0,0.0,0.0,0
41.72782338707624,17.423726443881662,62.07466358966801,0.14654483191899337,0,2254.1064225852874,13,6,3,229.40329213621442,0.0,0.0,0.0,0
148.76783475975373,61.646628442504216,182.7826683984823,0.7838225337428455,5,339.67238476234667,2,0,3,0.0,1.0,0.0,0.0,1
37.01394465937105,6.585605692623835,106.58505603132467,0.13620278181324935,0,1516.8127194040103,16,3,14,317.52730900765647,0.0,0.0,0.0,0
27.560850981924403,21.744799990309186,56.6797077262172,0.14135152615070362,1,488.41246043414645,12,3,11,109.84758089022968,0.0,0.0,0.0,0
47.7053840158082,5.358913571369836,62.62537827926135,0.09894440495921134,0,1314.6920560452431,29,9,7,359.5212244914194,0.0,0.0,0.0,0
10.302352159198922,14.677204377286229,62.32474581325515,0.04615186342169228,1,850.388038706235,16,8,9,270.6716295903928,0.0,0.0,0.0,0
28.1308475792731,7.5556590914768655,62.1442615728375,0.04223025601603415,0,3458.1353326273374,3,2,5,93.71159191361363,0.0,0.0,0.0,0
80.12934260968187,43.50630940941379,196.3252891430144,0.42310662864260923,2,479.7724464737709,3,2,3,-1.0,1.0,0.0,0.0,1
30.645559479460662,15.74987507346469,54.929966240917,0.000352121080117973,0,3418.886309947898,23,4,5,236.46051909200267,0.0,0.0,0.0,0
141.09402249550328,50.774822276841945,246.61206240150818,0.4385702641540308,5,254.26215345446565,2,0,0,1.0,0.0,0.0,1.0,1
53.536315332609774,17.68060785210067,134.36522565284974,0.03916902710421838,0,3098.8634350790103,17,6,14,244.79211034076633,0.0,0.0,0.0,0
26.985727191804216,23.719103074572068,66.47410383632719,0.00632256254444013,0,4015.989006205963,10,2,13,306.2683970080185,0.0,0.0,0.0,0
197.20458170952827,30.758649208591738,251.56791474887203,0.7057586455016813,4,74.40453743358314,4,0,3,0.0,0.0,0.0,1.0,1
50.29912944858499,8.586255456496115,131.311779196898,0.14106952782428514,0,2672.9372542019346,10,6,10,162.77732369760807,0.0,0.0,0.0,0
195.70775173735,47.313713323870424,186.41515194745966,0.3926146632097067,2,379.2133945094729,3,2,2,1.0,1.0,0.0,0.0,1
30.946272475227396,23.296918021362,86.23938991166331,0.08708825254170652,0,114.8175601122515,21,1,6,356.07258022420604,0.0,0.0,0.0,0
191.06175861962825,64.76768532403528,182.40803419067012,0.5832950472445144,3,164.9922717309883,3,0,3,2.0,1.0,0.0,0.0,1
115.72174742561317,47.49880154890905,197.3290964659131,0.84101497669485,2,299.5442868915354,2,0,4,-1.0,0.0,0.0,0.0,1
39.034331071822734,12.445655331234862,144.01334424577783,0.14604957551329759,0,1561.5511087047475,2,6,2,237.9658597184492,0.0,0.0,0.0,0
21.727205037402655,8.855086437740791,107.47556906554044,0.04921552137627326,0,960.5397183445508,7,1,6,342.26023216084354,0.0,0.0,0.0,0
15.096595339028504,6.2544318180277685,84.88667217951773,0.12071055971504108,1,4488.91925483467,23,7,11,74.03688983944828,0.0,0.0,0.0,0
16.688563367839464,13.637407792249386,110.06286654320311,0.0011097792288569275,0,3056.8073134310653,7,5,14,59.4848768999541,0.0,0.0,0.0,0
198.06659500364304,64.0218922603382,243.99934620959183,0.38972322011081106,3,660.2719188759899,2,2,4,0.0,0.0,0.0,0.0,1
27.8898014409846,14.892677260398354,56.352339750597515,0.041338892496595475,0,3694.5007004993186,7,1,6,298.3988533996444,0.0,0.0,0.0,0
10.871527275102297,19.677907417991864,57.35812944896909,0.09436704298681785,0,706.5871785471294,10,2,4,95.1312109863055,0.0,0.0,0.0,0
219.59616603969422,43.7114585512613,213.96759753299673,0.20190713757173975,3,66.43783748097087,2,0,1,-1.0,0.0,0.0,0.0,1
29.27105498649393,15.684942214407663,134.19306744792533,0.08751330227745026,0,3294.3076991741327,6,2,14,243.32216643010332,0.0,0.0,0.0,0
55.29382110481003,24.633690118740976,85.0071312274953,0.03908339489796734,0,976.4033533647035,25,3,11,337.89533084111804,0.0,0.0,0.0,0
43.57123347653072,21.190599515368834,126.6656135200406,0.02245559519354366,0,807.2698141013852,17,3,11,314.92093330327845,0.0,0.0,0.0,0
107.51929273942903,78.93386584097954,243.54666090902614,0.7928412711544464,2,176.93960758380751,4,2,4,-1.0,0.0,0.0,0.0,1
59.727957030486984,13.401445905043285,110.79577026836093,0.01571438046771601,0,1231.8911753196678,26,8,13,224.70290478934123,0.0,1.0,0.0,0
181.74208675399538,36.32909785925072,229.9566554219072,0.6510521879094592,4,217.87485176835332,3,1,2,0.0,0.0,0.0,0.0,1
54.264135522129216,20.94746537548955,88.16110738671604,0.043190483205560216,0,1775.5261943640862,13,2,10,48.54646766049511,0.0,0.0,0.0,0
186.78787763527737,42.43922719006804,202.3448368059972,0.754104096122846,3,792.5470016364739,4,0,1,-1.0,0.0,0.0,0.0,1
189.0292769127892,70.43907730698471,241.74273294083048,0.5578989100339956,2,127.10387426655197,2,1,4,1.0,1.0,0.0,1.0,1
174.8870807167836,61.32520841505276,240.10022364199347,0.6754745086040386,3,657.0918878096423,4,2,1,-1.0,1.0,1.0,0.0,1
115.8393868737208,37.45042717058256,235.25412327198012,0.4642649772253785,2,701.2104932773213,3,0,1,-1.0,1.0,0.0,0.0,1
25.12519801757058,7.63541777194072,88.29670110643133,0.03054729616849161,0,4972.800265891766,10,9,5,128.66923826699113,0.0,0.0,0.0,0
193.99321464094305,50.366994026551694,236.89416144563856,0.4518001846550843,3,624.7265043921866,3,2,2,-1.0,1.0,0.0,0.0,1
41.01856260618605,21.075104720235252,58.37249378453484,0.0578909266405391,0,4437.126671455802,25,2,3,143.64769767880517,0.0,0.0,0.0,0
214.81799188813952,34.2907266293121,180.6289861380328,0.5564762379895908,2,380.59041389742526,3,1,0,-1.0,1.0,0.0,1.0,1
39.16958973830602,13.017028335272798,96.20058036441327,0.14209250094177228,0,2951.8376684831464,18,9,0,6.610217094606786,0.0,0.0,0.0,0
137.23232402942287,72.29485684403137,220.10543211669108,0.24238548561767223,2,374.8005405078184,2,1,0,-1.0,0.0,0.0,0.0,1
29.907747229238748,11.047672122248537,129.57066850948377,0.05036798752542543,0,4799.884308763875,23,5,11,38.162377225123855,0.0,0.0,0.0,0
38.777475391555164,24.011879318622487,135.91303597512334,0.034253342126827145,0,1045.8061872138087,7,5,7,282.8324527723263,0.0,0.0,0.0,0
39.70796789398257,21.023111946023146,76.45910347687291,0.03150793802689578,0,3445.0686533956286,25,7,11,205.7060951134403,0.0,0.0,0.0,0
127.1629963194421,61.86770789341965,220.1748830950052,0.5873809936021088,3,229.41234735786313,1,0,2,2.0,0.0,0.0,1.0,1
168.09213052392596,65.40605759062325,228.0213824683739,0.6359585087361221,4,649.1883914376796,2,1,4,1.0,0.0,0.0,1.0,1
39.25392211031016,9.525505016331996,139.56979631993724,0.1175250121267885,0,3103.8729355532846,11,7,9,288.1646889247791,0.0,0.0,0.0,0
10.984160769070686,19.712853200227304,98.70160405162395,0.12197732209266918,1,4632.653319998113,4,5,12,304.88685821333434,0.0,0.0,0.0,0
58.023987578048875,6.7926908964165555,118.30498980295634,0.1443396117052758,0,4314.167210951523,23,8,1,235.46357195403303,0.0,0.0,0.0,0
160.918405590788,56.68243090588435,195.61988914010286,0.2917867010303446,4,264.8432924582106,4,2,1,1.0,1.0,0.0,0.0,1
16.31417362922845,23.915529944926945,63.25740774844824,0.11620094057726973,0,4671.286061321195,3,8,5,184.56457046203008,0.0,1.0,0.0,0
49.624386368503565,20.017555530289798,53.67281889059156,0.11984437878854567,0,1150.8115721745976,21,4,11,241.39209530385068,0.0,0.0,0.0,0
29.304959441874214,18.796473857952748,110.24411098614428,0.01608702502437691,0,3690.618022249576,25,8,10,231.36965356884127,0.0,1.0,0.0,0
112.77892303172132,67.69572021701461,196.85186372022324,0.5846629772511105,4,689.2008375726156,4,1,3,2.0,0.0,0.0,1.0,1
43.47350019592996,11.516881816498554,107.42286143276624,0.04386043510900456,0,3835.0796483847616,26,3,10,141.4617134794387,0.0,0.0,0.0,0
18.968234100610523,24.413530908194883,61.33035047274642,0.06054015035423868,0,3537.544418735854,9,1,10,189.69205595648674,0.0,1.0,0.0,0
14.67039859876478,13.821443165015674,69.5609273044515,0.028008494365956222,0,1815.5213220017354,9,4,4,231.62258240586087,0.0,0.0,0.0,0
91.78988356989619,56.244514137757534,195.66682756825537,0.2435926585518942,3,404.65410318858966,4,1,1,1.0,0.0,0.0,0.0,1
186.14457313376204,64.286655077625,188.23991083645276,0.8299456676228592,2,184.1077086185592,2,0,0,-1.0,0.0,0.0,0.0,1
154.50002714687304,69.97560232981851,239.4451131178165,0.6536914225889907,5,167.49494634653806,3,0,4,2.0,0.0,0.0,1.0,1
10.168942340420614,19.396606234999076,133.38093088728618,0.059256080352224766,0,1177.0487983515122,2,1,9,178.35502244104683,0.0,0.0,0.0,0
56.65566105843265,18.143953232801245,93.9029243980448,0.006732152470907704,1,2377.966302323295,23,1,8,335.8994146128788,0.0,0.0,0.0,0
43.284877403696015,5.942786165396501,63.57375312609139,0.02861723551373454,0,3666.8529816457103,14,6,2,332.6549130147206,0.0,0.0,0.0,0
41.896524478983274,20.38339739047175,86.85624690277137,0.14400178212286882,0,4277.044891921991,11,8,0,48.20438593069989,0.0,0.0,0.0,0
21.206608983003935,7.122893056427837,145.39059994272856,0.04178440701746032,0,4498.1284477894005,14,7,12,167.84361420222046,0.0,0.0,0.0,0
24.941011740570875,11.492344846229548,68.27739026634964,0.1343800408736802,0,572.9321019076973,2,5,8,60.205531176738695,0.0,0.0,0.0,0
59.81671688136237,12.366190610136966,94.86106309545426,0.10831064073041055,0,2985.5694542245815,5,6,4,0.6861574865923842,0.0,0.0,0.0,0
34.33085461509962,18.483360811133096,132.38773636258043,0.07193046675645395,0,1627.341032633389,16,4,6,117.23042952312437,0.0,0.0,0.0,0
100.59400147046159,68.3172862642714,182.61385212296898,0.6059521682708775,3,174.3230102359879,2,2,0,1.0,0.0,0.0,1.0,1
11.442895666806226,6.283909719956286,103.79230312678857,0.10781835522300384,0,3623.452391261905,29,8,6,260.8624828788863,0.0,0.0,0.0,0
24.448426246052925,12.541078620033977,89.33206703851887,0.08168329869820132,0,3471.670985740647,10,2,12,163.22837675899987,0.0,0.0,0.0,0
58.0820246157652,15.229350800852348,123.39203702877005,0.06165707903340872,0,2065.463277412269,29,2,1,286.3445448381193,0.0,0.0,0.0,0
209.68480682611576,64.67404381786892,230.3644182793666,0.5037419051084924,3,448.99604363812466,3,0,0,1.0,0.0,0.0,1.0,1
57.896706052838525,15.593194478912398,74.18932941128892,0.07509053567320613,0,427.3841289691442,6,6,13,167.77767769697135,0.0,0.0,0.0,0
42.18742662214616,11.701848685366851,53.4503876498326,0.04321876932820377,0,1066.0961069788186,25,3,5,76.60060720687923,0.0,0.0,0.0,0
19.390265841799167,15.636160176773346,73.47375812130953,0.12813369587560566,0,4015.3258052349943,11,5,13,58.573913855720285,0.0,0.0,0.0,0
42.25422517649149,16.55643012543228,61.37617217108766,0.07154518366439168,0,2480.640425698707,15,1,8,42.464181484098766,0.0,0.0,0.0,0
35.36717661611081,7.836996438384842,119.16294905987989,0.05038819224358595,0,4784.718293861988,29,3,14,158.29900970800605,0.0,0.0,0.0,0
38.22970406451607,10.046454885274905,141.5289940379274,0.03985283472993952,0,562.201565050594,15,2,8,223.99436352099139,0.0,0.0,0.0,0
56.923410618290625,7.450382850741876,71.2027850502229,0.004431295291723991,0,1425.2728528450386,21,1,7,190.48441528635558,0.0,0.0,0.0,0
195.3810961655641,62.81631367176682,199.82300191383078,0.23874282173999006,2,724.4897339659265,3,0,0,-1.0,0.0,0.0,0.0,1
167.86660222653944,63.907888782391744,240.15652846325588,0.7507626639512783,2,119.22600128322176,3,0,4,-1.0,0.0,0.0,0.0,1
17.215602184374077,6.871188138246711,51.66715505996331,0.1310301396367822,0,1096.958408944752,29,8,1,59.31653883357155,0.0,0.0,0.0,0
88.51343660726681,60.281216808618105,242.73914878683343,0.44203204863599216,3,561.9951741618864,4,2,4,0.0,0.0,0.0,0.0,1
80.23656840232114,78.99393129887156,202.6604278266665,0.2501957631448753,5,130.04255720056275,1,0,1,-1.0,0.0,0.0,0.0,1
47.643472225178535,18.15556814476357,108.11223999290556,0.07948487637075113,0,1212.995386025294,28,9,6,141.25465662782275,0.0,0.0,0.0,0
131.60565348098197,75.93167912489197,247.37212292660539,0.30434322499162464,4,245.11024478208694,1,1,1,2.0,0.0,0.0,0.0,1
27.22982978634859,8.219688633747495,106.31643884539548,0.14156611805172242,0,1228.7179741072937,2,1,9,41.333859848534246,0.0,0.0,0.0,0
191.3146920203908,50.39166644716731,216.24187247487788,0.8053169980621391,4,658.3482293370785,3,0,0,-1.0,0.0,0.0,0.0,1
39.292606121658416,18.483842332300014,130.426115437845,0.09887333169002015,0,2592.485250446822,20,7,11,42.16403353904848,0.0,0.0,0.0,0
31.702608804047834,7.5514034914274175,90.90851486348762,0.053156577447920295,0,3667.854135444928,11,7,13,342.6126568520809,0.0,0.0,0.0,0
15.361790088476177,6.851521341041975,121.2604684254733,0.010437267531536853,0,2389.8991482496313,11,9,9,127.41512646681157,0.0,0.0,0.0,0
175.80777679545974,57.046579034131916,251.57893739484538,0.7031933528320162,2,450.9298880456951,1,1,1,2.0,0.0,0.0,1.0,1
42.595630336647595,10.811584578093246,147.39502076577608,0.067726775861201,0,3444.785072551621,7,8,0,41.02771961645132,0.0,0.0,0.0,0
118.07381844543895,37.321327082445,210.7736663605417,0.24886738025911684,4,632.2994219639229,1,2,4,1.0,0.0,0.0,0.0,1
85.58645788558036,71.72193282120028,208.30365179538182,0.24724800158078572,3,137.56983681236187,4,0,2,-1.0,0.0,0.0,0.0,1
125.28729743903031,57.765664536330625,197.62301568393025,0.4888466455404791,5,307.2114124772915,4,0,1,-1.0,0.0,1.0,0.0,1
13.058994045920327,12.488383538045936,70.73126732427414,0.1408810525597526,0,301.6216878560758,26,5,4,302.9560846867969,0.0,0.0,0.0,0
194.0626439108762,41.084337065324014,250.0971914057085,0.4144826693474846,2,127.05332050206948,3,0,0,0.0,0.0,0.0,1.0,1
10.770758303826963,21.337209610820448,80.0526757238496,0.022451019687540163,0,2369.4700316569383,18,3,12,62.85968760556694,0.0,0.0,0.0,0
11.033568444595224,10.38039293596621,101.7596301315522,0.0403270113679265,0,2435.244022409352,17,4,3,230.73821720305696,0.0,0.0,0.0,0
38.91091906116448,16.952648797378007,123.89304553494722,0.0043754838436114935,0,311.8917946897887,18,2,4,228.78295997366803,0.0,0.0,0.0,0
31.50591368038453,18.821472132091394,102.10961795801254,0.1465397125195973,0,3023.302975142748,7,1,12,347.63355358501155,0.0,0.0,0.0,0
41.36622347615857,13.401253391588941,56.114618104768624,0.07339962474363539,0,538.8271949743574,3,1,3,279.0060406570967,0.0,0.0,0.0,0
189.43490898220182,57.09374487285507,217.7794359770191,0.3769338020121188,2,391.45942870294834,2,2,4,2.0,0.0,0.0,1.0,1
10.086241105492036,6.953326362522459,60.155660342917884,0.1057345363432194,0,4478.834818540284,15,9,2,212.69420182529592,0.0,0.0,0.0,0
214.65664328078475,59.486441273294005,239.05368190618543,0.2294952143072096,2,653.484199081448,1,0,3,0.0,0.0,0.0,1.0,1
28.891960686359333,6.24073527257563,83.93052673095674,0.07588974814793377,0,3307.6059793796358,17,3,13,129.47592320652763,0.0,0.0,0.0,0
25.160989192212526,24.33116878761088,144.47073816724816,0.050231743520547746,0,4552.497185999175,17,2,2,346.1548867679554,0.0,1.0,0.0,0
49.0129665460239,11.602235957104822,82.22974734029086,0.08367040218137203,0,1158.3356994717287,28,8,14,247.799602613793,0.0,0.0,0.0,0
12.931477954930772,5.231125620283712,119.91388297007991,0.04189312436912485,0,2756.6700282768356,14,4,0,118.67881787436983,0.0,0.0,0.0,0
114.3251356479195,79.43051211934815,184.9907111331133,0.7483167898918508,3,340.90707858450423,4,2,2,2.0,0.0,0.0,0.0,1
52.88794789035556,16.017907515391393,91.07093959033382,0.12574367907811707,1,3243.26086553177,7,9,2,188.97533984312872,0.0,1.0,0.0,0
53.59163894865606,13.673106679127777,54.36616577073612,0.0242508816220204,0,3283.651945224784,5,8,8,180.04604907608683,0.0,1.0,0.0,0
14.262014889807697,11.275339525768768,115.78472389213587,0.05527801383390583,0,3734.309580092217,17,1,14,108.75147998595841,0.0,0.0,0.0,0
19.195602561641252,6.0783336757954025,107.33137445715221,0.10328992810132429,0,3087.241715036589,22,7,11,126.09808434650667,0.0,0.0,0.0,0
58.77365141570109,14.483285925439729,56.66938814054488,0.007213846561805314,0,4666.095717294632,2,3,5,92.09385338043579,0.0,0.0,0.0,0
102.05560526281829,50.826694873759315,202.68196402444116,0.2571526612813225,5,219.33269587866792,2,1,2,2.0,0.0,0.0,0.0,1
200.60980719956308,71.8587285172222,231.09887280347726,0.5938387344550997,3,187.02524734662256,1,0,2,0.0,0.0,0.0,0.0,1
121.21049629260253,38.86552427138545,193.32767732075368,0.7579597927853043,5,377.4649620835225,2,1,0,0.0,0.0,0.0,0.0,1
53.65085549705409,10.683560007805248,109.13727700014056,0.08201054219758021,0,3630.6251280081237,26,7,10,311.2846192126992,0.0,0.0,0.0,0
45.51757503561661,7.250062610532635,123.59204063739489,0.04126483223386866,0,1737.761769532793,4,3,7,101.88262183260844,0.0,0.0,0.0,0
198.1402583138758,76.41425058253705,197.8452339314091,0.7497673562530269,4,468.7496976026568,3,2,1,1.0,0.0,0.0,0.0,1
50.52009704294917,13.554023416384771,120.1599349899597,0.06519035530769877,0,3813.0178414193433,27,2,2,81.82288101261915,0.0,0.0,0.0,0
156.16046532577292,43.70887198371719,196.65567749579472,0.5742787307013173,3,121.0423184480383,1,2,2,1.0,1.0,0.0,0.0,1
44.171470757863524,16.873692398174665,125.48274583623312,0.04641938646692735,0,2057.0847978355714,10,2,1,107.6082919965699,0.0,0.0,0.0,0
13.119703429913862,11.705581001565914,56.701653775120995,0.14630147002186059,0,4270.109735167554,29,3,13,140.7431212673667,0.0,1.0,0.0,0
31.806326456765834,10.889315190838353,144.84533069621568,0.11454086912396412,0,4348.916480694668,24,7,0,176.94410400987636,0.0,0.0,0.0,0
219.00485809249938,32.59718763281236,239.14741650481432,0.48199374061778566,3,144.4057005348207,2,0,0,0.0,1.0,0.0,0.0,1
194.32528878415053,72.56886026430288,197.657998479456,0.5897667825658673,5,332.89348333824915,4,2,4,1.0,0.0,0.0,0.0,1
11.844664445538408,9.396014239238475,80.95693522382314,0.09253261079495922,0,1130.4339401242612,2,2,9,72.40011091100656,0.0,0.0,0.0,0
128.74204162017207,43.622410958870766,196.95859726767145,0.36541909000281003,2,481.4547998105993,1,2,2,-1.0,0.0,0.0,0.0,1
11.175121140916202,12.50994482643242,61.074850783050906,0.05287131623935491,0,1897.8597011082927,12,4,2,77.82318141595272,0.0,0.0,0.0,0
22.301761310711495,22.545604627027338,60.38913544143139,0.00485528010082803,0,4235.933445912286,16,8,9,241.33467840215738,0.0,0.0,0.0,0
46.157071529370846,5.582029026459532,52.30996734242471,0.07747686939368618,0,2242.8081163487755,9,1,2,120.52855718341002,0.0,0.0,0.0,0
43.857246866458155,9.093833492435808,111.83403172799413,0.01943785950149766,0,4661.082416977416,11,4,5,235.81564463408225,0.0,0.0,0.0,0
31.686353132300813,14.145995959937958,105.0944193840603,0.0158374069356642,1,1258.4772629941865,24,1,7,196.08098547913434,0.0,0.0,0.0,0
56.65388265330726,22.413429364286415,92.18298355226534,0.10369526540028433,1,4259.625964010694,15,7,14,72.60936962518899,0.0,0.0,0.0,0
100.29940717902447,57.73107045643058,230.8878920120058,0.34919637471190434,3,730.0117536791719,1,0,4,2.0,0.0,0.0,0.0,1
18.486421428846157,5.382897359936734,127.91025863957867,0.09145461377289239,0,4198.867126193781,22,4,13,332.22775772673117,0.0,0.0,0.0,0
39.525490440531456,8.033462810867293,74.62047685087816,0.04404182475971246,0,1897.6120471315535,18,5,5,352.9608359116251,0.0,0.0,0.0,0
205.1567344028347,35.81340756331326,214.1020623694173,0.4786394752778492,3,10.159104526105228,2,2,4,-1.0,0.0,0.0,0.0,1
148.7816569817588,35.48936948541372,214.9812982404118,0.5614480108669884,4,791.534800274326,1,2,0,1.0,1.0,0.0,0.0,1
190.0705522899646,75.85257960201898,231.24940744019136,0.3577761590923513,4,776.2621177755774,4,1,4,-1.0,0.0,0.0,0.0,1
52.123901910078246,16.9328281078747,122.44583770093391,0.02779020332288813,1,2050.1986209918814,27,8,11,48.686845239039734,0.0,0.0,0.0,0
11.4658804389393,6.1652862708210465,117.50548307334661,0.1150155817711998,0,3698.242250466408,3,1,12,66.33786768151917,0.0,1.0,0.0,0
37.79356923228976,5.4149774748075785,60.34461166929349,0.05213464217426118,0,2032.20387093683,10,2,1,288.7732857878749,0.0,0.0,0.0,0
120.66788386696544,72.57272070890083,187.59812751171856,0.34075565695966525,3,675.3965410801616,2,0,4,1.0,0.0,0.0,0.0,1
105.93854583591246,66.72386281775306,224.39221599588237,0.5759019748494929,4,455.53271233866,3,1,0,1.0,1.0,0.0,0.0,1
42.60413414398717,19.750763750967575,50.26074633926337,0.09423591510558485,0,2709.1675041121844,2,9,1,312.840474189348,0.0,0.0,0.0,0
156.85757086348173,43.43058199552304,217.08779729691787,0.6530133567958072,2,513.5989764631622,3,1,2,2.0,0.0,0.0,1.0,1
38.60614818611032,8.615703011247591,76.87976150301982,0.029796686534610865,0,1566.75647428763,29,6,4,155.6724077432793,0.0,0.0,0.0,0
54.75333614681071,12.85901529982706,146.17624783454687,0.062367909310377445,0,3563.533330698241,20,1,0,195.3189853007928,0.0,0.0,0.0,0
40.93383545344325,13.876254819601616,74.60991225763159,0.10187961830284194,0,1895.7081368702595,19,1,11,146.4876192312905,0.0,1.0,0.0,0
12.921549542728759,16.20540151193946,58.46761552426899,0.13556186559134126,1,3506.253299574994,3,5,2,44.106764736895094,0.0,0.0,0.0,0
46.648483386082745,6.876546131519287,144.83265830361626,0.08147296855596474,0,3482.2865928630586,16,7,8,350.2369962194635,0.0,0.0,0.0,0
13.55943242301145,11.379512605875226,134.48753109694547,0.0034907903603738797,0,1445.1811351283297,4,5,1,229.56413907465765,0.0,0.0,0.0,0
26.840955548372843,16.093983531666318,107.52795948547501,0.01963145001865305,0,1377.9968679204649,12,5,5,156.42608359965413,0.0,0.0,0.0,0
96.80336724820745,53.06170394071498,189.17560349409996,0.48720157018236093,2,418.9220325506295,2,2,4,0.0,0.0,0.0,0.0,1
35.085640834424595,10.493749879748336,114.8645659062063,0.10823308238901917,0,2403.3103736648704,15,3,12,288.948626346818,0.0,0.0,0.0,0
53.80698923420036,15.51577687071093,138.92900220719557,0.0494741744137319,0,2406.0810448657435,2,3,9,349.3438917924518,0.0,0.0,0.0,0
39.55493996359963,14.63782462540879,147.79579469545047,0.12693116548184444,0,3886.9566820244268,14,2,8,82.43969629209217,0.0,0.0,0.0,0
41.96954429515009,22.45746571534252,90.94962783455517,0.025428024049419354,0,4170.82289837627,19,3,1,314.1659241766509,0.0,1.0,0.0,0
58.071565619166854,13.539323985624385,101.26839534499427,0.022027225361013918,0,766.0417649345353,20,9,14,71.42996684560946,0.0,0.0,0.0,0
27.040177012650894,23.615146512071295,135.8412751843012,0.06434910410625275,0,3784.9872267191777,9,1,0,184.41711594346785,0.0,0.0,0.0,0
125.34877580333344,41.63849281192995,200.20782229461463,0.2608450292032182,3,195.87428621654675,4,0,4,0.0,0.0,0.0,0.0,1
29.933151388615656,7.927479843244982,86.75344222915314,0.010225846407824035,0,719.0731313163726,4,4,1,101.37970766848031,0.0,0.0,0.0,0
37.91382622019579,22.227254379131335,133.1134765403696,0.042306353218450665,0,461.9276285633487,13,9,3,47.87202174731944,0.0,0.0,0.0,0
19.85530194118261,22.507264798015214,120.44936364116847,0.06807698457103674,0,4255.520866163168,17,8,5,56.26384638276197,0.0,0.0,0.0,0
55.362034188869636,22.467301791174354,95.83991069451001,0.024483312891689812,0,1656.7705310342699,10,4,9,128.9903989937939,0.0,0.0,0.0,0
203.24798380010424,55.065584993751024,193.99546632465228,0.2826273298758105,3,410.03729642238744,4,2,3,0.0,1.0,0.0,0.0,1
47.769403865276246,7.7681000573405505,131.69067100945847,0.08330882684674437,0,2622.903507372986,16,2,10,281.50888527002445,0.0,0.0,0.0,0
23.36293425735309,13.43022365020581,59.43974759038592,0.01885588597681735,0,3824.1003835985452,29,8,2,235.51174026196605,0.0,0.0,0.0,0
84.25234302801987,62.3293975264413,227.62403173968306,0.2936553546834507,3,472.86018689332155,3,1,3,0.0,1.0,0.0,0.0,1
40.010977033887826,10.366621302386507,88.3360519135037,0.08298561793282419,1,3231.3282633533313,7,2,6,69.07088849648356,0.0,0.0,0.0,0
25.13646885948536,10.921892338267423,100.15786499064562,0.12999123433937382,0,4815.565900981382,17,9,14,274.1439057743892,0.0,0.0,0.0,0
22.013233780608857,10.263850083601787,83.81079912597028,0.016103096196914943,0,1076.623653254226,3,3,5,4.992342653195111,0.0,0.0,0.0,0
21.751564940595934,18.045622256368926,90.51971425753297,0.08940653932164708,0,133.71835961195626,18,4,9,2.570663837811779,0.0,0.0,0.0,0
41.42132283072935,18.772632586157513,75.32723835227151,0.0014968164987674058,0,2701.500166770514,1,9,5,307.81405124257736,0.0,0.0,0.0,0
41.92863688528162,16.795108355786503,63.677478812133344,0.1267424210349154,0,853.7276614056454,28,6,7,167.62164784789317,0.0,0.0,0.0,0
17.2051981516483,24.49356821614232,110.38739118261901,0.11024744574448432,0,4317.415163584827,27,5,8,302.23579930760206,0.0,0.0,0.0,0
32.497978818430475,8.143256459835,105.90065389858901,0.0995569878780291,0,4362.103999356732,28,3,6,256.6181912376932,0.0,0.0,0.0,0
39.07124474345436,15.978650489986752,71.93204012113821,0.06433311470253159,0,3649.2994245655414,3,6,5,60.05176092337653,0.0,0.0,0.0,0
23.708033327990293,6.588387379779732,58.56582495964305,0.13412863119961774,0,1650.6892324718278,27,6,8,225.2618609394111,0.0,0.0,0.0,0
32.27005388937546,6.836666157103208,111.91496593147332,0.02455644787635755,0,3336.7802864250584,18,1,0,357.37594195685284,0.0,0.0,0.0,0
55.18155301885527,20.811073591130942,73.49282632907516,0.14699569344135752,0,886.8819527648344,27,7,10,55.16390994484626,0.0,0.0,0.0,0
139.65152382876516,38.93209952927897,238.43746481446544,0.76646695086294,3,413.9520945993546,3,0,3,2.0,1.0,0.0,0.0,1
39.86390411277153,24.725139917336303,103.65906459873325,0.13860626386611496,0,3811.779274241049,14,8,1,272.82689241882116,0.0,1.0,0.0,0
22.396622490290362,23.55582958750631,143.2133915398283,0.10808796290559561,0,502.8406417517532,5,9,13,341.0024541701718,0.0,1.0,0.0,0
209.46761610102624,38.977193539708345,247.86724586048447,0.40323065317484175,2,663.0795915442249,1,1,1,0.0,1.0,0.0,0.0,1
85.56605594620352,42.68179218206265,223.82274203478195,0.7284062435498526,4,151.79501771261317,4,2,1,-1.0,1.0,0.0,0.0,1
38.392048027586064,5.839410068121341,67.67568674234607,0.12974909595443018,0,4754.20020874383,1,4,3,342.3655708927164,0.0,0.0,0.0,0
218.15626080286447,44.26596806440187,219.85776695145736,0.6831042143064048,2,721.3472520826562,3,1,1,-1.0,1.0,0.0,0.0,1
191.8567646054682,77.55909054248522,246.71806008573495,0.4972688420102754,4,192.24993752443578,1,1,4,-1.0,0.0,0.0,1.0,1
182.2828006335264,34.71620483258861,219.64918741326423,0.3893297196806895,5,687.1231809928823,4,2,4,-1.0,0.0,0.0,0.0,1
55.444372019323396,9.300451387123692,70.45936142917758,0.02722619424322433,0,3870.4370689672614,19,4,11,68.69299331314974,0.0,0.0,0.0,0
52.482369533870575,9.946962034863953,95.05441353100935,0.019373912272724246,1,3050.5644405318562,1,1,7,225.61680776713197,0.0,0.0,0.0,0
16.14603392326938,22.773181605307972,100.30839507798363,0.0674024613059463,0,3142.680120807542,20,4,1,88.3050633151683,0.0,0.0,0.0,0
16.20536838568887,7.428298110099442,122.11323573568237,0.027567699766185172,0,2461.699434263474,25,9,1,192.9596604560856,0.0,0.0,0.0,0
38.07389718683384,8.718672817487692,72.4369175698486,0.07407737935621504,1,3859.7287112240897,18,4,9,87.31204713248985,0.0,0.0,0.0,0
45.56035803670113,12.552581602802892,91.35405227434887,0.05605457546043345,0,2294.100012675267,8,8,11,41.14664422727808,0.0,1.0,0.0,0
171.53482325592438,33.93938479666825,183.7982895206793,0.45248945153211906,2,724.2740221652543,2,1,2,-1.0,1.0,0.0,0.0,1
92.36168470145225,63.71694106137543,209.26498947724548,0.7324313161327851,2,647.51214836718,3,2,3,0.0,0.0,0.0,0.0,1
56.12713844264133,6.628195300538488,118.84213462431659,0.03401373704166175,0,345.2058530964465,26,5,5,217.77330797571074,0.0,0.0,0.0,0
125.47693609298912,48.5861498953022,216.06598768715247,0.3097868681041939,3,354.25881184828637,1,2,0,0.0,0.0,0.0,0.0,1
100.41977824369064,42.89019584959846,223.9580338452917,0.40736772444267716,3,305.4641075048985,2,0,3,-1.0,0.0,0.0,0.0,1
55.6867837554971,21.65803445649193,75.38775483056547,0.04969451539559998,0,120.64211609004074,27,6,7,112.87848032274921,0.0,0.0,0.0,0
58.8519376808221,10.456453377604046,65.83730205292002,0.007805675654184057,0,3436.1508877561932,18,2,12,253.08917594840787,0.0,0.0,0.0,0
164.82135865166435,49.15520834221161,187.6257672323244,0.5786087939101692,4,547.4153689829842,1,0,2,0.0,0.0,0.0,0.0,1
55.80935740369438,14.15428102996465,114.28236882754317,0.015455569646265072,1,2864.5908571711752,29,9,3,93.61539212435866,0.0,0.0,0.0,0
47.53951155898939,17.894399547636354,85.52896432193188,0.007374124373257223,0,2793.197214471554,4,3,14,306.88655125777683,0.0,1.0,0.0,0
121.86757547569135,57.94841855238067,198.79477051470545,0.8116248211709274,3,111.88314506371626,3,2,3,-1.0,0.0,0.0,0.0,1
11.796423252792856,14.656698028033867,135.97269333978534,0.07385515913779948,0,1049.4303465501946,24,3,4,308.2630771349385,0.0,0.0,0.0,0
205.34050105350047,44.775519468566486,197.5278086140254,0.20948338614809064,2,575.3548708475666,1,0,1,-1.0,0.0,0.0,0.0,1
16.736022254533182,13.159829669391739,60.675633049441316,0.12249307561382047,0,2560.659487000701,9,9,5,191.35414368489995,0.0,0.0,0.0,0
98.17318456312016,39.98502080331416,224.78995144943534,0.32654525409512136,3,201.79602789224282,1,0,0,0.0,1.0,0.0,1.0,1
44.88174114163321,18.827728904300372,82.58355948449989,0.11784026886345338,1,1131.8148845267867,29,9,3,83.33686343588408,0.0,0.0,0.0,0
38.51881001744118,10.010168717716695,81.12053593283079,0.12750597824897902,0,771.1285102803735,9,2,7,236.01164144634205,0.0,0.0,0.0,0
117.0170799678331,37.8006908011769,245.20927054935368,0.27117901733810656,4,468.9776018007174,3,0,4,-1.0,0.0,1.0,0.0,1
55.58039284787444,11.982385402885038,126.80814070435372,0.0583889679361653,0,4905.961632288183,16,8,11,128.7741933820556,0.0,0.0,0.0,0
27.6540578700433,5.123659019274589,99.39872654301404,0.054100449646395404,0,3618.084879009864,29,3,2,80.75090199003427,0.0,0.0,0.0,0
211.66850019485796,69.0805024615276,189.908355102275,0.7521293308164707,5,228.80178186534374,2,1,2,-1.0,0.0,0.0,1.0,1
174.57544989439992,57.56813394059071,190.3697238041839,0.7905277168508051,3,371.5705380847837,2,1,1,1.0,0.0,0.0,0.0,1
200.38246500983757,30.165835220245075,194.2448750398179,0.3427969565291631,5,131.417988453217,1,0,1,0.0,0.0,1.0,0.0,1
16.511130797906933,7.078706459446044,91.27167270830302,0.14455249083907531,0,1850.8204367400574,17,7,9,181.93127175877297,0.0,0.0,0.0,0
194.70007307977443,68.32618883022154,191.33787737117441,0.7945756276062232,4,14.188983636948388,4,2,0,-1.0,0.0,0.0,0.0,1
25.91576000673883,6.095744938498275,120.33053068633781,0.13368939733730975,0,4691.8774267818435,3,5,2,329.7991458495079,0.0,0.0,0.0,0
56.071681451222666,13.461510455929657,77.87557994686291,0.07063812396264531,1,1965.9832012869012,3,3,13,155.9033738326628,0.0,0.0,0.0,0
169.00374765525973,76.50859311376257,195.25391420876383,0.6467668586994209,2,160.5911868883055,3,2,1,-1.0,1.0,0.0,1.0,1
28.221340566762557,12.598190896482407,130.5270597207251,0.0979696005434484,0,3277.9641941875534,4,8,2,360.42166519042826,0.0,0.0,0.0,0
36.76839705908256,16.321432928963304,125.14529444593437,0.01979479794359426,0,1012.5158399368586,28,1,14,81.87627398153708,0.0,0.0,0.0,0
41.74648650588719,22.178646986494552,84.47697668998742,0.05854433208191557,0,4077.363626168412,4,2,10,229.956818425872,0.0,0.0,0.0,0
46.254656199327115,7.4199953502413285,66.87016428037457,0.04736934667623767,0,3245.2818531195617,7,3,0,102.17712533754593,0.0,0.0,0.0,0
22.969986940092692,17.722673354561316,95.42144197652475,0.12951450217826507,1,4984.198177760328,16,5,14,242.22302308006437,0.0,0.0,0.0,0
25.34861411045091,8.90394329143765,117.84911686505812,0.04846495524995059,1,1662.1397702165684,6,6,11,14.704214353969439,0.0,0.0,0.0,0
46.586236828210644,17.81271185605173,91.5943904581855,0.11386034088875635,0,4485.401958303234,5,9,10,99.07508083648308,0.0,0.0,0.0,0
55.93388984967521,17.01219085092472,144.08753563380648,0.12402583255678161,0,2907.0669217231534,28,2,1,220.8081817820474,0.0,0.0,0.0,0
46.620052452918955,15.298666998265189,66.13628010553836,0.012533150626603462,0,870.4534759778425,10,3,13,44.345817747034374,0.0,0.0,0.0,0
149.8493737703002,77.45023933363868,250.57757278421587,0.3175681248439175,2,139.07135060699488,2,1,2,-1.0,0.0,0.0,1.0,1
49.55913336944673,17.037026452356084,107.29936441135928,0.0687565558707991,0,2347.1479128846213,28,2,7,332.42441164942375,0.0,0.0,0.0,0
51.76086303043844,9.194779878771318,82.8308710357912,0.13050719949095876,0,1134.2398901281895,19,9,4,142.6064310011599,0.0,0.0,0.0,0
40.59264473611897,7.789877213040837,79.21446485352182,0.05495427649405375,0,3936.621008895417,19,7,3,216.2313176346455,0.0,1.0,0.0,0
54.35213722234809,10.500495449755956,72.36126197926647,0.12856454094148737,0,2269.3150290969365,29,7,13,159.78424507066688,0.0,0.0,0.0,0
181.8130946937011,75.01418068129733,237.74899726334718,0.5433956273512398,4,506.29733641729035,2,2,2,-1.0,0.0,0.0,0.0,1
44.94744142436928,12.366944275887025,93.23462264033472,0.00467236391900866,0,216.69819917859692,21,3,14,203.42806689414795,0.0,1.0,0.0,0
163.64763872230873,62.15088412070011,223.37623713361353,0.21746323942728507,5,36.551299768188386,1,1,1,-1.0,0.0,0.0,1.0,1
94.99033896014689,62.92881840815725,182.23758856106093,0.5136160828431713,2,383.93785262277277,3,1,0,2.0,0.0,0.0,0.0,1
44.9317794715978,19.078718146556618,99.25218540205084,0.13723292251822558,0,2278.812707808359,21,9,10,15.452089769180722,0.0,0.0,0.0,0
32.8849802579647,9.177654480103275,86.87071708647952,0.055471988398076495,0,3849.4597611636955,18,5,12,151.7660877509193,0.0,0.0,0.0,0
45.85602842360968,22.12264998027487,85.67687116232726,0.11361966681760764,0,1529.3428195322024,16,1,5,69.57258907217417,0.0,0.0,0.0,0
141.52191938136826,69.24341559969443,253.220370032778,0.3558970127374271,5,501.241028181562,2,2,3,0.0,1.0,0.0,0.0,1
59.46032628990465,12.930784551289683,149.09174747945121,0.023388937826074725,0,490.6298174327862,17,7,5,351.94037294088133,0.0,0.0,0.0,0
16.01036145602881,10.311656659172122,51.75523633666289,0.0439962916170847,0,2613.904612177266,20,9,13,208.28711271654123,0.0,0.0,0.0,0
10.354826624744359,21.387964619329857,85.98249006365666,0.08111484469508143,0,3528.0164033676833,11,1,2,116.4510344035747,0.0,0.0,0.0,0
187.9440852812727,73.87005146706866,248.4677736258257,0.446263341443696,3,331.29890206771495,2,1,0,-1.0,1.0,0.0,0.0,1
37.07038036737926,8.082900863569742,105.37114853580113,0.0812557218615006,0,4176.567311591049,19,3,9,301.7874654356929,0.0,0.0,0.0,0
169.96718569272224,63.71628622155256,234.1053310037966,0.3693265934451423,3,675.3183404901205,2,1,0,-1.0,0.0,0.0,1.0,1
53.87260633015844,20.463670025175166,117.15877429389259,0.004758373772404672,0,236.60373832852133,7,8,1,360.2170200667286,0.0,0.0,0.0,0
183.62419763313966,44.15980029037753,222.81363232047516,0.23869844259719789,5,96.8407289063432,3,2,4,0.0,1.0,0.0,0.0,1
187.31747184756233,59.10154598893173,248.62084716356333,0.4371464249488902,5,464.9038409040783,3,0,2,0.0,1.0,0.0,0.0,1
131.6790271149789,54.945643664478794,195.8594632040165,0.31253891432799114,3,472.86434614575967,2,2,1,1.0,0.0,0.0,0.0,1
178.8157653394954,75.99205119943382,223.2277957391658,0.3209794589436914,2,215.19091106873086,3,1,1,-1.0,1.0,0.0,0.0,1
106.7002965657735,48.470028558311895,244.03704058745672,0.6798638283250003,3,726.3790822209949,1,1,4,1.0,0.0,0.0,1.0,1
154.86944151216403,45.00624640464159,238.20749472674868,0.40300840941894245,5,786.561475682738,2,2,1,0.0,0.0,0.0,0.0,1
138.949727621264,46.7189346000044,239.86821049545674,0.6715234589750654,4,724.2627402381391,3,2,0,-1.0,1.0,0.0,0.0,1
171.22296490730145,60.47334015532364,218.6731400550587,0.8022062829637777,3,792.5069412056679,2,0,3,-1.0,0.0,0.0,0.0,1
32.17279181909521,17.042339707095593,109.1406759422488,0.12098840134894154,0,4980.808600715233,8,4,12,160.28968307131814,0.0,0.0,0.0,0
55.01320556010352,20.84382389603352,117.63610678727241,0.10194497735927154,1,1514.3292826078534,13,5,3,118.92556318122693,0.0,0.0,0.0,0
13.633279379057836,8.981868398718513,84.7822347433046,0.09303522734416807,0,671.9352874409542,7,8,0,98.96692248391464,0.0,0.0,0.0,0
33.89386528265288,13.59765516249696,51.102808426890036,0.1389835672712757,0,1055.6119890903421,16,2,11,41.90052795432989,0.0,1.0,0.0,0
35.733476202591376,7.114012077586014,119.40723335309843,0.07787445593618107,0,2141.5699321080815,13,9,0,28.724651446320653,0.0,0.0,0.0,0
37.099503744488295,23.793030225870165,72.04836934733041,0.1088588865546155,0,3710.0707376649934,6,6,0,181.78474346575717,0.0,0.0,0.0,0
52.3930644880951,6.61409789856326,148.34620353844025,0.05374969410691769,0,503.5771728803936,5,9,13,180.23912696090213,0.0,0.0,0.0,0
39.716586696329784,16.872210888928286,66.41849640563588,0.018519536059610403,1,1998.9098897825359,4,7,1,39.164941785295476,0.0,0.0,0.0,0
55.23280312044148,14.501853369747238,72.39384333096956,0.12797179748378873,0,1567.6654287981337,9,1,6,242.48566638462077,0.0,0.0,0.0,0
47.01523953779909,20.40060937403033,146.9012963503,0.11601273163580444,0,248.57706252815146,27,5,4,113.86961298783358,0.0,0.0,0.0,0
127.0826401980156,72.89733403453252,191.4587775702406,0.3169831740343697,2,482.1805492984878,2,0,2,-1.0,0.0,0.0,0.0,1
34.472638013878154,24.713009082212015,74.20552715115004,0.10082033211088177,0,1226.3058427623785,6,8,4,230.79162816665652,0.0,0.0,0.0,0
12.986920286563048,19.515380313447213,83.6326612330478,0.10231240546289196,0,2540.0987827768636,10,9,0,323.04461985593747,0.0,0.0,0.0,0
57.3653449618481,12.380354648223456,63.551687356075405,0.07775994399495977,0,4673.237721637455,5,7,14,148.4223323130142,0.0,0.0,0.0,0
16.330991452251183,21.308589880231366,141.83683147501227,0.11666373813494783,1,1120.82840232304,16,9,13,302.59872938105553,0.0,1.0,0.0,0
147.14240186075313,56.1576449656968,182.25078658306057,0.3977928560129117,3,451.3945422933499,2,1,4,2.0,0.0,1.0,0.0,1
56.701824532950525,11.548811259081333,63.583242841326566,0.03553888810971712,0,4858.846864459438,18,9,3,156.65456241541258,0.0,0.0,0.0,0
37.735287047686356,9.759109429019016,124.56089284998436,0.0669524496573939,0,4268.928707947037,1,3,14,280.8833942955659,0.0,0.0,0.0,0
59.349753872718644,21.517268420846378,76.46983777110066,0.10886347828574604,0,3922.6147200028863,8,3,1,288.57126238171725,0.0,0.0,0.0,0
82.7058006852857,41.33341156811517,233.2243683475898,0.39560484013641073,5,573.0045974834622,2,0,3,-1.0,0.0,0.0,0.0,1
13.475389825759661,15.171558437374301,58.24580779839539,0.11039208025848335,0,4770.189010190872,9,2,7,77.22747911822934,0.0,0.0,0.0,0
92.93191749862552,33.037686479401,225.3143963057748,0.8279756096202906,3,50.697028492051054,1,0,1,-1.0,1.0,0.0,0.0,1
18.75615700651766,18.455292288249332,72.05042634356471,0.032731130182825835,0,1285.8613160641394,22,4,12,227.56940813954319,0.0,0.0,0.0,0
92.28294182542439,52.966023100990085,251.06011277830208,0.7856729127070103,4,475.595231076899,1,2,3,2.0,0.0,0.0,0.0,1
57.99132590379645,14.565105891518474,139.5814597371882,0.04833232551669425,0,2397.9637440357587,2,6,12,212.58427024564497,0.0,0.0,0.0,0
49.46218946760651,12.170152623906676,61.83453337178779,0.14946757576501338,0,2073.2681319527064,10,5,14,42.1209482725023,0.0,0.0,0.0,0
52.12635256438052,24.09507357891914,121.61350631535696,0.11004660978938498,1,1084.9028622367282,13,5,12,280.38344673960137,0.0,0.0,0.0,0
38.35399852867655,9.85772473249578,123.43836413549505,0.10293749037862608,0,925.1682489971187,13,1,13,7.674054635154804,0.0,0.0,0.0,0
13.070329157056085,23.378694862209947,58.10749161472988,0.13713470645162437,0,2268.051008339803,23,9,0,64.89818191017966,0.0,0.0,0.0,0
44.60375459541049,21.918635713184983,85.65754992828727,0.0348936669014062,0,4610.014745526113,29,5,5,11.747307173621792,0.0,1.0,0.0,0
55.945138217284416,18.714061027778744,124.44147140355673,0.12515667954846116,0,361.2351214667138,8,1,11,96.79101942256784,0.0,0.0,0.0,0
17.53380538549387,11.84767272067093,91.34164492952615,0.1137277516614806,0,3079.1055014197887,22,3,6,251.4431352482831,0.0,0.0,0.0,0
34.95543290538033,7.202845658379329,88.95160259454087,0.036159651878510495,0,1832.4931723714606,24,6,10,53.15445604747955,0.0,0.0,0.0,0
57.55540910413063,21.35555767943256,136.8972165064002,0.08125007382736053,0,3523.5932517798665,25,4,2,311.24891219215505,0.0,0.0,0.0,0
30.52465572706709,8.85059830876279,124.51327484983999,0.01905843980365115,0,3565.2179361026915,20,5,4,173.45802545563518,0.0,0.0,0.0,0
33.839761195019165,7.651643603623583,89.50763253881925,0.026570318218950378,0,1898.647873123974,24,4,5,41.89699171112353,0.0,0.0,0.0,0
182.215881306238,61.1820134885494,234.52894196645724,0.7146444889952497,3,420.93128537919097,3,2,0,0.0,0.0,0.0,1.0,1
179.4220893774123,40.27953582281805,188.69247894320654,0.5525926034158131,2,77.09764019949547,1,2,1,1.0,0.0,0.0,0.0,1
20.03564214568961,22.60309465820518,69.49967375210198,0.047021603976967564,0,3209.8328223971175,22,2,5,232.6519056413659,0.0,0.0,0.0,0
12.884164229177188,8.728108281362221,106.05087340779731,0.1299283372898371,0,396.22285018622483,28,7,3,203.72164509207394,0.0,0.0,0.0,0
48.96015683825539,8.814965274116055,119.40199458245654,0.09039493819284522,0,1402.3573549486507,18,1,7,6.421258117778933,0.0,0.0,0.0,0
27.32793799082738,13.154315413304506,62.55655786372514,0.025694243673250555,0,2944.951226859966,19,7,1,70.60390017911614,0.0,0.0,0.0,0
21.715254966858893,16.57874352410714,114.71677720509855,0.10303291175726348,0,1591.1292525006118,1,1,6,83.01861273365186,0.0,1.0,0.0,0
32.060055110646616,19.32952525284334,88.64937228639137,0.03168943754072946,0,4881.268931714031,2,6,13,125.50655507304145,0.0,0.0,0.0,0
12.074958359153971,17.74189401648885,109.72924203534693,0.0980075247718021,0,1513.489980981802,6,7,4,322.97211795904155,0.0,0.0,0.0,0
44.43198094268545,13.891618060301305,83.55455960578722,0.06997364405053742,0,1953.6897746580798,14,2,3,335.54393000785115,0.0,0.0,0.0,0
149.36441864413044,77.64123584680681,226.87599368370343,0.666183561931385,3,25.74641202457846,3,2,2,-1.0,0.0,0.0,0.0,1
58.11064550579724,24.289764500477084,78.94363680300219,0.07194376451166871,1,74.09861789474097,29,2,11,28.698749511261685,0.0,0.0,0.0,0
43.682716539112164,6.377150752150831,61.771819908262735,0.13741662658044565,0,4223.758951953888,23,5,7,17.711972325492958,0.0,0.0,0.0,0
18.1451327238697,21.24827315247801,135.33957335369416,0.13715106639997252,0,4524.567672689952,10,1,3,358.4793423191949,0.0,0.0,0.0,0
20.21193102849322,9.944102378612666,149.60887272645124,0.015506701080293983,0,693.6299654681563,8,5,7,181.65610523493683,0.0,0.0,0.0,0
34.062172768841826,19.827899445594994,82.83573523272054,0.07398966511576596,1,4780.494354945591,18,3,6,97.04564716556071,0.0,0.0,0.0,0
55.45027944178515,24.15533316352445,57.771241839172546,0.07985403522919723,0,1994.5534285829417,2,2,8,349.6624639358451,0.0,0.0,0.0,0
90.21758006233313,62.97734975463198,233.70102306996327,0.6250488904517384,4,150.75320665804225,2,1,2,0.0,0.0,0.0,0.0,1
40.09276918310043,17.650810664526123,87.28486371889345,0.07689228078087078,0,392.20729162376625,9,6,11,147.83259166431736,0.0,0.0,0.0,0
197.52683525794885,38.854662326102094,230.54000736123996,0.43229428150134047,4,412.65265120047394,3,1,3,-1.0,0.0,0.0,1.0,1
51.777011227185376,24.232255168665663,127.50818003391193,0.09329051006350637,0,4254.876012839129,8,3,10,22.792160365482307,0.0,0.0,0.0,0
47.925094045819534,5.292565177553515,70.72422997688783,0.10698538021250052,0,3329.29553736096,28,6,12,57.917788896735,0.0,0.0,0.0,0
12.15262013578343,20.619277272888706,89.82277939580116,0.06658557484798673,0,3307.3721701130426,6,8,9,86.55773008186459,0.0,0.0,0.0,0
99.83728841643244,52.64664352867265,181.64448223416923,0.48927943415466246,5,539.3843686205906,4,0,2,0.0,1.0,0.0,1.0,1
53.062469259153254,21.262100942216875,53.34030065774344,0.013662662232007721,0,1706.980482406843,6,2,10,201.49181718154526,0.0,0.0,0.0,0
40.895178278321694,18.887709050230825,71.43277619533131,0.1031064586091807,0,1862.3087471489164,20,9,2,231.40029408076137,0.0,0.0,0.0,0
200.85627781724324,76.10542952042283,238.12684411934146,0.3509903210543629,3,516.9550401181523,1,2,1,-1.0,0.0,0.0,0.0,1
34.09930934132029,20.120084835481542,95.23140350513356,0.006475543629441216,0,1634.5451979792108,29,2,14,86.37109298655324,0.0,0.0,0.0,0
50.927128995275154,12.325060119969484,110.15485063797061,0.0909475421061798,0,4527.145940042374,9,3,10,180.12763288650507,0.0,0.0,0.0,0
162.94493683947243,50.06283532661862,199.82477701558886,0.5714478818171334,3,626.8168386214111,1,2,3,-1.0,0.0,0.0,0.0,1
26.454887948705103,18.87878255965635,135.99387467334853,0.05706963347314399,1,1361.7143165416778,16,5,1,353.9258074734867,0.0,0.0,0.0,0
113.705618074493,68.7427934034045,189.24855092065084,0.36749884114207176,5,660.8460823890418,1,2,2,-1.0,0.0,0.0,0.0,1
41.693622302603956,22.205745296290978,148.36918584171764,0.0755729055492819,0,424.91124421747065,10,7,11,239.7298116899616,0.0,0.0,0.0,0
128.40699049501535,51.37448250923295,234.50322644479633,0.3375294913820698,3,526.3110903838987,2,2,4,0.0,1.0,0.0,0.0,1
57.84880948551553,14.235466086225827,52.942606650068925,0.05097640727247102,0,1676.408721659748,6,7,6,38.65581270379391,0.0,0.0,0.0,0
162.36030373696948,54.00615088095063,222.86407244219703,0.563517708475573,3,86.99019832333342,4,2,0,0.0,1.0,0.0,0.0,1
20.570009228045002,15.73257808603608,145.79820536090995,0.08827885220900455,0,345.56897913813367,4,4,7,279.81727278868743,0.0,0.0,0.0,0
22.61573680675765,22.460862940304068,66.8858463370395,0.008045218728124625,0,2403.6047904020315,6,7,11,71.0052871064967,0.0,0.0,0.0,0
19.79360925395687,8.33947747345108,107.55771256984202,0.06949933523194095,0,3983.4026155825686,27,2,9,332.53891818496277,0.0,0.0,0.0,0
48.814083200914645,19.365456643236545,76.47671737447544,0.09320100321426739,0,4316.623253325906,10,2,9,249.1048591764546,0.0,0.0,0.0,0
16.765053611701006,18.12015417809071,130.3774050864219,0.06491893863102906,0,4567.974312291889,28,5,1,88.4415745382438,0.0,0.0,0.0,0
161.1861107298496,65.27530270966454,210.8097401465962,0.6781065165698454,2,526.2219831339155,4,1,4,-1.0,0.0,0.0,0.0,1
169.0912134233299,67.44406398329672,198.67374496736358,0.5020199007415127,5,245.51128718134171,1,2,3,-1.0,0.0,0.0,1.0,1
53.51645172770471,20.517228773173038,58.39895013891589,0.13354637966618463,0,3732.1176171856923,11,3,6,86.25899642745215,0.0,0.0,0.0,0
35.63440361644057,18.51493520694354,146.02523252014376,0.03805041886825447,0,4624.185136206634,20,7,1,18.43988273540216,0.0,0.0,0.0,0
29.39105443624381,8.19154465573427,138.8551382703368,0.14860858658306667,0,3884.6500034485975,28,4,14,16.116957925781893,0.0,0.0,0.0,0
44.73204794468639,9.374312259958547,109.5303265927489,0.0396952540388036,0,4083.951656275669,4,7,6,68.518678077672,0.0,1.0,0.0,0
22.716099058915837,21.385102097429222,137.98219139516954,0.07881523688185392,0,609.0688816353091,26,1,4,153.3433356644196,0.0,0.0,0.0,0
43.97759311425925,9.723439649657546,87.6993829210455,0.07600676458991974,0,4449.202256330987,22,1,12,75.62123724147048,0.0,0.0,0.0,0
35.00846145920675,5.903166807109928,57.70224865736676,0.11831242185019068,0,3407.534255457052,18,2,14,217.49110953793775,0.0,0.0,0.0,0
164.70080076969595,65.58403848306936,241.9958224763975,0.8023313136064052,3,595.0082716503891,3,1,3,1.0,0.0,0.0,0.0,1
188.96604524892123,48.30316457910263,226.57019337943825,0.8008342679715785,3,513.7831409027315,2,1,0,-1.0,0.0,1.0,0.0,1
27.14648046990917,16.241282001177147,109.26639501334947,0.0729310597344945,0,3699.381504345846,2,2,14,325.1463414245381,0.0,1.0,0.0,0
158.96793426813036,30.83888571327725,239.21168826177302,0.3920249397797936,3,433.14792539081134,1,0,0,1.0,1.0,0.0,0.0,1
58.362731126247596,13.781412294838791,145.03354666683907,0.10849349225142245,0,3424.8264500011096,29,6,12,136.1202283515836,0.0,0.0,0.0,0
181.85579798180459,37.50601979066607,206.1749919189441,0.5674364774262197,2,93.95346916727004,4,2,1,-1.0,0.0,0.0,1.0,1
15.157338043918053,23.860414192914725,129.5072881181164,0.02718753833273279,0,1955.5456770559078,11,5,2,46.229393589225786,0.0,0.0,0.0,0
34.25276654779826,10.125863245892152,102.8539860356288,0.04361879163327712,0,2377.9279596807205,25,2,10,247.9786231610355,0.0,0.0,0.0,0
175.7386091384363,70.37785707388952,194.35839687819538,0.7504197405295949,2,15.051064140055448,1,2,2,-1.0,0.0,0.0,0.0,1
36.53686776434179,18.019146702361454,114.45911747423436,0.08419403144226041,0,1064.6569871577412,26,7,9,327.06741580501927,0.0,0.0,0.0,0
186.91080874775759,58.773344442649346,241.97185237030143,0.28291955569003036,3,491.4379318898983,4,2,1,0.0,1.0,0.0,0.0,1
37.6745135099412,14.927978433541684,80.60009735831675,0.13908096971862466,0,2068.309120148395,21,3,9,83.13909469049752,0.0,0.0,0.0,0
39.41318784849655,24.987069991316698,105.58065814371795,0.0709815177122,0,646.586764992999,7,9,2,337.4046113124336,0.0,0.0,0.0,0
36.670368757274616,15.21618431423075,104.60545924365644,0.1262558647834421,0,1614.4539110859107,24,7,7,311.99409639788644,0.0,0.0,0.0,0
112.17485887350625,35.246710925720215,182.04278269381606,0.39004707326492144,3,446.14059006218577,2,0,3,-1.0,0.0,0.0,0.0,1
40.97488757037938,10.947100964736778,93.03371775089212,0.02559971378249976,0,3924.3454016835385,14,3,6,252.63888971835814,0.0,1.0,0.0,0
29.216332357984083,18.5929456538614,71.82538878650641,0.1424941775925338,0,492.5844614456846,6,7,7,322.7326270179986,0.0,0.0,0.0,0
32.96522394956445,7.704573082361046,81.48008261340367,0.04801396636133271,0,613.0279460979355,21,4,5,175.26937822254018,0.0,0.0,0.0,0
24.05765070569649,15.42668171433469,77.71813646746212,0.03154241890480726,0,820.8437590205606,18,7,0,201.40051336384784,0.0,0.0,0.0,0
182.69945317113138,69.46692542974986,192.9393790591826,0.6083624616158951,2,757.8535658774489,1,0,3,1.0,0.0,0.0,0.0,1
208.78629759238564,54.46509869184344,245.14418561707515,0.756977170233482,4,58.5083852433313,2,2,4,-1.0,1.0,0.0,1.0,1
174.4155396149428,39.78405427250077,191.42129638224247,0.3639985952153842,3,135.73563516142343,1,0,1,2.0,0.0,0.0,0.0,1
59.313173227638615,16.59787661498562,113.25793642202862,0.05522452707769311,0,2499.6839234689332,10,1,14,134.85973412631265,0.0,0.0,0.0,0
119.60991007160655,47.510756506575476,200.30228856916108,0.5911763757570374,5,686.788104627986,1,2,2,0.0,0.0,0.0,0.0,1
34.50453456071807,20.02140957696021,101.52954376314456,0.012972666322745779,0,4174.4848567396375,20,6,14,121.67882289781164,0.0,0.0,0.0,0
114.81743169338066,71.15979984701062,200.42650598500958,0.8452557554888329,3,704.2726495376062,1,1,0,-1.0,0.0,0.0,0.0,1
81.64531634371784,64.38966307072792,203.92988664147413,0.3457443909281217,4,80.48475683866644,3,1,0,-1.0,0.0,0.0,0.0,1
206.7580738670543,44.87095621145495,185.5451732637523,0.5124449486258286,2,339.53755282019944,2,1,3,-1.0,0.0,0.0,0.0,1
26.299895926780135,15.837619075453622,67.02146348820048,0.0033330959279907536,0,4333.585467430237,15,6,6,282.666432397092,0.0,1.0,0.0,0
38.00458487216977,20.61463706401802,120.84896974927973,0.025813384394288905,1,2271.6275464456994,2,8,14,260.7292220432741,0.0,0.0,0.0,0
46.199458211784574,9.240896987659488,60.50975502136383,0.10326019360640351,0,3949.000359661983,12,4,14,24.02789282755113,0.0,0.0,0.0,0
51.397044358874595,20.01003849530627,129.95371309195156,0.12376990150391957,0,1216.674143021749,14,4,8,320.1781973967845,0.0,0.0,0.0,0
58.233134035916805,20.653655211129326,79.86284370678827,0.09620704664702545,0,4990.201548361589,20,3,1,56.762480063171466,0.0,0.0,0.0,0
89.79095101467207,76.43862127919405,205.84070000989445,0.5406029742597862,2,756.9907182639903,4,0,1,-1.0,1.0,0.0,0.0,1
84.99921935914406,64.01102019293197,183.32201448025634,0.7083367047647351,3,85.65463448413092,2,1,3,-1.0,0.0,0.0,0.0,1
100.72538020643208,53.31479630724602,182.6875265825811,0.6357644339824551,2,78.95815016237071,4,1,4,1.0,0.0,0.0,0.0,1
11.037901606198211,20.217719553430193,54.27396060619514,0.12969785319041185,0,900.788735072825,1,5,4,50.73580489766336,0.0,0.0,0.0,0
194.57222754178525,57.38039930423383,246.42163675942103,0.6633236350545987,3,606.0850011593719,4,1,3,0.0,1.0,0.0,0.0,1
55.83406625401637,9.665318038340864,128.0807647749807,0.093405059434941,0,1816.0166830784738,9,5,9,224.58492915727334,0.0,0.0,0.0,0
179.23288171585762,77.80833922486926,226.87399877072534,0.3224694110545577,2,728.7030677187856,1,0,4,-1.0,1.0,0.0,1.0,1
13.47434123763265,14.698780611655266,96.89428434408158,0.03924304159360107,1,2118.0720468563677,5,5,8,217.89184748650163,0.0,0.0,0.0,0
149.92814828870118,74.52158774685414,215.15421367059247,0.3271926823320319,2,755.7020440981148,1,0,2,-1.0,0.0,0.0,0.0,1
15.716103590425709,22.675170566769772,69.93405342625726,0.12335866394194234,0,120.73931170146669,12,8,0,298.874008213153,0.0,0.0,0.0,0
24.11142980590556,21.258096615055983,61.83968414276541,0.11341074153326422,0,2262.2331498918693,26,9,4,208.32146573266175,0.0,0.0,0.0,0
119.70120425446981,56.17008343433673,208.47376078657243,0.3494975654609104,4,640.0440776588893,2,1,3,1.0,0.0,0.0,0.0,1
210.206812909814,30.46779839537134,223.78967109682765,0.7659965747293973,2,476.0962801760449,3,0,1,1.0,0.0,0.0,0.0,1
120.19514517816096,72.26810782902564,188.7543630308068,0.223476388295102,4,279.97699755491453,2,2,0,0.0,0.0,0.0,0.0,1
178.06662618501568,75.81169166566076,180.8171604769007,0.7655734767207625,2,370.17938622329643,1,2,0,1.0,0.0,0.0,0.0,1
82.91715567669134,33.31197510441768,214.31002442271827,0.679518478509323,2,224.60454244386315,1,0,0,2.0,1.0,0.0,0.0,1
40.93860385205025,18.30730416837809,100.07109258366714,0.09672918342224698,0,2176.6331762893783,24,1,10,203.00960280995426,0.0,0.0,0.0,0
50.53019241300805,19.71041411587162,116.3791623941444,0.01700806433288588,0,2526.510523954848,12,8,7,20.132155569651694,0.0,0.0,0.0,0
10.48362694234596,9.404938808627437,116.5534000170014,0.13427186052368517,0,2096.7818928937168,12,4,7,225.4627708090556,0.0,0.0,0.0,0
181.2480199817175,58.62071889864986,216.500146275663,0.6537489896755312,3,109.62688525607706,4,0,3,-1.0,0.0,0.0,0.0,1
30.04466591333133,13.10703227251043,59.80943662409814,0.14632357474965835,0,1737.3843361224633,9,5,4,292.36040417533326,0.0,0.0,0.0,0
18.10069389457923,21.830593206200867,134.64078493145573,0.14328544690852185,0,3135.496126979704,2,5,8,27.4252903335702,0.0,0.0,0.0,0
41.68942097725011,15.82060578125623,142.72656326314092,0.1397854026630905,0,1563.509461360347,21,5,3,83.1139859000869,0.0,1.0,0.0,0
148.8987589356276,55.89608668207209,245.91768402344027,0.7816440803590634,3,370.0283126112698,2,1,0,0.0,1.0,0.0,0.0,1
19.64920039695143,7.323611485081782,111.62540405708125,0.0665783986710854,0,3283.026829794684,20,3,4,134.21360546655328,0.0,0.0,0.0,0
55.58193448676518,18.04969456812315,127.38007485690339,0.053754380348674274,0,3231.729625010548,22,7,6,44.759238241972405,0.0,0.0,0.0,0
120.23037709342888,57.013205164794044,246.40826457459616,0.7698826318323915,3,204.5140790568639,3,0,4,1.0,1.0,0.0,0.0,1
15.28858967607952,13.718983008702445,58.65713953576246,0.04617949365502659,1,2893.940332746221,9,6,14,70.89641667242691,0.0,0.0,0.0,0
132.24079517341443,51.17886927908603,221.0653550286925,0.8445787047361755,2,306.8475390204605,2,0,0,1.0,0.0,0.0,0.0,1
54.24364202731543,24.620772533624237,52.00146931729328,0.08197002765010468,0,1421.098398166686,2,9,0,69.61134373387513,0.0,0.0,0.0,0
106.07250866698995,66.19933749868753,206.4891928628505,0.8426505370916348,4,300.2277404514338,3,1,2,0.0,0.0,0.0,0.0,1
89.81198993868004,44.781699254842025,231.92557079344593,0.22231556331667773,2,182.7496131596878,1,2,0,0.0,0.0,0.0,0.0,1
29.80863458046277,18.909344133797244,88.85581012703457,0.0673040433933796,0,1897.5963685652334,12,6,9,214.2775233109201,0.0,0.0,0.0,0
142.45874783110162,63.43530846271739,236.5776406203484,0.48219498362784863,3,575.5472975865581,2,2,2,-1.0,0.0,0.0,0.0,1
187.92819044495928,38.34062534628716,239.94290677028408,0.5048081224121943,4,734.7511021116588,3,1,3,1.0,1.0,0.0,0.0,1
55.80375243464085,14.999603521427499,116.94708988116058,0.0421421738699551,0,1782.9956841453895,2,5,11,149.2875179500912,0.0,0.0,0.0,0
56.24412216338462,21.955165962615524,87.66398517971957,0.08608714634193937,0,1352.9459441923168,1,6,3,342.3031923098851,0.0,1.0,0.0,0
58.892684675089086,9.011293191761398,71.53592828546084,0.043780076555459964,0,1927.8597111107235,27,8,5,150.36049024347622,0.0,0.0,0.0,0
22.015615514833723,18.187006061985002,140.9726837934197,0.14735858317763498,0,713.8921324134614,24,9,14,2.4776835186102684,0.0,0.0,0.0,0
39.7276281180474,13.53250746952789,83.48278515553507,0.08484501771562569,0,164.11127805379004,8,2,14,277.54139449588376,0.0,0.0,0.0,0
16.844015984591383,18.752028578414674,149.29034908992645,0.059347023179506866,0,4816.730914704204,25,3,7,269.18366182787054,0.0,0.0,0.0,0
139.6407111182882,79.40272303477546,191.49242401759585,0.5094332760548149,4,53.90870124242085,4,1,0,1.0,0.0,0.0,0.0,1
150.80890250644865,61.037892089169695,247.01998640115085,0.3249902340877325,2,505.49741604582846,3,0,1,-1.0,0.0,0.0,1.0,1
36.888538889730484,6.190882760049925,105.55073523270457,0.11870122860294546,0,1363.2665320960737,21,5,11,198.87874876429336,0.0,0.0,0.0,0
163.08324348387845,68.92986397536887,203.42979629003963,0.21680924930008813,2,549.0942769253351,1,1,2,0.0,0.0,0.0,0.0,1
205.35483241121474,30.164056450515034,250.05111686861977,0.28934863540549466,2,53.75694231666173,3,2,1,1.0,0.0,1.0,0.0,1
29.599902194457425,12.374058480079226,119.00258239406547,0.05807749112339015,0,4187.6476202249005,23,4,4,91.42627556366367,0.0,0.0,0.0,0
42.04740953311805,20.54578965722547,96.91259078935093,0.11324525325990538,1,3732.769808362458,28,5,8,328.44452219259205,0.0,1.0,0.0,0
188.198661210423,60.561033657030194,243.7665508366962,0.4149615766236,2,134.06213333251995,1,2,2,1.0,1.0,0.0,0.0,1
53.8421265940879,7.521108627214068,137.52098044480255,0.0768316525215427,0,851.7375627945546,3,6,2,137.01273417325174,0.0,0.0,0.0,0
45.09277553253101,5.776090480618903,145.71241956855602,0.006941981923387124,0,4477.1715888718945,15,6,13,206.2782792532845,0.0,0.0,0.0,0
16.853134798708975,16.455065184963253,59.132764436533236,0.03056907529498825,0,2590.8032331745167,2,1,12,340.5249378933126,0.0,0.0,0.0,0
43.189919602133415,14.796561210934449,101.7432559812963,0.0648533988220147,1,4641.428676654259,16,7,10,14.886529903964107,0.0,0.0,0.0,0
14.078746280568296,6.755764741163199,67.18294603576584,0.07771162470605171,0,1452.2577972882577,20,9,14,5.059679608193943,0.0,0.0,0.0,0
207.80233801670488,58.402512720151485,219.09236284399643,0.7242564828546876,2,165.93467863263444,1,2,1,0.0,0.0,1.0,0.0,1
185.3715601695792,51.88470191123559,226.36264122497184,0.2569223312230496,3,745.3576084958154,1,2,4,0.0,0.0,0.0,0.0,1
39.49615891369075,22.412016851514235,71.48140641041346,0.07286120349252813,1,2394.328917398688,13,5,1,43.399601452467586,0.0,0.0,0.0,0
50.296270005881055,20.800608726141228,80.46791390980408,0.012137892457687826,0,908.9463491832179,2,3,1,349.42285408152435,0.0,0.0,0.0,0
37.74128982516531,11.820403445120677,146.18648743479986,0.08211096090018379,0,3231.743922796332,10,3,0,238.41332404260154,0.0,0.0,0.0,0
87.89800293023241,51.13039396370533,213.84076074431752,0.8201132940182541,3,602.4212075031397,4,0,4,-1.0,0.0,0.0,0.0,1
57.22439399226218,10.458434550654736,66.9661081256719,0.07259861254988098,0,1174.5967032519698,27,3,1,353.6336574457428,0.0,0.0,0.0,0
26.127538211930027,21.97339589849349,63.66213314420288,0.1063366495365178,0,1517.7252110566026,26,3,1,316.48139628173783,0.0,0.0,0.0,0
110.26594653301349,45.500000560577256,252.49902534958068,0.7516417170605618,5,373.4095566937593,4,0,3,-1.0,0.0,0.0,1.0,1
25.112469745659872,5.61736265084922,66.56631674764128,0.059268732716185095,0,530.4179483677194,29,3,4,44.75601546696503,0.0,0.0,0.0,0
27.39139018930573,5.6850914725327995,77.42803762251319,0.14849184151135847,0,4509.231408386783,1,5,0,20.516488621171092,0.0,0.0,0.0,0
45.90340806004304,13.853874039348717,123.22192063122223,0.034952844659525216,0,2962.7346402445887,12,8,4,160.6658199744755,0.0,1.0,0.0,0
171.2787195412197,60.05647049651344,249.36162014483773,0.3485413460093838,3,708.3541145572029,1,2,4,2.0,0.0,1.0,0.0,1
32.14250987376053,11.369388512046108,122.32294586055346,0.12024085149195646,0,4889.488349937103,18,1,10,176.7571623100498,0.0,0.0,0.0,0
45.42895625324996,17.468635868867217,114.43961622818657,0.10710814959831859,0,1645.5498934123445,19,1,0,113.33350468056142,0.0,0.0,0.0,0
24.739584200375468,21.03892551483551,119.67136003530283,0.140600934468705,0,3263.486958950641,13,7,13,36.31728620366472,0.0,0.0,0.0,0
35.6534711431719,21.280334710398602,127.68603268982814,0.11828726476627065,0,1308.3782538801067,9,5,14,70.86573426577041,0.0,0.0,0.0,0
14.589953290672094,6.883139765371203,81.14133093912942,0.14692657929322628,0,134.94745406716368,26,5,6,126.4010771976313,0.0,0.0,0.0,0
54.45432916634328,13.510632896017665,91.35168543785989,0.06642874643691286,0,4465.526566698369,3,2,7,336.0602901025999,0.0,0.0,0.0,0
201.04629107508327,45.916365192789634,187.06048205022665,0.39677384608176425,4,529.4896905746298,3,0,4,0.0,0.0,0.0,0.0,1
28.7863628531218,10.642842574434201,136.0870123554672,0.07325319304218005,0,3554.423813850063,13,1,3,326.2324108586493,0.0,0.0,0.0,0
14.585207362924054,17.04881851802238,105.37030523458007,0.03190918425363434,1,3917.4154498324524,7,5,9,355.6005961150597,0.0,0.0,0.0,0
12.757556206947342,8.850432818752035,95.66038195950654,0.0031491106277180825,0,3918.150789227971,14,8,5,175.73396493764548,0.0,0.0,0.0,0
87.48349669268146,39.84335755054036,232.93070596481277,0.5754254789232797,2,238.4687011178938,4,0,0,-1.0,0.0,0.0,0.0,1
152.2156117889429,78.27874898633692,196.2327727974254,0.5246980085336261,4,119.03153832577632,3,1,3,-1.0,1.0,0.0,0.0,1
57.67784033600492,21.896321051442868,76.05450141097378,0.09246884027494441,1,525.2545099625743,18,6,5,125.90125161949412,0.0,0.0,0.0,0
151.50961867216716,56.58544982905262,241.49253224883438,0.5362674240116718,2,533.8717032129078,1,2,4,0.0,1.0,0.0,0.0,1
36.32594257052071,6.085367414648736,105.08725788472913,0.10776724893832837,0,3489.6713721125784,6,3,11,122.68436057964679,0.0,0.0,0.0,0
27.827946058844436,13.946055125052013,146.55179182347663,0.05660227158454674,0,1255.1618681304626,24,4,8,75.18568722879272,0.0,0.0,0.0,0
31.64255533978355,8.953418737485379,104.84835857491245,0.017408018907685334,0,303.1016086281511,10,1,7,360.49996144022464,0.0,0.0,0.0,0
31.923706150904348,18.440522705903987,82.8152667474732,0.02325624250916163,1,4202.720835243348,26,6,0,13.632088893463262,0.0,0.0,0.0,0
14.557031972233876,10.718010675424047,117.23898127987044,0.025480889160671448,0,1689.1751213625414,15,9,7,238.33511649639786,0.0,0.0,0.0,0
96.6257817973019,44.1626735885973,235.02454792597987,0.7250246817286434,3,136.3442257468215,2,2,1,-1.0,0.0,0.0,1.0,1
160.52370784605986,67.690243103011,218.45585572200562,0.3860324312961333,5,481.50100247679404,3,1,4,1.0,1.0,0.0,0.0,1
10.191857275390046,15.040163954783644,108.31278234528693,0.08684479804437066,0,1604.5168442462407,27,5,6,271.5253933652855,0.0,0.0,0.0,0
43.63562632433851,20.685715434809374,116.68666361205591,0.1349819280856728,0,4508.05282390465,6,9,10,296.1637384857395,0.0,0.0,0.0,0
33.2067593599366,5.493121114137858,140.86927663029059,0.07776113171018638,0,595.869804969006,20,1,1,56.689252353547815,0.0,1.0,0.0,0
133.56309203014064,47.48978153972139,228.46403880111612,0.2754120323314407,2,531.4102654246836,4,1,0,-1.0,0.0,0.0,0.0,1
59.68445962748345,7.505351882649302,111.32732693265345,0.029918799882623907,0,3740.642474203147,18,2,1,326.55368287461494,0.0,1.0,0.0,0
58.8591453297498,16.64242741639672,136.68735827991787,0.14299385945494347,0,2767.246458667441,22,2,9,67.89307762743826,0.0,0.0,0.0,0
16.027920820184512,23.049066145716836,56.644384435577486,0.08009512088216457,0,107.94772311797513,12,3,10,177.3901802361251,0.0,0.0,0.0,0
32.463407923281835,10.928897754883062,142.96496077013285,0.018692007851749102,0,310.9628433557807,16,9,11,48.6487541999932,0.0,0.0,0.0,0
41.37339493830364,23.473296750993054,149.7518131172675,0.004867661518601357,0,1586.0202231689025,29,3,5,103.20939182693598,0.0,0.0,0.0,0
187.93482342795278,44.010143356945996,210.6032249113554,0.22428767909009723,2,625.5832338641163,1,0,1,1.0,1.0,0.0,0.0,1
29.145820366488703,23.884473489475734,108.95053841754253,0.05167527827136925,0,4556.534893411675,2,4,8,154.34759224150025,0.0,0.0,0.0,0
56.10463267861658,20.02296735645165,108.97796007780784,0.1153780184993892,0,3804.3559491801766,22,3,14,342.0372653088711,0.0,1.0,0.0,0
55.7263076901028,7.261059356690202,125.74251033733248,0.11363225897000569,0,4438.746670497309,4,9,4,279.647342077714,0.0,0.0,0.0,0
19.752736111818166,24.2113707264687,64.26543514731621,0.07636227428497067,0,1781.526604832318,17,3,8,226.14240204421074,0.0,0.0,0.0,0
170.84577571959062,51.253537274420495,240.85396676909969,0.7972944880473976,4,587.9741272575594,1,2,3,1.0,0.0,0.0,0.0,1
20.271162829763135,7.056287724621071,81.25697335229572,0.13283771841428835,0,721.4680243891798,28,3,1,324.66384649582847,0.0,0.0,0.0,0
17.595134675614716,7.776543452988203,114.08747448032146,0.027282012659871725,0,4489.102629034758,3,2,12,70.18549186516483,0.0,1.0,0.0,0
29.118166553081394,13.862546906458292,87.61904687696222,0.05510107729159199,0,4053.557250280696,17,1,14,176.6052390621265,0.0,0.0,0.0,0
38.946827970350164,13.597127382224246,114.15702955650998,0.12273180020556947,0,4960.385194623513,7,3,0,318.2908532176464,0.0,0.0,0.0,0
214.49503731412818,71.44072093559,248.40560707688525,0.4516707131972449,2,489.1063112886963,4,0,0,0.0,0.0,0.0,0.0,1
56.630110375182184,7.504600512574935,88.20538825110569,0.0042343139476059555,0,1825.8410220053054,17,3,2,156.8933044562517,0.0,0.0,0.0,0
19.06239030330775,16.310778292393202,113.73048264283244,0.11091268704987985,0,4797.085079483951,25,3,6,197.1239860787227,0.0,0.0,0.0,0
35.60519277318996,10.581205543598731,66.1163687896161,0.06394213593818023,0,3509.9762854637033,21,3,8,336.4961968810607,0.0,0.0,0.0,0
113.45265982162351,77.69229817025956,227.6842451099356,0.5881328969852371,5,493.8166220736956,1,1,4,1.0,1.0,0.0,0.0,1
151.28748943932834,35.41102117837027,220.32582126556923,0.7326513297148753,3,288.58939716209875,3,2,4,-1.0,1.0,0.0,0.0,1
52.06070727555266,11.917801511640464,111.80324841811372,0.07343870355834005,1,4752.306459340613,4,1,0,4.606249662539021,0.0,1.0,0.0,0
25.032782028037204,16.561500983696632,87.59383754032933,0.08023091336381329,0,4566.801018440324,3,2,6,25.73430878241392,0.0,0.0,0.0,0
189.80731695787088,32.65440086764828,236.94358036525378,0.7289970303602196,3,729.016995376282,3,1,2,2.0,0.0,0.0,0.0,1
24.616665564169125,11.606220107936931,118.15145354423379,0.05241714611754425,0,1902.9639607988609,8,2,6,311.38565704231826,0.0,0.0,0.0,0
45.977920663271746,7.149064328837731,134.61191855551118,0.11035769801671648,0,769.1657482416439,8,5,5,155.06321887480857,0.0,0.0,0.0,0
179.88471285246533,55.376680346019036,230.17490078347532,0.27210873963519056,3,319.8534472746541,1,0,3,2.0,1.0,0.0,0.0,1
24.953215480442154,12.183278772679063,121.77033617093369,0.091695827558308,0,1911.9291845519265,11,2,1,65.07030503754488,0.0,0.0,0.0,0
166.95320978217296,70.40918812663278,210.54924349154277,0.5472590697250302,5,244.91577194829094,3,0,4,2.0,1.0,1.0,0.0,1
149.4420363357641,40.75534403973938,180.7014478796386,0.3924369924304891,3,321.4880741537343,2,2,3,1.0,0.0,0.0,1.0,1
204.1050087457407,54.88100326623235,243.76128732829804,0.3605918865132689,2,681.0353245555144,2,1,3,-1.0,1.0,0.0,0.0,1
198.9978349698892,34.673946046331345,183.1406024229911,0.5276293690302498,2,320.06694297504185,2,0,2,0.0,0.0,0.0,0.0,1
141.9552102088211,56.180028652961866,189.62971288516886,0.4336670270038779,2,783.9378230336953,4,2,4,-1.0,0.0,0.0,1.0,1
44.39920107618349,11.456289954276865,104.5488148056962,0.02209107127474901,0,4411.926830800423,6,4,14,215.44247831978845,0.0,0.0,0.0,0
184.34513283960325,54.56750202796877,225.0383041818111,0.2924812906457628,4,487.3930583830209,3,1,3,-1.0,0.0,0.0,0.0,1
36.362757497533856,23.59740964587758,98.37968965827963,0.07356736451039249,0,4023.148408553488,14,1,9,332.4508404205946,0.0,0.0,0.0,0
200.67868584490333,48.6475460320401,208.1146199738826,0.6919829701207731,2,102.50432410059848,1,2,1,-1.0,0.0,0.0,0.0,1
22.24197754047603,19.331072795579992,109.79294268198299,0.031769893287232155,0,2165.6519147766244,20,9,7,287.82142233301363,0.0,0.0,0.0,0
10.272185459584529,5.703492630631932,141.18215936367426,0.1162997894828874,0,3780.3701508160366,1,6,2,307.4655368436875,0.0,0.0,0.0,0
46.23547437321888,13.906392364475037,56.03658435150574,0.11963990242346827,0,3518.2562529948777,25,4,13,57.537153079037914,0.0,0.0,0.0,0
160.2539730787208,60.31897392870169,192.67360269166338,0.7575528373799241,5,622.2426131009775,1,2,2,1.0,0.0,0.0,0.0,1
203.20793426677173,42.7288659106963,182.17936589137676,0.5388364138244731,3,252.44561392937285,2,1,0,-1.0,0.0,0.0,0.0,1
34.100866988846626,20.15553120750316,78.19183555972516,0.04770594175417798,1,328.3102595123126,8,2,8,199.77350978391243,0.0,0.0,0.0,0
39.563771787246466,12.980054077402606,55.47616388220313,0.05027958624688514,0,72.92851387278415,9,3,14,151.2941732343241,0.0,0.0,0.0,0
151.9688545060095,38.35588982957003,221.6906018870036,0.3470337477723703,4,750.5777381583013,1,2,1,-1.0,1.0,0.0,1.0,1
49.827427702324925,10.76435165911734,69.43263538737743,0.1460903361156641,0,3026.8122466436444,15,6,10,139.27521045404632,0.0,0.0,0.0,0
92.1611767580745,77.08928637547837,254.9918296612969,0.7761813262271899,4,394.9530574233308,4,0,2,-1.0,0.0,0.0,0.0,1
43.96235006621373,10.045579191536728,108.67315273897519,0.11938697136302345,0,3976.825479658738,27,2,7,147.79244720849306,0.0,0.0,0.0,0
44.69935349096597,11.736999938707534,60.40172517951021,0.08605838225513639,0,4763.574562807933,26,2,13,209.86427899980345,0.0,0.0,0.0,0
25.511842591633524,6.418269463601353,99.99079566958076,0.1310885519078866,0,684.996429399191,15,6,3,330.93411733454445,0.0,0.0,0.0,0
125.46270962839428,37.1754412680244,206.59240943355007,0.6323791005390123,4,380.6534196874887,3,2,1,0.0,1.0,0.0,0.0,1
53.292114437479086,7.6428675633972105,109.5479006665673,0.06740145787527324,0,1300.177302784151,2,8,0,275.5672375994446,0.0,1.0,0.0,0
29.941139044845023,16.603447384546648,103.36025467268784,0.09118576391901669,0,4074.2794066446627,18,5,6,157.26466341138217,0.0,0.0,0.0,0
110.74931880088666,71.2948134646048,189.1559758211322,0.6044290806887952,5,89.88642282977412,3,0,0,-1.0,0.0,0.0,1.0,1
18.982265793206587,24.19188410055481,88.51626277725404,0.05123544494164126,0,2841.1418078642446,26,3,11,211.63949697259798,0.0,0.0,0.0,0
26.681419791843282,20.8311640518274,95.12941130292549,0.027516329460515177,0,4418.671390023119,3,5,13,141.5565228196799,0.0,0.0,0.0,0
29.4338644844741,10.426980635477918,132.87375091519294,0.05351299900403839,0,2736.34561163333,9,1,8,360.21373185918884,0.0,0.0,0.0,0
37.45416112843614,16.659969594366313,90.16531257643803,0.1423619404774225,0,1462.7561869990657,28,4,1,99.7650399830501,0.0,0.0,0.0,0
46.58021702597342,12.339962945364416,60.61254185649024,0.1032967578396585,1,3646.6919647927516,29,6,1,35.63084759532937,0.0,0.0,0.0,0
21.81682951343756,6.957140054329001,107.61593298259662,0.083051675030915,0,328.4211368601038,29,5,9,286.0081215811526,0.0,0.0,0.0,0
47.74701000791645,11.587070484999094,63.82320867853372,0.05985606780724561,1,1168.1129940212006,21,8,11,25.92396719200422,0.0,0.0,0.0,0
13.545797974398962,11.995921236151839,136.24965074015853,0.03496092178362524,0,3166.6603074460336,13,9,1,283.0594333024348,0.0,0.0,0.0,0
58.39300174225152,10.908895549548404,126.92231478381336,0.09369953532813956,0,1068.151947867998,17,4,13,95.16035447076953,0.0,1.0,0.0,0
14.456221605800831,20.10540840993616,62.77134836352349,0.12391014453787925,0,3558.286253827733,14,4,0,82.98541453507606,0.0,0.0,0.0,0
36.091373718192244,13.681527883938392,69.19755058592378,0.07323290387988578,0,3988.038644386235,21,3,2,199.44381983808765,0.0,0.0,0.0,0
57.07371187530327,8.48818534222999,97.16494907505954,0.013713298772570725,0,2775.1318189513167,29,8,12,92.56866136379351,0.0,0.0,0.0,0
25.805065577348525,6.114817071748835,110.9812761548117,0.036120572410975986,0,448.87502081824226,8,8,0,32.762217704457356,0.0,0.0,0.0,0
105.83167938381962,47.33198471849431,229.74604776433637,0.5133580739409119,4,769.3542419660591,3,2,4,-1.0,0.0,0.0,1.0,1
39.05531223489482,15.119666583141269,89.8641335196384,0.01794456592741055,0,410.17376238615424,9,1,0,32.0712107901591,0.0,0.0,0.0,0
30.066272197061195,8.851521946936806,85.60896737547469,0.025475914995187192,0,4538.374744234142,24,2,8,78.30718073919958,0.0,0.0,0.0,0
194.668043793709,74.37900242947839,199.46067371788638,0.7521175321670577,2,336.5403886775641,2,1,4,-1.0,1.0,0.0,0.0,1
29.04425610543842,13.7994753408476,97.02349596092813,0.11541549924016443,0,3856.30481243901,17,7,8,268.08096084449284,0.0,0.0,0.0,0
128.0698910060427,38.98274951542593,186.263300812977,0.4894700075602196,4,603.7409058936422,4,1,4,-1.0,0.0,0.0,0.0,1
48.38377165186396,18.318600624413598,99.8526124146398,0.07016846557088123,0,2213.269176688431,13,3,4,192.90803747331256,0.0,0.0,0.0,0
49.249958721179176,14.09167011150419,99.2410786715372,0.027955408322425688,0,2778.6445247069573,5,8,8,337.57837323319467,0.0,0.0,0.0,0
41.50469247277058,24.645188157414054,118.56766363336942,0.14632229886716416,0,737.8538351739517,15,4,0,289.7215433843301,0.0,1.0,0.0,0
41.15808768722899,14.385798218749656,61.66029664288008,0.055168062822084536,0,3231.592928072633,25,4,2,329.8750504106739,0.0,0.0,0.0,0
41.94778317671797,22.578978051907907,146.19247578160508,0.1285796380836831,0,3339.3414932622272,5,8,5,160.67992513441573,0.0,0.0,0.0,0
58.96165416486222,20.90650708016376,120.75368316269962,0.020331732541727227,0,3693.17211862358,28,1,3,86.23014321601686,0.0,0.0,0.0,0
37.75092621026455,10.744251422547231,144.01760633010565,0.11431074801595885,1,235.90254521393825,14,9,3,211.1460613017635,0.0,0.0,0.0,0
10.185120341620843,8.251224118628302,84.9522801169398,0.04735816946557329,0,3418.775297387247,4,2,1,53.325246422581884,0.0,0.0,0.0,0
182.17945457357615,62.57933001340953,184.29733314619943,0.21457876448449228,3,556.8145189341544,2,0,3,-1.0,0.0,0.0,0.0,1
135.9931868825698,69.23879156351175,228.71174355794318,0.5779852923092212,5,26.844438049763024,4,1,4,0.0,0.0,0.0,0.0,1
86.52858678273091,69.50835686226102,196.83907763528484,0.37278335146970615,2,432.16005412117494,3,0,1,-1.0,0.0,0.0,0.0,1
121.63776913468305,35.50412795966871,207.77609034640668,0.4398039769543566,4,642.7570693245675,2,1,1,-1.0,0.0,0.0,0.0,1
29.5929686594013,22.913495552375572,70.43163833989703,0.07617075959381686,0,139.71400317636218,17,9,10,173.10308265658807,0.0,0.0,0.0,0
13.102263021091478,6.632632997026766,79.84941127873687,0.07712822713815169,0,271.840737820496,9,2,8,37.56278605733108,0.0,1.0,0.0,0
11.110924101279021,24.770799740914132,54.14280888193878,0.14517041064727274,0,4817.63718397208,7,5,8,18.60583011319148,0.0,0.0,0.0,0
50.91337840797952,24.726593091026793,78.16818336481683,0.04729880330702189,1,1208.6913430512839,24,1,1,99.23774952095327,0.0,0.0,0.0,0
204.31773955763566,68.4621189587728,200.71572244989068,0.3570136796906609,4,153.24080610486087,2,1,4,1.0,0.0,0.0,1.0,1
94.80763147671064,37.09695120291307,206.7812075785427,0.24408519178127266,2,528.5566740387017,1,1,2,2.0,0.0,0.0,0.0,1
11.458533428703724,17.102032444743013,89.57448298473544,0.04480082360813246,0,3746.379373600891,12,4,6,67.39770475119964,0.0,0.0,0.0,0
192.68024816520023,66.54470270433477,239.0152701888844,0.593526279822037,2,159.70102538348365,1,1,2,-1.0,0.0,0.0,0.0,1
122.89360513559862,38.04526419817502,218.11386624651527,0.2076067074270802,3,747.5672607861205,3,0,0,1.0,0.0,0.0,1.0,1
51.47233198808322,17.054596010152036,68.69095348270773,0.08130530782591773,0,1651.1633069159582,22,6,1,51.50069569655773,0.0,0.0,0.0,0
18.761214618305765,20.49443245218683,144.67911722816206,0.0150660626792949,0,4802.062653400957,13,6,6,1.6952363260209014,0.0,0.0,0.0,0
204.84296454809112,40.233447379697374,244.4158182194049,0.39566695657710427,5,232.04146766792078,3,0,0,2.0,0.0,0.0,1.0,1
56.94298882178289,17.14664181841258,65.83892611869916,0.07532226789554777,0,3373.908516660685,26,5,3,364.9288776088375,0.0,0.0,0.0,0
214.10674007828126,48.47277810773004,184.27878415334797,0.70743444914863,4,426.7521619682935,1,2,3,-1.0,0.0,0.0,0.0,1
34.85059744106245,20.307125621324815,60.29814793313155,0.050154421696572325,0,3778.5687926998817,10,3,13,192.20114033064223,0.0,0.0,0.0,0
34.34703566196241,20.808305006384202,141.62708373435316,0.05825503165073213,0,2528.448307586784,3,2,4,340.0444767459054,0.0,0.0,0.0,0
215.74054038739493,63.00880488864827,194.78968983977938,0.6878186582561718,2,60.074068076611624,2,2,2,0.0,1.0,0.0,1.0,1
32.230279961805046,20.49699693068198,123.98216343655965,0.08072151451221815,0,4634.102666595248,27,9,12,260.77370028787925,0.0,0.0,0.0,0
14.047485101117804,16.543432532479926,143.62403878072033,0.13000370225990923,1,2662.7784859283065,22,7,2,37.57534281560446,0.0,0.0,0.0,0
32.36068703968925,11.1945844350266,98.28100933283703,0.048460660260862674,0,1523.4848921845862,8,9,13,83.37543609257337,0.0,0.0,0.0,0
17.276976566132316,17.122487777659554,98.91799615470362,0.01439635450441694,0,2598.1432889022453,1,1,1,296.5095910966456,0.0,0.0,0.0,0
15.677879609981451,18.431463911855992,102.03077009037932,0.11584775876034589,0,4268.298426576774,22,5,13,319.9785649702959,0.0,0.0,0.0,0
160.93165505106606,70.27961647639091,216.4875310577035,0.742637613705551,3,13.58479359467865,4,2,1,0.0,0.0,0.0,0.0,1
33.92454299476093,15.752114134528261,99.19164197523767,0.12036274307680547,0,676.9594062953953,11,6,14,206.45575036941895,0.0,0.0,0.0,0
45.77385643438396,23.064166499668108,66.71971294681364,0.07147227431829299,0,3001.155204952562,22,4,11,64.10999887668623,0.0,0.0,0.0,0
215.07282877884998,47.32494447601598,245.89428182818796,0.21417459063481942,2,48.43806777931393,4,1,1,0.0,0.0,0.0,0.0,1
162.28055967605854,61.121407603482865,199.125131852019,0.3555303508740189,4,611.3896745486542,1,0,4,-1.0,0.0,0.0,1.0,1
49.554286076401496,12.098356807294143,145.41380793838093,0.12760960268790558,0,87.32840894419346,26,6,6,76.3558711844465,0.0,0.0,0.0,0
31.218189434067348,5.312212445154585,81.82973858333357,0.055203220415883845,0,4897.782620403269,6,5,1,47.22403983965255,0.0,0.0,0.0,0
15.473443002722695,22.889598619361347,149.1475335145048,0.009227553935885258,0,2604.5911511959025,19,3,7,241.67088368889608,0.0,0.0,0.0,0
169.87321992660264,67.46290576729643,219.05175656580383,0.5317184295370958,4,565.4082325792033,4,2,1,-1.0,0.0,0.0,0.0,1
13.92635929707864,16.21078704833542,83.20738908238204,0.023241267800690385,0,2631.917589306052,9,6,3,357.0887989024423,0.0,0.0,0.0,0
26.291229200972435,8.834724347805329,105.54972801696314,0.0875878933891703,0,4264.458452062796,5,7,10,248.34031102332057,0.0,0.0,0.0,0
191.6194537446068,65.27420561766385,224.1819060421982,0.8301586059939223,2,233.67678027641114,1,2,0,1.0,0.0,0.0,0.0,1
25.186047679559433,24.658898432404424,77.41361671919384,0.03039853829856466,0,331.36082502632286,1,2,9,7.727912763413135,0.0,0.0,0.0,0
45.24851669036029,12.202633755477487,54.546462720492585,0.023674047194969784,0,2966.125901946928,27,5,7,199.47835643128897,0.0,0.0,0.0,0
33.67698234494452,19.93133347606786,130.46716178555585,0.11047413130751688,1,2261.8294410736466,16,6,10,125.34469153700655,0.0,0.0,0.0,0
59.782258833717464,14.603670305237756,98.58856061896131,0.08487776811160078,1,4014.049594305764,6,8,1,213.975957054978,0.0,0.0,0.0,0
26.113019690974234,24.48609926220955,148.63281735601262,0.0768907579532382,1,2637.51685638143,5,1,6,339.2695824593743,0.0,0.0,0.0,0
27.433299364586468,6.923531021828415,144.0523264489604,0.059635803163128345,0,4196.665024241273,11,9,8,76.31114156926549,0.0,0.0,0.0,0
42.38545373951149,15.052796099510706,99.1811322322456,0.025768366421665023,0,836.3208251225811,27,1,1,144.3228288433433,0.0,0.0,0.0,0
27.814835777592837,12.83263911907634,130.37606948804796,0.13294974873710486,0,4190.135748417212,10,6,4,359.6914659167076,0.0,0.0,0.0,0
126.81711003165952,50.92845777943901,180.89934330211915,0.27957684226911855,3,180.5576822330722,4,2,1,0.0,0.0,0.0,0.0,1
41.10197811854969,24.84884578749558,88.63231730764659,0.08607618811567701,0,4243.994755223204,1,4,3,10.044502576251581,0.0,0.0,0.0,0
177.9886284773791,75.57946938363652,187.01347998238245,0.5596184716552544,4,228.3408486739522,4,2,4,1.0,0.0,0.0,0.0,1
18.13304075527426,19.687313529844367,70.883093549459,0.008784795792680078,0,2996.3871769610378,9,3,7,126.10051160905769,0.0,0.0,0.0,0
12.34491204725839,23.95493463226703,62.87425621331769,0.005160544157144176,0,1013.4384621513875,2,9,3,212.13265009722144,0.0,0.0,0.0,0
20.987345831405253,11.98769383339654,142.69101886533835,0.07557181361645807,0,1966.7553600973833,4,8,14,338.77300562690937,0.0,0.0,0.0,0
42.771798922033064,9.663751088432326,136.44029871943977,0.04640528431200192,0,129.8169995424637,7,3,3,291.61622515617273,0.0,0.0,0.0,0
19.216683716568504,6.6174593323439534,92.83144749401077,0.10327498511480496,0,4580.307951751079,15,2,13,34.26375087967149,0.0,0.0,0.0,0
40.367819173887185,8.703300908324053,112.69162793138956,0.02606982857028595,0,1685.270559060352,6,1,11,20.05801066204871,0.0,0.0,0.0,0
49.73314461989445,14.126336411019247,67.07682600033368,0.040081484322911115,0,779.8968912593677,4,5,8,36.92479120390253,0.0,1.0,0.0,0
40.78059759611794,6.9009291732337115,145.05344745281667,0.147062154034921,0,4752.842318603361,15,7,13,222.2846755339539,0.0,0.0,0.0,0
15.40747990066313,18.120291591830124,142.39549098249302,0.024166485777874967,0,1742.2335910866357,11,6,3,354.6239565630084,0.0,0.0,0.0,0
94.20390610016483,43.11706828185354,214.41858549484638,0.37288176344674684,3,188.5064571037453,1,1,2,0.0,0.0,0.0,0.0,1
58.67286949880866,11.736810037222066,79.64897812833152,0.1377311999434163,0,3809.932930067427,25,2,14,237.85879032784547,0.0,0.0,0.0,0
14.446476137751194,6.163355174418495,87.22452951860714,0.10809966817617934,0,2143.2385189105553,2,6,14,352.00207867989997,0.0,0.0,0.0,0
20.325658246489198,24.396415704820807,52.500411285059215,0.11786732255906314,0,235.5653865048137,18,7,7,298.98253086976547,0.0,1.0,0.0,0
204.90714415296156,38.68331628445867,211.89247256239955,0.4821002536562494,3,628.2005555286138,3,0,0,-1.0,0.0,0.0,0.0,1
108.29996487407394,69.70018696024462,247.19480235603427,0.38383417749344495,2,31.112358353688098,1,0,1,-1.0,0.0,0.0,0.0,1
53.52634831346921,17.628378424367526,103.25040664159818,0.017309196326837605,0,630.1593331171555,29,7,7,252.60688116389466,0.0,0.0,0.0,0
28.0029950965363,14.557347098262717,85.52839742369227,0.10237675951743001,0,3590.8454371192215,12,8,4,45.7166993501159,0.0,0.0,0.0,0
58.295149593290546,14.470603256929566,129.81829895748427,0.01908061790066713,0,1393.730281953905,11,6,9,99.65917400348035,0.0,0.0,0.0,0
47.53948374742541,7.877314856136877,112.2059509282108,0.012048465853430007,0,1940.1035279775772,26,4,13,224.11304374921215,0.0,0.0,0.0,0
16.081144534004714,12.267849588642532,75.54282810460904,0.0760036801509448,1,2896.019791486725,14,6,4,281.7670185377075,0.0,1.0,0.0,0
189.7626675279693,36.46353139599394,248.64878944794768,0.5819243854681271,2,770.7483743367461,1,1,4,-1.0,0.0,0.0,1.0,1
38.835119942887815,6.345118279347357,59.49179368216697,0.1498338918049936,0,3753.5103646417897,29,3,12,170.02639992644052,0.0,0.0,0.0,0
54.321802767769526,11.040977309786804,121.39554232420517,0.09180706194866334,0,1233.1769021781624,20,4,10,128.02492338351456,0.0,0.0,0.0,0
55.06878247942222,22.55782318082655,81.71957167653986,0.13033509383108566,0,1519.50290907339,7,9,4,118.47382791359865,0.0,0.0,0.0,0
171.71461109414648,41.614662057052136,253.04282891667083,0.5707306324483001,5,688.6835760235192,3,0,0,0.0,0.0,0.0,0.0,1
100.77296076820667,37.84086672105558,183.28137750050664,0.7568713763303943,2,659.3029268584169,4,1,0,0.0,0.0,0.0,1.0,1
16.11692879810706,23.848057295139803,96.11417778806998,0.04667504471571537,0,3875.0835155047403,8,1,1,273.5480775958609,0.0,0.0,0.0,0
12.7874799235164,6.048113729223976,140.78158577774042,0.1081886861900737,0,2636.735460295957,26,5,6,349.0207283799241,0.0,1.0,0.0,0
59.358391981510216,11.359196633192354,103.19556987831766,0.07669470365557328,1,2418.989475542229,15,5,7,205.38139586361623,0.0,0.0,0.0,0
46.27060615964852,6.3669674289638944,145.5098556165686,0.02895224781085479,0,4056.8923875964006,12,7,11,48.673482465068915,0.0,0.0,0.0,0
160.87877014216338,45.45275787363088,235.86035647286656,0.23106446451557894,2,650.5801659198452,2,1,1,1.0,1.0,0.0,0.0,1
46.30905610000077,18.645742435273952,63.53624617602578,0.02143319012884008,0,3620.2780527528153,10,4,6,102.62029874634575,0.0,0.0,0.0,0
40.54904944254959,13.220569396134094,133.98613028667205,0.13500346850970166,0,1222.5092669236863,5,4,1,267.1646946687566,0.0,0.0,0.0,0
49.706728086613616,14.891941055275176,139.4747570831301,0.04015026557914463,0,4498.054707316402,10,6,14,325.6668391714088,0.0,0.0,0.0,0
20.61387576427572,15.402696955693697,97.47211271282129,0.03875889718055551,0,4503.022944078018,12,7,6,31.66325195800427,0.0,0.0,0.0,0
56.668774957098435,11.34146437527382,143.9335015742987,0.05527764867575713,0,3826.6984741096653,22,4,0,338.65067250140913,0.0,0.0,0.0,0
154.81431500000735,77.6982616662637,188.49110074574216,0.33501508912104944,5,766.2866303364913,1,2,4,1.0,1.0,0.0,1.0,1
126.63060750265977,32.87297786124531,204.16817627055212,0.24051677380298653,2,334.441873831503,4,0,2,-1.0,0.0,0.0,0.0,1
26.233796344503,19.747141547755994,97.60181293687666,0.0563832427718654,0,2324.261503609634,21,1,8,37.284578325001405,0.0,0.0,0.0,0
107.73394008436792,34.91232537759559,231.79827098546258,0.7348517885895887,5,516.899152702064,2,2,1,1.0,1.0,0.0,1.0,1
28.211394057310553,8.372136125790286,125.73417806725513,0.007591626113576022,0,1509.8843625342975,20,4,14,312.9650738414909,0.0,0.0,0.0,0
56.71182205360695,10.835103371411702,137.83398200433783,0.042461465887556525,0,1086.4376005565748,10,4,9,148.38648456875978,0.0,0.0,0.0,0
109.3437036379463,63.39462745693182,221.135049615631,0.7224891731930954,2,216.1422861123848,2,1,0,2.0,0.0,0.0,0.0,1
53.490618290696155,13.97910874956475,147.92482787019853,0.1439751572098315,0,4435.322168563176,18,9,0,227.86599628589343,0.0,1.0,0.0,0
56.415928129386266,13.563682966346287,146.66548190436697,0.14454299656338793,0,1507.5220157444492,21,7,0,115.67653188204135,0.0,0.0,0.0,0
83.04211638292603,75.2397476448491,188.49394560961255,0.28649818447324227,2,641.5144067146051,4,2,1,-1.0,1.0,0.0,0.0,1
198.9948029608581,42.46182722644083,203.48762663120607,0.23849520816212277,2,397.3479169810081,2,0,3,0.0,1.0,0.0,0.0,1
81.90598061585412,46.249370477854306,249.92194319048753,0.39762942526327494,5,207.60582614790295,1,1,0,1.0,1.0,0.0,1.0,1
153.43560317855452,62.23509494059219,220.32197416352716,0.6256137298961473,5,794.6793248347648,2,0,4,1.0,1.0,0.0,1.0,1
17.477465927847227,7.076787722218551,62.35724905994905,0.015154236973688777,0,1022.5891293944471,22,1,13,303.71457867033695,0.0,0.0,0.0,0
194.87603093539667,42.230309907119945,229.65451578127644,0.2617519448802099,2,443.4523995120868,4,1,3,0.0,0.0,0.0,0.0,1
19.58867291468355,6.001290541865886,137.36338226347002,0.011333174064415434,0,3491.828800640704,14,2,12,108.76262505172838,0.0,1.0,0.0,0
177.29462692518126,69.20166180915648,181.35181898733302,0.5867700546719835,3,309.1792479108521,2,2,3,0.0,0.0,0.0,0.0,1
47.58153967836337,17.409374921029546,95.97940132748613,0.029065319233683867,0,3123.6831325099874,13,1,14,251.26940780633325,0.0,0.0,0.0,0
32.73821712763305,18.49572604334821,117.75316138836847,0.055968392763357536,1,878.417309572066,5,7,8,235.1537041325462,0.0,0.0,0.0,0
123.25279565117798,43.98937930773537,205.61774771258186,0.34199752580499987,4,772.0125660569474,1,2,0,1.0,0.0,0.0,0.0,1
181.16799010351517,60.980166020864274,211.2735017692167,0.7150849388097438,5,17.750608584991202,3,0,2,1.0,0.0,0.0,0.0,1
111.35282127141372,68.458264106166,216.4423673991615,0.6939785706022208,2,762.6315299445171,4,1,1,0.0,1.0,0.0,0.0,1
54.8743260003792,14.057431691702647,90.5753897176421,0.005981043344687337,0,4255.653921974903,25,4,4,150.76566747292867,0.0,0.0,0.0,0
40.084108200914805,23.74217889839354,81.18021369557687,0.037465824366977964,0,3115.233208665229,4,1,8,260.8849459020402,0.0,1.0,0.0,0
32.34051271237006,24.12399740028808,122.28541796753541,0.1242424567752371,0,3434.923985894841,22,9,10,111.60197045183006,0.0,0.0,0.0,0
153.96713972368354,32.03000509602998,203.40984176179163,0.8211687174080675,3,157.49456780106289,1,2,4,-1.0,0.0,0.0,0.0,1
195.08455655793108,39.7051883583554,186.84107090644872,0.41413257991986907,3,251.94356436066448,4,1,0,0.0,0.0,0.0,0.0,1
104.97231288678407,78.43453887153223,206.5519195010805,0.41403653299602744,3,82.45849610340777,2,2,2,-1.0,0.0,0.0,0.0,1
28.519849313765324,12.496071355635927,97.40064284831558,0.06661915697486274,1,2749.6365500305974,29,4,0,140.71184522897664,0.0,0.0,0.0,0
90.99157054950415,71.26074974522865,221.0565038904792,0.6349783420962204,3,561.2644370751701,1,1,1,0.0,0.0,0.0,0.0,1
38.994779911389216,12.674535189825463,59.358534107075954,0.05997996945548911,0,3416.8778891335223,29,7,8,286.4067329660403,0.0,0.0,0.0,0
27.38689177796578,22.528418872089855,70.16552112668923,0.01173631478700341,0,4185.656470434316,12,6,7,268.28346733503224,0.0,0.0,0.0,0
45.43423594050477,11.96397964427321,60.133548413259696,0.05799968352030058,0,4903.642662878768,18,8,14,231.16858237254513,0.0,0.0,0.0,0
124.56753309825977,68.94319044906146,186.06540490940108,0.3114357798398455,3,714.4719913608255,3,0,2,0.0,0.0,0.0,1.0,1
40.66458424436895,17.75376493791871,74.20220799808772,0.10710790850671902,0,1036.388165510664,23,4,14,10.768980128000166,0.0,0.0,0.0,0
42.974508554382595,5.832064667106427,122.1477082734017,0.009295651046911541,0,4146.972121067511,24,2,1,359.5373534271753,0.0,0.0,0.0,0
169.74929976180698,64.50448696008515,182.5267377883053,0.6158425130856393,2,377.45688846589815,1,1,3,1.0,0.0,0.0,1.0,1
187.3076325051898,74.13359676503227,241.48832637943002,0.5029221776750239,3,201.3981932479038,4,2,1,1.0,0.0,1.0,0.0,1
55.578980062610945,12.588907737619028,133.8132525605361,0.04697417142932685,0,3259.7008709353727,6,6,0,304.90725927529576,0.0,0.0,0.0,0
30.59969947460863,16.57833065185435,89.26991133589414,0.0866603655241263,0,3444.2507849660756,27,6,4,155.1232627532501,0.0,0.0,0.0,0
28.079513321015483,23.649008421612866,113.06084716506095,0.14012330156895095,0,562.0040749113733,18,4,1,313.507766813703,0.0,0.0,0.0,0
52.71997566628401,19.97998034809914,77.23153971810828,0.017625276031855996,0,4607.744432720931,17,8,0,201.00202938678606,0.0,0.0,0.0,0
39.028351179539385,11.585514584449152,133.94033438945056,0.1143629432468585,0,4985.889726802926,7,7,8,131.7647273560064,0.0,0.0,0.0,0
54.21036759146593,14.442334884664819,88.29093281797856,0.037673760203742857,0,4405.267637791644,25,5,5,312.54407173706824,0.0,0.0,0.0,0
28.294290477844022,11.360991451018375,124.94260059808087,0.06466686076455075,0,1449.8655968189737,19,8,0,121.25503339577239,0.0,0.0,0.0,0
16.30550708393125,7.59714026835762,117.61957463565392,0.12879001604737472,1,3160.3182318697495,20,9,5,119.9282809472874,0.0,0.0,0.0,0
41.41444972926607,24.633748689839738,144.45149232882093,0.025491373661247558,1,4730.397190571659,15,9,11,13.083115598464666,0.0,0.0,0.0,0
16.49774520384605,7.606482271202422,118.11770960705276,0.05590141432437568,0,2057.0837907905443,9,7,0,147.7637514851898,0.0,0.0,0.0,0
37.094008663810996,6.824896826085107,117.894542428067,0.10876440283464762,1,1338.9669257881046,22,5,12,172.6380582003186,0.0,0.0,0.0,0
15.551746151192976,13.85529913723789,75.32528169657162,0.1363848564692252,0,293.30551218731637,3,1,1,247.2297738197535,0.0,1.0,0.0,0
22.824376160357716,16.87501504814359,51.573598037354444,0.038932837299748224,0,208.7103467186849,27,5,6,279.1834484603331,0.0,1.0,0.0,0
131.18299800258094,63.47578538010061,232.3022017771099,0.8006372549840044,5,237.77321112964765,1,0,3,1.0,0.0,0.0,0.0,1
217.71146724749238,49.25178474518734,251.76547552421027,0.5997872212571635,3,249.21958651200043,3,1,1,-1.0,0.0,0.0,1.0,1
46.428260581663544,11.899656913917568,116.99491810030801,0.03866964932461889,0,3587.8748989566607,4,9,13,98.34504912305346,0.0,0.0,0.0,0
135.68169817085237,43.497916245052906,207.94088343115354,0.6573448167997511,3,783.5408448205619,4,1,3,1.0,0.0,0.0,1.0,1
219.0871908067078,64.6681218350563,231.51227968136618,0.5346286386182817,5,797.499461949315,2,1,2,-1.0,0.0,0.0,0.0,1
156.7124825698853,68.6758626135647,230.58459625832802,0.3913969802901761,3,673.6996663306782,3,1,0,-1.0,0.0,0.0,0.0,1
43.95791728717784,24.699006327232883,52.883632692170536,0.05072099827257127,0,1348.4094103529758,25,4,2,189.8667715423237,0.0,0.0,0.0,0
19.46367500839377,15.670153250329735,81.79760494466215,0.07896204155923173,0,3856.1203899517454,28,8,10,93.73899551906311,0.0,0.0,0.0,0
13.03905843147017,22.965594150875898,80.4443448990374,0.07502221247465989,0,900.5810567387351,7,1,0,252.6456027434659,0.0,0.0,0.0,0
35.19443983956367,19.175312646913092,74.89435247968729,0.04866573429525993,0,177.4249282487202,19,5,6,273.6037960090782,0.0,0.0,0.0,0
17.287058793698886,9.599792265828906,111.80906231649905,0.010113579930552253,0,3066.8348507532837,11,5,5,118.86169757481339,0.0,0.0,0.0,0
24.86502996128197,14.410829720919505,59.32139258926985,0.006889504834363497,0,976.3679057380195,29,5,12,24.494588457118347,0.0,0.0,0.0,0
175.70232157947052,72.55132981508707,251.94289384878567,0.31546354725379233,3,44.43576608059741,2,1,1,1.0,1.0,0.0,0.0,1
109.28904753864265,76.20450649651349,230.0512784228462,0.7831330645849766,3,555.6370911241725,3,0,2,0.0,1.0,0.0,0.0,1
40.60831103615728,8.330911771876027,102.86298375366192,0.08851746335167061,0,223.5714976426576,17,4,2,24.064044615481045,0.0,0.0,0.0,0
197.03237523751346,66.09213748776199,197.55734392679994,0.8337334656918918,4,367.41724030869744,1,1,4,-1.0,0.0,0.0,0.0,1
45.221181073874334,14.842333141717232,59.42430664045256,0.02575409896927368,0,3082.3344009655884,21,8,11,7.486485551942779,0.0,0.0,0.0,0
51.853462127853525,19.73115964661899,129.31143766896918,0.033103654925858296,0,178.33317678148956,9,4,11,187.12442340924076,0.0,0.0,0.0,0
37.51511967179796,18.81910240338545,118.2582169842613,0.12624093474877565,0,3315.6542950041767,13,3,4,216.53970661401272,0.0,0.0,0.0,0
11.899111048009761,9.169724134855791,78.6087778204969,0.01693898869333126,0,3790.2581818339013,28,7,4,134.31987642855506,0.0,0.0,0.0,0
215.69443078955263,41.79615436638063,240.6939920737991,0.42980962996708616,5,632.1167592172053,2,0,1,-1.0,1.0,0.0,0.0,1
193.8535064577643,36.939140534013475,216.5782350642907,0.511891061771335,3,734.573104600826,1,0,4,2.0,1.0,0.0,1.0,1
141.97490243617983,40.80201122367899,202.52023768888517,0.8286269304217384,2,178.60664583504473,1,1,0,1.0,1.0,0.0,0.0,1
29.777254193998434,24.4939970374138,122.18876279269351,0.09854757863467396,0,4765.610758291649,9,8,10,175.38503574910757,0.0,0.0,0.0,0
219.98613678129243,73.4763041658665,236.99875269740633,0.4511966691003729,4,765.7736742927976,2,1,2,2.0,1.0,0.0,0.0,1
93.23217018900968,65.49001044820278,196.50745407566632,0.39520225199966574,5,217.8894770200274,4,2,2,-1.0,0.0,0.0,1.0,1
44.76148278738678,13.359984338407031,106.55574832263869,0.09736209030283266,0,4589.637600600381,13,2,4,334.63440099729337,0.0,0.0,0.0,0
84.66603129667584,50.703358328841816,241.294410826041,0.45192440026046476,4,175.78608238278616,1,1,1,0.0,0.0,0.0,0.0,1
10.402914444776759,20.172751678274235,112.58866443304842,0.12267349873806842,0,4008.7161863785536,12,7,11,92.59841770730685,0.0,0.0,0.0,0
36.24670421217338,14.542595347913664,94.7623872665525,0.11627861539408585,0,1617.7497540248196,25,2,11,44.334641381101534,0.0,0.0,0.0,0
13.128242110972579,9.210138793306859,130.90236402916764,0.022038288537565613,0,4330.061663197794,24,7,5,176.85636820420396,0.0,0.0,0.0,0
35.16047083757715,5.281593265657813,50.69575873032912,0.03601899306772798,0,1338.0462712819804,26,8,6,331.896013438208,0.0,1.0,0.0,0
38.338228192618786,9.595913672105187,53.78943628839961,0.09274332317865076,0,1748.7231158100396,24,4,5,177.31120173965982,0.0,0.0,0.0,0
12.603620311063487,5.256432990212117,129.5544391926648,0.0715719563983574,0,1216.0513762427813,22,9,2,259.07154333175,0.0,0.0,0.0,0
55.07528097256516,5.694798948895629,81.98795766677634,0.08949868379956352,0,2426.6248336203357,9,7,3,125.00345500300104,0.0,0.0,0.0,0
211.62370466816014,70.47318261415171,246.69316901878523,0.2322755998164327,4,67.08953711467939,3,0,4,1.0,0.0,0.0,0.0,1
137.6325547237981,74.51647626711843,180.69404401627227,0.834575373271419,4,129.95632205976773,4,0,2,-1.0,0.0,0.0,0.0,1
86.44565546178985,48.50885445820623,218.8714777720179,0.20759629229880205,3,715.5033021017466,4,0,3,-1.0,0.0,0.0,0.0,1
36.83116398677469,20.422720963416445,116.12653062650915,0.061401738132358885,0,854.706989884219,10,6,4,18.25812742454362,0.0,0.0,0.0,0
10.857584034830705,21.403073173712958,137.97980573119196,0.1285800501486801,0,2336.8975614528304,5,3,6,68.68374580931507,0.0,1.0,0.0,0
143.89272305471232,66.82336937250011,191.68372859545246,0.3751791979512138,2,693.4637453358645,2,2,3,0.0,0.0,0.0,0.0,1
52.17412464071429,12.224454704685726,76.0487579057349,0.12863296906498697,0,133.32493330977928,2,5,0,318.2995024535151,0.0,0.0,0.0,0
39.267718219837604,22.365425610265174,70.58412100367683,0.01678794290965918,0,332.5799376421085,5,4,9,14.360392344006021,0.0,0.0,0.0,0
26.25520077158495,18.72654393372195,56.964114816240574,0.026232215576393908,0,1174.5388072663986,8,7,6,28.133474362283152,0.0,0.0,0.0,0
162.5530028938397,49.505823864713406,240.10812710021298,0.5413533232056461,2,173.32089145684333,2,2,0,1.0,1.0,0.0,1.0,1
38.83070035648589,16.17531889248795,87.11695160195313,0.11784646552936909,0,4697.530052204312,27,1,10,308.4691107960527,0.0,0.0,0.0,0
167.26312433148908,71.13636106236736,235.23388390648503,0.5700392325312412,4,599.2749126606907,2,0,2,1.0,0.0,0.0,0.0,1
27.095263905274514,15.553549324433899,71.16358985698612,0.14934466642483252,1,3265.0692020518645,17,4,5,216.50274994940588,0.0,1.0,0.0,0
138.38026188535628,70.65366587578609,237.50319466456835,0.7109280863270768,3,25.364901568704713,1,2,1,-1.0,1.0,0.0,0.0,1
22.523090930279206,16.797416951210877,147.88928582750088,0.07301132294391827,1,2200.252109276622,21,1,11,244.15728177703136,0.0,0.0,0.0,0
10.458277509190824,9.027982055877748,145.9024175972966,0.09201027697832566,0,381.6059172594457,26,9,9,192.73731888638673,0.0,0.0,0.0,0
145.75573947146387,41.98739901743247,250.88943145944816,0.6777751179830998,4,598.876849562941,4,0,2,-1.0,0.0,0.0,0.0,1
38.163778598819185,18.91032172852255,63.933145440587566,0.09066260689167259,0,1055.1530624371085,13,7,10,253.59650055949217,0.0,0.0,0.0,0
94.19717620025146,65.03111323597236,180.89716972190575,0.6436489039900257,4,380.6819985204318,2,1,1,1.0,0.0,0.0,1.0,1
47.278397586767554,17.72273060856262,68.75280479465609,0.025609811416957444,0,2127.489871323006,25,2,9,324.2375032267275,0.0,0.0,0.0,0
18.92253370491874,6.591762947440849,144.0397033945544,0.03909995738431526,0,4324.28267979095,15,8,0,34.65808130769082,0.0,0.0,0.0,0
112.70396790377148,77.26161624347917,208.89406019495814,0.8100848411982553,2,182.27343210182627,2,1,4,1.0,0.0,0.0,0.0,1
55.00093209240526,22.477801551250305,109.74131021703083,0.090077529065048,0,918.0878291860755,13,1,9,147.59924806539388,0.0,0.0,0.0,0
15.228392016720012,17.728604990872732,120.64757264869012,0.004737921723846306,1,307.25785407478844,9,2,11,317.9037301673212,0.0,0.0,0.0,0
50.71136640365354,12.776730340948,135.0930827433241,0.0954943677667573,0,3265.8326591741616,8,6,14,62.15788825199231,0.0,1.0,0.0,0
129.43839719154735,72.89279929073373,182.04896337313073,0.20211115336998078,2,732.0600292373296,2,0,3,1.0,0.0,0.0,1.0,1
12.255549776019695,13.157259268513236,91.64904123690698,0.1448236407656677,0,3196.472802236747,28,1,8,153.85821816916493,0.0,0.0,0.0,0
166.29340521284007,65.64800888822148,246.90681250430288,0.4157201468094307,5,756.7800253474325,3,0,1,0.0,0.0,0.0,0.0,1
51.70034565366929,8.422226666748593,143.08730929145202,0.07960322115936656,1,1078.2639068988017,15,5,1,93.30994011902135,0.0,0.0,0.0,0
17.989278105678522,12.660767008365237,65.55400915004873,0.14455307489349764,1,1713.7427487919888,8,8,8,0.9320597178432627,0.0,0.0,0.0,0
41.17526556236686,7.625759440096484,80.96917111051891,0.030269242237868536,1,3813.980333073039,3,4,4,136.144939981905,0.0,0.0,0.0,0
19.54844488796247,15.379909128643298,117.2511369297406,0.006649837620342214,0,2305.6341491815165,3,5,3,71.18941192756304,0.0,0.0,0.0,0
28.594799977058802,5.565698565819595,63.70679425404481,0.02598054461398681,0,3300.4519352830835,17,5,3,244.48916866794534,0.0,0.0,0.0,0
35.0675496816873,5.867943571571217,84.84779757956554,0.026876951193798387,0,2348.148228155483,7,6,1,27.04969349464171,0.0,0.0,0.0,0
42.106457343213016,5.6157313772149315,122.38027766305233,0.13582030382061233,0,2939.974699495842,8,8,7,86.72918307104452,0.0,0.0,0.0,0
38.92462541146651,18.86844256112618,120.06114963944516,0.1130208165989395,0,2524.7970102257027,6,9,5,112.24837535401656,0.0,0.0,0.0,0
37.74334584995785,20.923718968677406,50.37676945505331,0.09470661545931437,0,1624.8533197305921,3,3,5,308.992327699872,0.0,0.0,0.0,0
170.06202324505517,63.10443385462387,191.57164611435726,0.5247313245292299,4,360.19632200626137,1,0,3,0.0,0.0,0.0,1.0,1
22.430244230665316,15.767899585739153,149.2135639478583,0.12862959116278855,0,3546.5413842094804,14,9,10,118.9466900547635,0.0,0.0,0.0,0
127.39625066868601,52.65870144843663,222.4767028065532,0.6444863178327127,2,381.1040367865585,2,1,3,-1.0,1.0,0.0,0.0,1
107.79562839590515,30.17342296217477,245.3120482688726,0.4121921371383901,3,362.603880319304,3,1,0,2.0,1.0,0.0,1.0,1
42.71746730811616,22.436711527998206,146.98094891763537,0.051200190124682736,0,4265.077486173093,22,1,3,225.9673263249374,0.0,0.0,0.0,0
174.5072685608783,44.50768174799873,245.23303496876417,0.6859257776593837,3,571.31804639347,4,0,4,-1.0,1.0,0.0,1.0,1
18.405127490259,11.90892771611027,126.12714296253603,0.14313470362146324,0,4155.531089984732,19,7,11,239.98533162853164,0.0,0.0,0.0,0
25.366259049387477,23.77177716354593,81.69452886355855,0.0981459482301084,0,1249.532566696008,15,3,7,338.70870755227133,0.0,0.0,0.0,0
11.515830216757774,20.291132650620607,133.54279612678818,0.09291323309018198,0,2637.3947157019047,2,2,1,289.0341067478171,0.0,0.0,0.0,0
190.75758262940118,31.314498993759006,213.2326426871886,0.5818296864758232,5,463.39919122702327,1,0,4,-1.0,1.0,0.0,0.0,1
58.646285520444984,6.511701848108946,50.33623783229366,0.05710023957058785,0,3164.5407793758213,8,1,11,207.4192268195122,0.0,1.0,0.0,0
21.53671383030594,12.014745968086176,125.77349445022938,0.08736014473019096,0,2856.7110108298525,6,3,0,341.9864776766738,0.0,0.0,0.0,0
30.24762429049002,16.820951097133765,138.54119499183736,0.06032384959104717,0,4578.023511784602,5,7,0,43.73884304782803,0.0,0.0,0.0,0
154.60733558776138,60.46296741136466,193.96886575502194,0.7814003822440545,3,100.87240255615356,4,1,4,-1.0,1.0,0.0,0.0,1
59.505489186745855,20.55583160839381,79.59369676715411,0.03672134421182,0,726.6406187207295,4,4,6,257.5084711420451,0.0,0.0,0.0,0
156.59783326224465,71.05633149454363,241.41767073855974,0.5891433061500436,2,301.770662344427,1,0,1,-1.0,0.0,0.0,0.0,1
102.81721347489099,69.01166835759005,230.62879673597726,0.4121895913415412,3,361.1041317218856,2,1,0,1.0,0.0,1.0,0.0,1
35.03674530720992,14.118923715373226,84.44280462171884,0.10406119480474928,0,4272.270646699177,2,8,7,96.78202384243995,0.0,0.0,0.0,0
10.8038572772611,8.032175339706257,74.50086619074362,0.11594032304797595,0,980.8828613918782,27,9,0,317.4102044342022,0.0,0.0,0.0,0
33.31872972522743,12.233321663900856,60.84003727166227,0.13138995332793074,0,882.1845831087393,18,6,9,228.15841673058293,0.0,0.0,0.0,0
23.201354784845698,17.855653783718825,120.33806855801377,0.04486741974179365,0,1067.74434924371,17,5,12,196.0083162741327,0.0,0.0,0.0,0
134.30043217579686,63.96485424720466,253.3637168553202,0.6210153418971298,3,235.3389066821496,4,1,3,1.0,0.0,0.0,0.0,1
210.0764106418631,65.6538447689474,254.4723394929353,0.7911928148265461,3,394.3740106670465,1,0,0,1.0,1.0,0.0,0.0,1
58.45582654703693,8.135388746700045,135.2907087725415,0.10538221208306654,0,1445.693719356095,25,6,3,207.25480388267184,0.0,0.0,0.0,0
111.17143998548437,53.52783205092126,249.19846810371882,0.3932926398484404,5,52.386113904464025,1,1,1,-1.0,1.0,0.0,0.0,1
18.19997404947486,13.772144329790768,122.48265598740583,0.08899179724652681,0,2422.430696452622,19,3,6,171.61664633428276,0.0,0.0,0.0,0
34.31787409978039,13.179103541709864,127.18819805982451,0.0018304608477066773,0,2849.2663192487203,26,5,3,66.28316663252036,0.0,0.0,0.0,0
195.37457733973105,41.2365822085849,205.20978603623593,0.3454217261271345,3,709.2009952241674,2,0,0,-1.0,0.0,0.0,1.0,1
31.1679013675393,5.186205815247074,94.23937407481935,0.006910375451320138,0,1725.842435813404,28,9,2,253.996774644497,0.0,0.0,0.0,0
44.242723958945795,23.648919113700295,64.6796897377049,0.1038504247364585,1,2532.742558937139,7,4,1,316.37721356876153,0.0,0.0,0.0,0
16.819501982142924,20.18110819421195,142.96652663004483,0.09010704655528119,0,3826.569504152886,7,9,5,132.98022542593708,0.0,0.0,0.0,0
119.03712584949747,52.02418256698391,206.76861761036363,0.6786248107480624,4,609.5476199459504,4,0,2,-1.0,0.0,0.0,0.0,1
110.45074671629675,61.833643400069185,246.0573758706077,0.2226938494920913,4,334.3735431349218,1,0,2,0.0,1.0,1.0,0.0,1
28.17781469338364,24.894941027249267,107.12133246024963,0.07089198129512092,0,4055.447422668585,5,5,14,275.89377615817483,0.0,1.0,0.0,0
17.902115988818675,18.429016383108756,73.7184461547264,0.07502385094238163,0,2468.500960151304,4,4,10,364.763819402562,0.0,0.0,0.0,0
12.925061643731791,16.766276909829436,106.17554525443902,0.0990529992814027,0,3642.972767475055,25,8,5,276.4810485301434,0.0,0.0,0.0,0
183.73935785232948,77.47247829364373,232.5489175485433,0.7436878809118039,3,262.06476783456844,1,2,2,1.0,0.0,0.0,0.0,1
146.7869912803635,69.69522000663454,227.2533540481015,0.5081410307004299,4,726.4873424874445,4,0,3,2.0,0.0,0.0,1.0,1
42.37582324216815,10.460812386556135,67.71925010111912,0.04414001049556715,0,4710.587905907983,17,3,11,315.71135086704874,0.0,0.0,0.0,0
12.490614990160234,19.834996099145506,86.3251447121463,0.03367420326036314,1,3878.838709258452,19,3,3,186.29440221983612,0.0,0.0,0.0,0
41.59943401980945,6.907432045461173,60.36785807342765,0.007298649549256997,0,2159.0513392491803,26,5,12,127.82409174811654,0.0,0.0,0.0,0
107.57902781745167,78.06623590581084,198.35579554491227,0.36083835233804784,5,721.7100954461945,4,1,2,-1.0,1.0,0.0,0.0,1
202.04619417190727,70.03560296092424,236.52369617411853,0.7509612539507133,4,406.1355145668735,3,0,1,0.0,0.0,0.0,0.0,1
28.997806257370424,5.893200577544475,83.51242666962247,0.05871540303342834,1,1079.0350660009085,25,9,0,227.0608446194167,0.0,1.0,0.0,0
57.152440531881005,8.592676527442816,116.27224233681778,0.1008157600520647,0,1657.5155143876498,12,3,9,120.11999631488725,0.0,0.0,0.0,0
178.78396683676567,36.58027747341746,213.28055846473018,0.6109073571459507,3,782.3269876591669,3,0,2,2.0,0.0,0.0,0.0,1
32.24833283675443,15.15319992902462,91.5754387675602,0.06741551629620682,0,3951.3128691411594,25,7,9,298.9466876052761,0.0,0.0,0.0,0
217.55646827315707,30.61957319905846,246.45900085973733,0.42988717335672844,2,134.31295845108275,3,2,0,0.0,0.0,0.0,0.0,1
145.69805849081007,67.65417298366029,239.24795335242086,0.5243431532877724,2,311.27754039343745,2,0,0,-1.0,0.0,0.0,0.0,1
37.435980279152474,14.621343816949473,54.58520183747015,0.001087864202271671,1,3311.231766776249,4,4,6,167.64214983054094,0.0,0.0,0.0,0
53.631790127341766,21.562336580126853,71.60601162447664,0.12139865974278935,0,3179.4721588820476,17,7,0,116.29227140871662,0.0,0.0,0.0,0
40.08350108817969,17.17143448612033,88.81810010456792,0.0631844600528244,0,2407.352426909954,27,6,9,292.5267930857617,0.0,0.0,0.0,0
158.555733999131,53.04351026169071,247.4805818234808,0.34281180076478357,4,135.66043408836487,1,0,2,0.0,0.0,0.0,1.0,1
168.30015896792025,59.810398128293514,184.86397391211005,0.3735059285997416,3,203.4619382868143,4,0,1,0.0,0.0,0.0,0.0,1
24.516030196678308,9.12456274860311,97.5397371863883,0.07713629518835587,0,3062.4231724250703,10,6,13,355.366791812255,0.0,0.0,0.0,0
20.544515245049563,20.023835791146283,65.03638903358228,0.11983534722306557,0,4168.583856248399,14,4,1,317.04895190002907,0.0,0.0,0.0,0
41.477884844586825,6.086640696458076,124.86452341262,0.0476380192891675,0,2580.0892392242877,26,2,5,258.0464179213364,0.0,1.0,0.0,0
152.6365746187563,47.37348207488108,227.96804049990607,0.48982027224464775,2,308.4691893416226,1,2,0,2.0,1.0,0.0,0.0,1
187.6129362712046,57.5894390553329,211.02213135823905,0.6117936661639218,5,378.64430752293794,3,0,4,0.0,0.0,0.0,0.0,1
20.29436553832997,11.433727374026187,96.54869724396994,0.1414793774540176,1,1074.0157833403246,13,1,2,186.14455394942644,0.0,0.0,0.0,0
36.606636979117624,13.046190675829319,66.15979559580211,0.017753115198988128,0,4641.142578918049,17,9,2,19.080875879355087,0.0,0.0,0.0,0
95.85161091517045,59.83941150072201,206.55493963451877,0.5017463580229793,3,329.7329960414991,4,2,4,2.0,0.0,0.0,0.0,1
16.54368303591749,24.396420901570895,95.37895413836392,0.03540756950196959,0,890.3016301833267,10,9,0,164.04334985301426,0.0,0.0,0.0,0
32.26395584186223,24.66561205150348,79.63020451192841,0.036045862427390864,0,1921.862141354284,5,4,10,188.62065110758067,0.0,0.0,0.0,0
39.633903295687276,12.168044773876332,52.066185159343156,0.01453626520167166,0,3315.537186628105,19,8,6,23.538982821690585,0.0,0.0,0.0,0
44.87609443040375,6.456654579799775,143.87108164170272,0.06881332979841814,1,581.6221972711058,6,3,5,215.0069560367313,0.0,0.0,0.0,0
44.25671549372421,7.208637268222054,78.91874462959498,0.046471031298370345,0,2599.2780155631294,23,9,4,271.02375398675383,0.0,1.0,0.0,0
43.80786667267227,23.15501600482476,122.97705115736812,0.11031952928965247,0,1829.3498781770206,5,2,8,329.0953987625214,0.0,0.0,0.0,0
160.9140073637342,62.81241390685573,201.26325267387074,0.7665630775498242,3,342.68502459028775,3,1,1,0.0,0.0,0.0,0.0,1
106.93364537139497,71.0935677435423,204.45992452621243,0.48859260752970374,4,504.0599957736767,1,0,3,0.0,0.0,0.0,0.0,1
35.71135056329888,15.783821590272659,75.50934328323794,0.1151814545450567,0,2962.4101616274,19,2,1,23.44708018785095,0.0,0.0,0.0,0
26.45256826849355,23.631789766379796,123.52126545234528,0.04220864408662901,0,75.15659209922853,27,5,9,194.39991958127817,0.0,0.0,0.0,0
38.42159771652517,20.839860668114195,148.6687611617024,0.037631020757416575,0,4548.883761279068,7,5,11,338.3212601832404,0.0,0.0,0.0,0
36.56582602840295,21.76304367103849,78.52903383573164,0.06437738900945353,0,3956.3461906142206,21,5,4,92.09214619138339,0.0,0.0,0.0,0
37.431715259729174,24.467885828720867,93.86847028997936,0.08111362528310345,1,1313.152032432442,29,9,9,40.15646821155342,0.0,0.0,0.0,0
199.4447251675444,71.89937383037679,180.86679149875508,0.54598109975331,2,262.87354745598907,3,2,3,2.0,1.0,0.0,1.0,1
180.6623229367244,32.01944954562479,222.26370144052197,0.2790867304525189,3,532.6852206105884,1,1,1,1.0,0.0,0.0,0.0,1
36.681781561852134,18.914904967134106,127.4020922965081,0.00644042323015756,0,654.9473387475682,18,2,14,181.84726564996896,0.0,0.0,0.0,0
181.62240808933987,64.1749577233189,226.43208316452015,0.6016710886781128,4,313.7909549876052,1,0,4,-1.0,1.0,0.0,0.0,1
39.98200720344831,16.33334907500329,115.41683119919323,0.04616242749117303,0,3815.9973300838315,12,2,11,181.97776419169767,0.0,0.0,0.0,0
188.21114263376495,42.046610283946066,252.65689160219458,0.5318014782130505,2,234.5844071776044,3,1,3,-1.0,1.0,0.0,0.0,1
44.74103649358604,13.830945777596607,144.4984785555843,0.021241702592684895,0,1940.8012250415825,1,8,12,351.1978569645071,0.0,0.0,0.0,0
45.14717204893384,6.056079209370562,98.65976622437532,0.08990534484944007,0,163.51741577680804,19,1,14,28.126271884030874,0.0,1.0,0.0,0
36.10552735285221,5.176451778606824,98.57153793960072,0.1256505944182776,0,1788.4774635127442,15,8,13,114.24051567586596,0.0,0.0,0.0,0
54.378122920634155,10.66033931767539,93.79639639625685,0.05324925615575303,0,3382.3610177782566,21,1,0,124.72483595971624,0.0,0.0,0.0,0
155.1363776607882,67.45742618404647,197.63228364530642,0.7709453228021397,3,486.76444302764367,1,1,2,-1.0,0.0,0.0,0.0,1
26.232369500193798,11.380880627073253,124.8835285896717,0.047183567403844176,0,3458.1957904339306,17,7,9,285.50082315695516,0.0,0.0,0.0,0
41.70028515498056,15.799707594317109,127.98453951511436,0.01604709582404376,0,2729.269564446746,2,5,12,287.91454838282164,0.0,0.0,0.0,0
59.97339471012901,17.44751862946348,93.09878726571905,0.0432246784325927,0,295.4878656894263,26,1,5,116.90904101131102,0.0,0.0,0.0,0
11.303330346629943,13.091836660917656,65.49582329476206,0.08128447516813309,0,2647.5319961988844,2,2,8,44.799851633672766,0.0,0.0,0.0,0
40.37724259507192,8.41048247374583,56.50515929852795,0.14233283058799998,1,4051.5668731764827,9,5,1,249.74505467693726,0.0,0.0,0.0,0
36.5928739844087,6.332382247816339,72.90253909247963,0.08142739659201133,0,1697.4381402667973,19,8,9,50.83430652213635,0.0,0.0,0.0,0
13.03249952667095,7.774783742194895,89.33504265636626,0.10495296299021527,0,1706.061074513862,7,1,10,329.9513027349507,0.0,0.0,0.0,0
51.942693095203445,18.420259610658196,119.70241660042996,0.05444742606058074,0,3640.5894211625446,23,2,1,111.7998638639512,0.0,0.0,0.0,0
58.47923138822793,20.50265646722229,143.9498941564189,0.13422410256414732,0,4613.2774633644285,8,7,11,16.507960452346396,0.0,0.0,0.0,0
17.683715310681034,17.32589425461569,65.51597789383496,0.08650099766388017,0,260.4969359195086,24,2,3,320.05338280455265,0.0,0.0,0.0,0
19.574670496540115,8.346027599863001,68.11944594691826,0.10079158287729752,0,4959.305447756731,13,5,8,348.18109340405357,0.0,0.0,0.0,0
23.44794729132355,13.139438192685278,139.14800156235066,0.0004381548932043011,0,3040.154801502535,27,8,2,101.03722234382661,0.0,0.0,0.0,0
26.777047109326777,11.504423827492685,142.33846679907236,0.0626021880456212,1,169.64324306084228,14,7,12,325.16279205258803,0.0,0.0,0.0,0
29.210335649290013,5.779920251498232,53.095579091934354,0.05819801399203042,0,165.59287682452026,27,5,13,47.46744061656562,0.0,0.0,0.0,0
216.14847239273712,77.32529976987288,197.33272684829984,0.3110826263378968,3,473.55405769628857,4,2,0,0.0,0.0,0.0,0.0,1
14.351678254577713,10.733184968945054,128.1490243258572,0.02273818678534792,0,4591.257971382281,20,6,13,180.8664875088233,0.0,0.0,0.0,0
126.42525368459278,36.1014238532504,210.9930483244317,0.5795072350603915,2,495.6796434796781,2,1,2,0.0,1.0,1.0,0.0,1
55.86809925326383,14.274634718626416,60.354357195278396,0.06867204751269373,0,2909.4070805267347,15,5,4,362.80917269598996,0.0,0.0,0.0,0
50.99585096893442,7.120755120571829,90.36964335325592,0.08568853524455668,0,3281.8951219425335,18,6,6,272.1992354442611,0.0,0.0,0.0,0
193.67385256378302,34.17322130784598,200.29182800373027,0.7342692009506511,4,405.9849364431185,2,0,1,2.0,1.0,0.0,0.0,1
90.2141045600389,67.82122681596255,199.15075771128681,0.3139629806488089,4,567.4260668206728,2,0,1,2.0,0.0,0.0,0.0,1
86.22208668543323,74.75507824812942,246.6962328908756,0.545750592913449,2,477.8209934973324,3,1,3,1.0,0.0,0.0,0.0,1
13.549459557569323,5.197592132841131,80.59964087572365,0.05885339407223396,0,369.79300802728864,7,3,13,290.5535615252002,0.0,1.0,0.0,0
197.15447326769754,49.36395435797301,219.6582506822985,0.48195661032167586,3,235.48787124833396,2,0,1,1.0,0.0,0.0,1.0,1
13.81091967225241,16.0632655934278,82.86973872172636,0.01821331834968937,0,66.75073354118825,20,4,6,166.91318598339996,0.0,0.0,0.0,0
58.44703552537998,16.391659155661856,73.51688695616866,0.12648095872880932,0,3677.290563203752,5,6,3,59.60146392910906,0.0,0.0,0.0,0
25.24673188488304,12.201309871014566,92.05376900688765,0.0148299507684022,0,3386.025022911466,16,5,3,265.12031146564016,0.0,0.0,0.0,0
52.169582316453535,23.836425379294536,115.55581974173488,0.0347154945695137,0,2359.6347235063167,5,5,0,190.62144139021922,0.0,0.0,0.0,0
16.16592455376461,13.019406533767036,85.07097879920843,0.1159260125139755,0,809.3937678259856,7,9,4,291.43552934368455,0.0,0.0,0.0,0
150.8355638870264,49.77693738688687,209.60078700546597,0.6769756640624562,3,277.3626421424322,4,0,0,0.0,0.0,0.0,0.0,1
27.39754307154962,8.801708251996896,115.17744788191034,0.004389316375099828,0,2748.608860801469,6,5,3,41.869997598321866,0.0,0.0,0.0,0
36.25157504301341,10.204667359030546,101.52479243147259,0.07367795113029398,1,4492.308932828709,3,6,12,81.69342941025742,0.0,0.0,0.0,0
82.29148696561158,71.20496448167535,192.68531949918554,0.45494314859131807,4,172.68639874675281,3,0,2,-1.0,0.0,0.0,0.0,1
49.087292940763724,12.106794164390939,107.42703802570873,0.12495854118963204,0,154.7608792110894,17,9,10,85.03485740848427,0.0,0.0,0.0,0
190.0666831691222,37.399676221520444,219.41288573630956,0.7574131591357569,3,345.84235014031975,4,0,3,1.0,0.0,1.0,1.0,1
29.72880377988232,13.436563570776627,91.10210752655458,0.13614165038348322,0,3059.1308097489837,16,1,12,262.2266688838384,0.0,0.0,0.0,0
52.54087589180731,6.757752490802877,130.58648867411435,0.0083480234035463,0,305.59561547883857,8,5,3,363.9982701904639,0.0,0.0,0.0,0
90.01228411310859,32.285524303597384,182.90124456735,0.517777626705616,2,555.3963458759384,2,1,1,-1.0,0.0,0.0,0.0,1
184.41343417066167,34.223609828113595,235.57169362967778,0.639010143922712,2,22.214012016641938,4,0,2,1.0,0.0,0.0,0.0,1
219.93253839816342,59.003222699219464,186.90414908230966,0.5374196694060631,2,238.03511816724304,1,1,4,1.0,0.0,0.0,1.0,1
57.79215735875819,9.734306116897395,138.26154575172458,0.014546814377414306,0,689.6578105086094,12,4,7,21.553302727269262,0.0,0.0,0.0,0
20.026236335016836,14.831890934828738,56.42089370751341,0.08729571028715981,0,3997.9175481540815,11,1,7,169.5784877720707,0.0,0.0,0.0,0
192.03506364302166,74.4104707644421,205.10747564093455,0.5299209036192303,4,218.91546109968772,1,0,1,2.0,0.0,0.0,0.0,1
30.201005143140677,5.3233907990903955,109.1668820593504,0.0018986742726243289,0,3099.6878826393054,23,9,3,348.44717553588833,0.0,0.0,0.0,0
216.2414610403354,39.061414459188505,247.13482273615972,0.5619261373726379,5,149.10790714924127,2,2,1,1.0,0.0,0.0,1.0,1
42.965709718940644,14.319164684310294,118.61791184392433,0.04937817099717718,0,4327.062967284044,21,4,9,46.169200151892795,0.0,1.0,0.0,0
92.5300897253709,34.6192453498122,231.96268006069437,0.33908461816539215,5,417.9911918071302,4,0,2,-1.0,0.0,0.0,0.0,1
182.69369473136243,45.49161122695539,195.0579486265819,0.7249699831977718,4,403.0927059284267,2,2,3,-1.0,0.0,0.0,1.0,1
173.31191499183512,50.5658499303585,231.26048548303092,0.3487275246317502,5,350.5573221086243,3,0,0,2.0,0.0,0.0,0.0,1
42.73626742492215,13.224081344237081,116.33625340146814,0.01773336181086898,0,3975.986262917129,6,1,6,347.04881086949746,0.0,0.0,0.0,0
15.823137444581604,22.595338758191307,94.03129757519056,0.0937812482614395,0,4369.204265871919,6,6,7,87.94749556248412,0.0,0.0,0.0,0
93.19139992302883,65.53352995206356,204.23587083265352,0.2797224717412138,3,188.74723222150809,3,1,2,0.0,0.0,0.0,1.0,1
134.33661670085257,55.72993619371456,215.05443459153582,0.8030389111645944,4,666.8390060687401,2,2,1,0.0,1.0,0.0,0.0,1
92.42993859717878,37.22031506517622,227.6913576184656,0.7525749227416263,2,589.6642770391205,1,1,4,1.0,0.0,0.0,0.0,1
46.78702249467246,5.309998333806421,137.99856915608365,0.015120717730283638,0,3685.737383024702,25,3,13,171.66819632428252,0.0,0.0,0.0,0
31.92199224807626,5.6058645295925125,127.06425270147619,0.09327368468856237,0,2752.9471628196916,15,3,7,3.1277619459203523,0.0,1.0,0.0,0
32.19668248515563,16.93920573691056,79.08797322442194,0.10731764454736857,0,1336.586545595732,24,6,6,337.75012593109125,0.0,0.0,0.0,0
26.633649326516192,21.628332438606222,77.45723155510215,0.08191482120049362,0,2403.8562820496572,4,3,5,186.1253608237917,0.0,0.0,0.0,0
41.18711227497705,21.603659332353878,86.04630291492555,0.06456328621319503,0,1904.9185615520112,17,4,8,39.784996299986275,0.0,0.0,0.0,0
27.86209840850681,16.541066834270886,84.22655927897462,0.012581060782801811,1,679.553145480929,8,7,5,49.90363087631501,0.0,0.0,0.0,0
12.528778303950519,14.866004324779183,79.5992625143967,0.04892775919168638,1,954.3393229213447,7,3,7,14.112930074370173,0.0,0.0,0.0,0
195.89244566175535,79.92625564947963,224.12437458468347,0.33295357240420775,3,571.777795899954,2,1,4,0.0,0.0,0.0,0.0,1
12.675723145652164,12.530605755785967,73.20557397011561,0.039805516740296316,0,1037.5513089015617,24,8,1,346.2035742746411,0.0,0.0,0.0,0
203.2872922365031,66.43807291661918,187.81280449965288,0.7404985862310798,4,35.51851120312528,3,2,0,0.0,1.0,0.0,0.0,1
35.56711994304689,15.030325893743992,129.82951789667752,0.09749458961666477,0,3989.1737137087002,12,3,6,10.080121733902217,0.0,0.0,0.0,0
10.011351910912778,23.300030754950544,134.3879411230929,0.11134383472304206,0,645.799702239431,14,1,1,263.81637922685525,0.0,0.0,0.0,0
33.34390495615522,12.194397238205392,103.61553862527362,0.10760441295545503,0,4697.441026954251,12,4,2,254.46568281597789,0.0,1.0,0.0,0
47.68402577714952,24.36224472812233,127.95528687952617,0.0033673872646987012,0,3492.2828213001353,5,6,13,244.01954371660466,0.0,0.0,0.0,0
16.700761422532036,5.5756535262667795,125.5137255673619,0.0930464327030197,0,1104.172599469108,6,2,5,221.9520650827881,0.0,0.0,0.0,0
43.87316771199867,15.51540673366451,121.81017379560225,0.08721809218929363,1,315.80053906656883,22,5,12,193.469103812519,0.0,1.0,0.0,0
29.53410554929696,8.82855360999085,91.16554604567024,0.1402491647758148,0,4396.023260074932,5,6,7,286.07234250669916,0.0,0.0,0.0,0
91.44006598508267,78.21244205181145,189.81330780751952,0.5931710124877861,5,119.38703089504394,1,2,0,1.0,0.0,0.0,1.0,1
14.173597227070243,5.112695197228582,52.979976372958326,0.08450240435594457,0,1867.0210061879213,14,8,7,273.75554041847374,0.0,0.0,0.0,0
167.1241353341578,51.005151570287325,245.75330119948163,0.5402351607590087,2,186.2126242178904,1,2,3,1.0,0.0,0.0,0.0,1
35.05813657287452,12.675449159548185,147.2079335474557,0.023873862599074473,0,2126.433351194608,23,7,6,335.72428869949425,0.0,1.0,0.0,0
160.3224161351066,46.07247590211787,199.27113836856358,0.594606407781658,4,83.94226684005686,2,0,3,0.0,0.0,1.0,0.0,1
48.11593808469879,14.627116642157045,118.00610283068366,0.13459240082032828,0,1289.3466009995395,21,1,14,252.34270046079928,0.0,0.0,0.0,0
57.10712411402023,8.582385683139101,60.325880943608254,0.007813186039072639,0,3134.5794683129866,14,8,8,48.257205829409386,0.0,0.0,0.0,0
39.9885657485249,22.230274144537873,136.86396398234257,0.10865166094943095,0,2811.7408534959686,26,2,1,139.72154901928155,0.0,0.0,0.0,0
37.69271422006604,24.38605071238198,102.30978441701488,0.09440979572028937,0,2299.9782706004776,21,6,5,140.23366845341528,0.0,0.0,0.0,0
21.938857288415115,7.209482262627893,85.46221576407765,0.043085848748112256,0,1206.3583676970543,25,1,4,360.5186722536515,0.0,0.0,0.0,0
56.72684908206016,24.536685303603786,123.97499473904855,0.03783000759253693,0,3246.662271085611,5,9,5,176.0947866891079,0.0,0.0,0.0,0
39.02596383381851,16.891002022900896,79.08639351296986,0.03997458000192679,0,1321.2267310353336,27,4,5,303.4332860191161,0.0,0.0,0.0,0
173.46037726901426,44.74525580072218,250.03639717908618,0.4937213868573852,2,259.97818892532564,2,2,0,1.0,1.0,0.0,0.0,1
44.74633482200512,8.205331980811739,73.71676812985964,0.10386682218623204,0,1233.2279185915404,17,8,10,323.94088028577494,0.0,0.0,0.0,0
33.97231143685029,23.687513592808415,74.0548848214587,0.041103704105772874,1,429.86059303901834,7,7,13,212.48956657590512,0.0,0.0,0.0,0
44.630672171255036,16.843803608584366,137.86975838260759,0.05353329934206017,0,1108.5025030015584,4,9,8,247.61349843815617,0.0,0.0,0.0,0
54.625574388926466,15.615183543716498,98.34690643233512,0.1034219390592896,1,605.3828941292923,18,4,7,157.05425358079634,0.0,0.0,0.0,0
43.18713693126935,7.36476784944281,145.3945212493776,0.12983568301421466,0,3386.487443753536,26,1,13,242.62980979245887,0.0,0.0,0.0,0
47.66182071543804,13.507105486573675,149.55492647395693,0.014588132378329859,0,2425.916174368509,24,3,14,334.33708049715824,0.0,0.0,0.0,0
88.58253504282496,51.636313796671985,181.9299092236931,0.2870940789922211,3,321.0215883155434,2,2,4,0.0,1.0,1.0,0.0,1
23.03375788702968,10.937913485360859,50.06275166284561,0.14446411963467037,1,3834.61290560918,16,9,7,262.7988329590179,0.0,0.0,0.0,0
44.51053883497339,19.63935676705424,54.28373211889984,0.10136864454419776,0,664.2795367429276,28,7,7,192.18151943146609,0.0,0.0,0.0,0
121.74890738725097,79.80235610632329,212.08785320215495,0.7775208002618306,3,425.010014491883,4,0,2,-1.0,0.0,0.0,0.0,1
11.965606992054948,20.988207978180853,112.79003894909079,0.012263854792330785,0,4608.318382632475,29,1,9,316.9299040679892,0.0,1.0,0.0,0
138.74387290472956,60.697882628400556,180.6150281105041,0.6675598325522423,3,392.91517935477094,4,1,3,-1.0,1.0,0.0,0.0,1
28.94779549062538,11.055352152348501,95.93460101728228,0.12269452415237303,1,2748.162893656456,4,8,12,35.969600765723975,0.0,0.0,0.0,0
47.084347211433276,18.97691706321809,90.25500435969806,0.03270346612411297,0,2137.434476038745,26,2,6,249.3621076026007,0.0,0.0,0.0,0
19.900151515377676,13.760435927006586,90.87437628085279,0.06433784392405655,0,2629.8099383220106,7,6,13,49.26714741614936,0.0,0.0,0.0,0
23.225810929264597,6.3297360602974395,101.93281165510959,0.04693624995879551,0,3631.4356659083046,21,6,0,94.41646270201542,0.0,0.0,0.0,0
39.678046768939296,6.461631240540299,112.2343264617246,0.14717667551434419,0,3973.3458256274976,27,2,0,350.44949560798824,0.0,0.0,0.0,0
39.45473379082905,23.30387422849133,139.82726644925535,0.1456476086815306,0,4860.974944122139,19,5,6,199.21936725090458,0.0,0.0,0.0,0
37.978942723267096,18.74078301164961,115.80825847491903,0.01755175872869193,0,660.001249795808,7,4,10,278.293139916327,0.0,0.0,0.0,0
44.825359173844454,12.52083582218313,144.26097101586555,0.1226977156615808,0,1298.3008100053837,19,4,6,228.10393041419917,0.0,1.0,0.0,0
58.145271152476546,23.70175360081849,66.31283729929885,0.002128544999212578,0,3657.974352977324,25,8,4,2.0561466092046126,0.0,0.0,0.0,0
19.304503079703018,7.489963118528009,100.35350465581337,0.04074489323400839,0,2593.049088325249,11,2,6,22.711283813277596,0.0,1.0,0.0,0
139.80447055422133,44.33698447196475,215.7645968843456,0.7673664607798993,2,782.5410373560891,4,0,4,-1.0,0.0,0.0,0.0,1
12.39194062535194,22.003438904100953,149.75825929459722,0.1330413166324301,0,1902.814667361307,26,9,9,102.59196818746629,0.0,0.0,0.0,0
116.41191905910249,76.72936407084198,216.5599930537759,0.2721871362550113,2,698.8023023280125,4,0,3,-1.0,0.0,0.0,1.0,1
184.68383122511923,43.76416926213123,230.96834196714804,0.658998281648586,4,433.7587735913162,3,2,3,1.0,0.0,0.0,1.0,1
12.793557733867502,19.740711135820177,104.59157701649889,0.10587472258180418,1,3455.7485503664434,26,1,12,306.04547877385454,0.0,0.0,0.0,0
152.8357818458798,56.43973059018744,239.78758291690303,0.8294074840508661,2,477.434684257056,1,2,4,0.0,0.0,0.0,0.0,1
44.18770527885213,15.902110565213993,148.0516822001106,0.03411142437920684,0,2735.6017268073433,7,6,0,198.39144933006583,0.0,1.0,0.0,0
29.414888897426952,10.102307866760015,89.9131702400031,0.12114931164983189,1,3197.9536407465316,13,8,12,228.0604468641048,0.0,0.0,0.0,0
126.54597176927331,61.535316604550424,183.2774793093764,0.2227076257968036,3,650.9581885691945,3,1,1,1.0,0.0,1.0,1.0,1
51.92912793513124,9.101551202989182,146.7994066504234,0.10664287182551224,0,3694.4235593075164,12,1,9,280.2395180266362,0.0,1.0,0.0,0
54.57594080532171,6.428552934658716,133.54686411085447,0.01373335909064266,0,1848.1218398733963,5,1,2,73.75573285264815,0.0,0.0,0.0,0
112.31949741095926,42.84850388595723,207.12152355100778,0.7586527556808675,5,183.85349465634087,2,1,0,0.0,0.0,0.0,0.0,1
159.78727122978663,31.934512725011917,239.71603267634254,0.24181072644388216,5,180.1477681470099,1,1,4,0.0,0.0,0.0,0.0,1
38.97074496717504,18.252425580166406,59.52615079546263,0.09781848682956568,0,2025.2774333787,3,5,4,118.69437344201363,0.0,0.0,0.0,0
13.16313359103374,17.060277267291763,55.713271934332994,0.13406612816429173,0,3363.2743362758406,28,7,13,89.08336400304671,0.0,0.0,0.0,0
171.43900818942052,38.571657058909416,207.87207138288016,0.8046556691779847,3,644.0094194914798,2,2,1,1.0,0.0,0.0,0.0,1
198.61616363018618,42.28773856638915,222.94679634693784,0.819823072638824,4,553.7857152201161,3,2,1,2.0,0.0,0.0,0.0,1
11.884869521133531,12.343392513900453,104.22999756210791,0.022215119794069114,0,91.35578565208593,4,4,0,245.19943364302608,0.0,0.0,0.0,0
37.51756394193755,15.279108933814161,119.01231176820079,0.12561743926251928,0,4450.61034104925,2,6,14,99.81819811186763,0.0,0.0,0.0,0
35.944476582554074,7.798379544539882,101.31415015132771,0.03636282208308163,0,370.92938299164655,18,7,9,171.3030034208666,0.0,0.0,0.0,0
212.77602454835943,78.42860075245991,250.1337557624368,0.46768235150155235,4,526.8016936369074,4,0,2,0.0,0.0,0.0,0.0,1
29.045476275549362,11.926435371780071,73.90553321972656,0.07645863701275472,0,1434.532515433822,26,4,1,188.22299110922168,0.0,0.0,0.0,0
12.887052593458689,18.61511785920971,96.67820772311879,0.00516918891375,1,4748.105108292731,26,4,5,214.88700557793175,0.0,0.0,0.0,0
45.98275366390571,5.442573488431632,106.48451022171515,0.11212394338220999,0,4727.433424558712,3,7,9,22.78519204411738,0.0,0.0,0.0,0
131.59412626850403,64.77090829929624,233.45074234568952,0.7925948832095677,5,232.56637724523213,1,2,4,-1.0,1.0,0.0,0.0,1
32.98222986928687,18.515225857904476,111.8610289093939,0.08528283834069181,0,3182.3729227744593,3,8,11,266.513310458397,0.0,0.0,0.0,0
46.41806513683613,22.936580896814142,55.26557594510799,0.021255575704105776,0,3114.7011768069087,28,8,9,23.31466110958927,0.0,0.0,0.0,0
210.15764981316238,67.02970997380935,201.34554088702814,0.446273020111271,2,777.1484586299993,4,2,1,-1.0,0.0,0.0,0.0,1
11.071993331155664,19.77305301176284,145.8786643940408,0.12934075940294087,0,1667.7605159460738,9,8,14,259.9486134225147,0.0,0.0,0.0,0
136.1140085836833,55.09125909719041,197.5338459036754,0.4997691053190977,4,371.11930124328285,4,0,1,-1.0,1.0,0.0,1.0,1
146.73295994674038,79.59283976238542,223.2257259736199,0.4281986886800183,4,152.21762242262676,1,0,4,-1.0,0.0,0.0,0.0,1
20.81663888154135,13.851546918656307,54.83627110487809,0.12307313767204121,0,2960.602293976661,17,2,12,24.859794024085726,0.0,0.0,0.0,0
183.0983676487029,30.917493822704674,207.07947737086465,0.21263123706552364,5,106.53544184509802,2,0,4,0.0,0.0,0.0,0.0,1
48.10648102251623,23.723531283330104,144.07508592344612,0.026217192731240072,0,3700.2856350642546,1,4,3,319.62507156892866,0.0,0.0,0.0,0
95.38069336222439,54.19484139599635,187.92499723331179,0.5250956974709113,4,798.1341261767609,2,1,2,0.0,0.0,0.0,0.0,1
193.319155277446,56.012228330509714,182.653441137999,0.3832681534285555,4,167.49398096663955,4,0,3,2.0,0.0,0.0,0.0,1
52.14522793068964,10.404095266082633,126.48619871874375,0.02751411234186845,0,4581.9101296557255,20,3,6,161.34007707710467,0.0,0.0,0.0,0
18.942053425389968,23.038322156757655,89.7186886317129,0.0367918957461551,0,1636.654025692153,17,5,10,159.8822846946411,0.0,0.0,0.0,0
20.847812293193975,10.760106918480822,105.63280072570794,0.0043732779033133495,1,823.6043622713922,26,2,14,34.94110498170502,0.0,0.0,0.0,0
42.30480875025315,17.929001802492138,138.8039064360118,0.0898038603478646,0,737.4130656627592,9,9,6,318.89998661521594,0.0,0.0,0.0,0
122.47016004311548,73.70652664863539,218.8513927854623,0.3026250744136778,4,174.6780640472934,1,1,2,-1.0,0.0,0.0,0.0,1
24.746574388060495,17.45215443704911,68.81391208063226,0.03284965635818434,0,3747.6529013867153,17,9,4,281.5537688828831,0.0,0.0,0.0,0
46.92987290661654,11.312546875267,114.48326040223138,0.059269636141725486,0,1036.1156107255629,4,5,11,15.69753743143291,0.0,0.0,0.0,0
54.055257417828294,10.133233797918288,109.2984747755494,0.14039912685026665,0,2101.427571711831,26,4,0,101.19932196745293,0.0,0.0,0.0,0
103.6674662234361,48.11758093547339,248.50171481511677,0.509525751311761,5,274.1276365280362,1,2,4,0.0,0.0,0.0,1.0,1
47.11467690851314,9.88323217432306,109.80091173287497,0.057765390423454445,0,4764.4557646833855,3,8,7,306.28851194582467,0.0,0.0,0.0,0
47.28668668406795,5.703139840970028,107.50704190854148,0.11798752062472596,0,2770.9388376000625,2,4,11,81.61493013813995,0.0,0.0,0.0,0
24.28917777629351,9.064461821721746,126.17981913776973,0.057981076023454176,0,2487.0111260058507,18,1,2,326.47518324084473,0.0,0.0,0.0,0
143.1014452746353,59.99132846781552,219.3953978560849,0.49997042496953514,5,156.16799382032974,3,0,2,-1.0,0.0,0.0,1.0,1
13.905215201045642,23.863261049208788,59.93827789508601,0.1282251226856004,0,4417.291420474647,29,1,1,62.642523437866146,0.0,0.0,0.0,0
161.68951489501018,48.71316908242058,246.30857889749,0.6339793400327813,2,262.72336486952463,3,2,3,1.0,0.0,0.0,0.0,1
204.24792613902702,50.25732191790448,182.8730416493588,0.23152328978105982,2,507.0065532778096,1,1,1,0.0,0.0,0.0,0.0,1
139.40679683603994,49.458573585151086,251.41104070359,0.4841338864548507,3,601.4202915838662,2,1,0,0.0,0.0,0.0,1.0,1
174.2093082923597,48.417617874418745,204.23321193024444,0.49983562456669706,3,122.12490718444867,2,0,0,-1.0,1.0,0.0,1.0,1
206.04159666398078,75.35065842656824,208.13544847811954,0.3980258454820633,3,281.7491817177244,1,2,1,0.0,0.0,0.0,0.0,1
22.19009688550898,18.11806626196799,69.8814060937403,0.047251576077513686,0,392.3101602065811,15,8,2,129.51362727325437,0.0,0.0,0.0,0
16.85515940371643,15.769519533254119,64.58892464832873,0.08295567659844018,0,1981.4700378870166,18,4,12,288.9825059448733,0.0,0.0,0.0,0
25.30979602410406,18.11258824228635,73.92588627514638,0.042079173278310136,0,2942.38267222541,19,6,3,105.0172285888607,0.0,0.0,0.0,0
133.82063364008104,30.8707451970613,208.70929409384127,0.7257207189880455,3,17.742416277837123,4,2,4,0.0,0.0,0.0,1.0,1
109.59637261006608,62.473997273968266,196.93693752143886,0.5157141302949488,3,771.2485288998511,3,0,3,-1.0,0.0,0.0,0.0,1
129.6837884097601,65.49775526149148,193.39660552722015,0.26896815621501496,3,372.33635696321886,4,1,4,0.0,1.0,0.0,1.0,1
20.594326972497875,15.727440474482515,98.1560967777346,0.07522456433040955,0,3441.5479430402215,27,3,8,88.95730563720375,0.0,0.0,0.0,0
57.55731157027066,20.242169333948752,92.93211669377052,0.008154926766027564,0,2306.8259003811145,9,5,11,229.81905049484692,0.0,0.0,0.0,0
56.148011589924245,14.314002446376264,98.08369780890735,0.13776820874089515,0,212.59101770501982,27,3,5,64.38125007477151,0.0,0.0,0.0,0
152.47983126795842,31.13194117143737,182.16361726292536,0.4148645324054947,4,237.7264610281304,2,2,2,0.0,0.0,0.0,0.0,1
48.5656816612507,13.230232057984209,68.38457268892978,0.14121167721277517,0,4269.159528918051,28,6,14,359.7222754460243,0.0,0.0,0.0,0
27.508076598401633,19.686193332172092,144.04877369692497,0.013964399781452563,0,2343.4633986276317,9,7,0,109.72882088660671,0.0,0.0,0.0,0
54.57750247064354,23.820541653151494,106.96301042699973,0.07520579018557796,0,3100.7228667411355,7,9,3,165.10815235717533,0.0,0.0,0.0,0
163.69790939929683,69.94762562084529,224.6661672216905,0.5324515508128864,4,788.4820765009612,3,0,1,-1.0,1.0,0.0,0.0,1
21.636417445777592,6.076610498169181,68.987532909592,0.005843676952269633,0,4021.888833034055,13,1,4,250.57758921078718,0.0,0.0,0.0,0
44.789748347037275,23.884176766922153,149.55109680158665,0.0675415215662386,0,2242.0053834024043,7,8,12,47.578892465791924,0.0,0.0,0.0,0
59.42104969817405,24.545598651328945,129.38181039080396,0.09891344431229963,0,4337.202649620282,19,5,1,158.54194682154446,0.0,0.0,0.0,0
50.42028694468455,21.47247221497947,88.46110759787682,0.06886860349300213,0,4666.146648175595,6,5,5,27.947414328241727,0.0,0.0,0.0,0
203.77931486036408,33.67060467871962,242.2271298699641,0.3089923097444409,2,169.8350579171763,3,2,2,1.0,0.0,0.0,0.0,1
81.69613781534433,56.02417071952742,253.79461512762134,0.5399895908324837,2,27.454060212772134,3,0,1,2.0,0.0,0.0,0.0,1
35.13246673111411,18.122740881640397,91.54820866996033,0.09465212902567967,0,1731.408266759666,12,3,6,107.13770327130162,0.0,0.0,0.0,0
214.35481276969583,77.16335944186613,246.12939305245652,0.7816485430998454,2,129.66121330568305,3,2,3,0.0,1.0,0.0,0.0,1
14.145729069724059,17.40002666954817,84.0222994451257,0.12838877843869467,0,1004.5560642641158,22,8,9,96.93947338218636,0.0,0.0,0.0,0
35.0377637370493,14.791218124552115,95.61053995172126,0.030844421329842192,0,2284.113362059479,20,8,0,249.20150146387002,0.0,0.0,0.0,0
22.621847217201037,19.26699171769105,139.52068376871995,0.07675161631734992,0,580.5014561318915,26,6,2,144.9647988639901,0.0,0.0,0.0,0
56.14650390503033,22.681505926203695,95.20885103389725,0.12857894303802084,0,785.1612500727314,29,9,4,337.00432051852425,0.0,0.0,0.0,0
191.08061423549174,48.586773756927634,239.25576126512297,0.48843403897903115,5,29.67398002108818,3,0,4,0.0,0.0,0.0,0.0,1
174.59246955731143,78.56994937849808,218.15750994672615,0.5495780370090989,2,314.53227367726925,1,1,3,-1.0,0.0,0.0,0.0,1
29.250768567780856,7.531126859884765,88.56205973860918,0.07954991341044514,0,4682.214831470374,22,4,10,98.5518237097301,0.0,1.0,0.0,0
21.317574717074297,19.60492294180292,109.88082963834914,0.00967369068737513,0,4392.445725989589,29,6,8,360.99535079781344,0.0,0.0,0.0,0
178.11234738227216,57.50698374126584,228.80978562900597,0.7285700356297371,3,108.36722037856012,1,0,2,1.0,0.0,0.0,0.0,1
25.658160091488853,21.990684309758027,58.89897148563467,0.14875441100586775,0,4924.986432637115,24,2,3,72.44924223095242,0.0,0.0,0.0,0
32.958647083565026,18.17774531533864,85.49232709728912,0.028877553329535455,0,1847.3614370172784,3,4,0,286.93760419869636,0.0,0.0,0.0,0
180.1813683374973,38.27554582801245,232.802491611724,0.29098702028720913,4,409.38689316507964,3,0,4,1.0,0.0,0.0,0.0,1
94.92655459817176,39.8839542117841,237.34697082632948,0.7004243451851349,4,674.512636872598,2,1,4,-1.0,0.0,0.0,0.0,1
171.6515072536465,61.86600840718827,181.30941811688746,0.4063703800373093,5,116.07609621836953,4,1,0,2.0,0.0,0.0,1.0,1
94.58855333032353,66.26877066622873,197.78110536984536,0.28956569351500716,3,644.1845771536802,3,2,1,1.0,1.0,1.0,1.0,1
58.58560476945519,21.97827648532168,122.17295211648732,0.03539773796234336,0,250.14626821523518,15,3,14,326.95371242083456,0.0,0.0,0.0,0
11.411552647453407,6.735465641179898,114.95532494062,0.060174774049054046,0,1193.8342319795372,26,5,3,168.1966712610042,0.0,0.0,0.0,0
20.1514832616557,7.218634865285796,125.08306250943679,0.1053464484976797,0,1750.7725875798592,9,8,8,11.051141985861047,0.0,0.0,0.0,0
10.670472693606156,5.388925168390932,147.29616349520415,0.03321763370598675,0,338.4627427248437,1,1,9,269.4778613245823,0.0,0.0,0.0,0
37.456516813858634,17.641796590124844,107.70406644619109,0.10466344141101443,0,549.6589398887313,6,2,7,41.220049580394125,0.0,0.0,0.0,0
19.620551894356964,22.88215196795895,146.4580185801653,0.07180525228355251,0,3937.2086002772326,9,9,10,323.9037279986717,0.0,0.0,0.0,0
58.43373027871786,10.246859335618915,81.30501450631469,0.125474773592705,0,2349.8351856044055,7,9,2,33.35154827404936,0.0,0.0,0.0,0
38.114078206269625,23.853194862121725,101.22827298861168,0.016910593229504438,0,3677.58243710031,27,9,6,288.0179053326909,0.0,0.0,0.0,0
14.926863358387035,20.149250466813772,72.35278223015113,0.008350922243096337,0,812.6051816602076,20,5,11,122.17839420143686,0.0,0.0,0.0,0
112.31364239039289,76.01667808361337,223.11844381334254,0.7980102550474044,2,280.66298266456397,2,1,3,-1.0,0.0,0.0,1.0,1
101.10235179863128,32.224721340919956,232.37019239607815,0.6759685336304967,3,544.7395582376961,2,2,4,1.0,0.0,0.0,1.0,1
26.41760369053591,6.505444820072077,57.33607595169195,0.02937588628413506,0,3934.6328897558074,16,8,11,30.05884147291672,0.0,0.0,0.0,0
56.86813361375219,24.197216731513375,99.18350050199382,0.07950369552374253,0,728.4075868726876,20,3,8,304.62019072315786,0.0,0.0,0.0,0
30.13927670232475,16.776205403124465,58.92221680572386,0.06464745942708876,0,4936.145425324377,23,2,1,225.91133440865332,0.0,0.0,0.0,0
26.002480051530586,22.91046456992401,88.92016787341632,0.001625647722044754,1,501.8690500913611,7,4,2,179.9543650867088,0.0,1.0,0.0,0
26.275166906306772,7.873752503684255,120.99330734342463,0.08005881205071666,0,95.74586260729612,13,1,5,250.5996166072962,0.0,0.0,0.0,0
21.799830295461877,7.870895118875358,68.54088503740543,0.02730946933227831,0,4231.748026881323,27,2,10,50.89933621488346,0.0,0.0,0.0,0
214.8141110654418,36.9631134944173,183.28155457214672,0.20593483799340975,4,54.79706531372419,4,2,1,1.0,1.0,0.0,0.0,1
52.4758833096339,21.873367508388817,101.22847430502131,0.11841575982231824,0,2887.453639903406,29,8,9,315.0427842812584,0.0,0.0,0.0,0
15.010567452526226,18.474232954416976,50.77596483374245,0.07129394648482625,0,3155.5087469550426,23,2,0,298.3868636318683,0.0,0.0,0.0,0
31.39347574264956,6.9731475346561815,111.90930952711196,0.021553741089260087,0,85.73873766840288,13,6,1,299.63201643577486,0.0,0.0,0.0,0
23.8732339862477,10.632320842112634,146.3360320446038,0.0015426743903538041,0,3545.9185046485477,23,3,9,101.51714175261354,0.0,0.0,0.0,0
38.61419072710006,13.83707416182128,84.67187612359112,0.1119678193285671,0,3796.1066533668654,12,6,3,55.47276660302869,0.0,0.0,0.0,0
29.78539817868963,19.303729095604822,78.1919042904729,0.05457144617114002,0,1767.9587240720052,18,3,11,283.622989262891,0.0,0.0,0.0,0
19.778532355076152,17.833514203229917,131.72592689875228,0.08403621956745787,0,1349.6236385990012,9,8,5,43.089895149918966,0.0,1.0,0.0,0
16.050785837432443,23.599695662682695,105.17508829395513,0.11945186632194735,0,2983.660307032961,18,4,2,70.93123229492261,0.0,0.0,0.0,0
30.703391288390822,9.65460483740107,99.13490902687852,0.13086982848878084,0,2920.8118036488,24,2,2,60.741213773493044,0.0,0.0,0.0,0
35.27603958617452,15.155156763771377,63.83715947205566,0.1474109311365579,0,413.1521339250332,14,9,7,193.47279609388235,0.0,0.0,0.0,0
40.814589512723046,8.66928507937697,117.90690989769685,0.1145071889675344,0,4315.081400915459,27,5,10,346.31080008391075,0.0,0.0,0.0,0
141.74581311591376,42.016047764630265,212.30219526339502,0.7673022716097233,4,753.691187481853,1,1,1,-1.0,0.0,0.0,0.0,1
49.470397616969485,20.011947250146424,147.09402836729515,0.054929524619002294,0,4554.15200993722,5,4,4,283.25786998732383,0.0,0.0,0.0,0
57.292220453135755,9.354580684940492,75.67416013415493,0.01513332031587884,0,3415.370726038516,24,4,6,177.5454297845162,0.0,0.0,0.0,0
113.15450803297114,61.39323849719345,239.78835436959832,0.8105034064392325,4,214.65277783886137,3,2,4,2.0,0.0,0.0,0.0,1
28.196944170202144,21.96189327602243,103.49667056654044,0.019565918180001973,0,3563.6440208533863,19,6,5,31.93005609908874,0.0,0.0,0.0,0
165.01614875042895,76.32297186681367,208.79635993418543,0.6569968142396447,5,130.37551009820788,3,2,4,2.0,0.0,0.0,0.0,1
13.238609976260086,19.77654874702359,71.15286258634137,0.059015323415529036,0,1170.0344445542542,5,2,2,188.42431843717367,0.0,0.0,0.0,0
44.907882200992255,16.6814381986754,94.8554856045705,0.03351409751245038,0,3518.0905729033902,28,6,11,271.51917260329594,0.0,0.0,0.0,0
28.787967390198148,24.64965302122214,116.5404792638254,0.14348233630938098,0,4326.587289169364,24,3,13,98.70845379349859,0.0,0.0,0.0,0
200.0241113677573,56.425114371391786,204.58194179152886,0.3882250474412152,3,268.08100921405975,1,2,4,-1.0,0.0,0.0,0.0,1
56.60591412418062,16.30266367178418,119.66508238768922,0.13837490717659434,0,805.0682624255936,28,9,5,28.22218890340735,0.0,0.0,0.0,0
56.4004370887277,10.222542888661541,83.48569509989812,0.06963996304289095,1,4511.8649412127525,21,3,0,359.33059117880487,0.0,0.0,0.0,0
38.057557333597806,14.505941476465114,129.06029647697554,0.020031463425832674,0,3097.843964553605,29,6,10,105.07601871721828,0.0,0.0,0.0,0
33.43080102499964,14.3636195952969,120.27443721197214,0.14919934483083816,0,3980.5927012850393,14,2,12,67.48754925646777,0.0,0.0,0.0,0
188.76234771063503,58.16175344375899,230.1821583641443,0.4129086471464953,3,192.620997526597,2,0,1,1.0,0.0,0.0,0.0,1
126.77098183367642,61.29952328805177,239.5064645391475,0.5549406228097975,3,641.887995184784,1,2,4,0.0,0.0,0.0,0.0,1
104.15443809619521,31.409515774826815,210.62126349173977,0.5787671563864644,4,649.8565572307932,2,1,2,0.0,0.0,0.0,0.0,1
30.16306805619159,9.411222498446465,91.83997886676528,0.0305367420513364,0,912.2570160623555,21,8,3,229.49915864516996,0.0,0.0,0.0,0
45.40056654356448,22.36925157894941,88.34628345476925,0.04701200472805051,0,141.81356883581697,26,5,0,175.723901274526,0.0,1.0,0.0,0
59.459278743239175,14.247235682954667,57.433155136034586,0.14660535911664538,0,932.3382125919186,6,8,14,253.92234707359873,0.0,0.0,0.0,0
21.245298527591117,6.532215285222264,131.0516486586372,0.14647529604690185,0,1425.441155712276,4,6,12,187.38393589230728,0.0,0.0,0.0,0
27.494773182369933,16.026347813256283,85.95431445200035,0.018870350451907696,0,2649.4472162596667,15,8,4,192.26714000765855,0.0,0.0,0.0,0
29.702975991792858,15.792945852343795,58.722413884172276,0.11081959347741223,0,2427.965586601485,25,9,7,127.20461693853072,0.0,0.0,0.0,0
47.99985791654842,11.979898706038218,95.38532556850524,0.08924525360122053,1,1671.35899114554,3,4,13,211.43275779494775,0.0,0.0,0.0,0
15.068992123493176,20.837826475914586,131.1572004351548,0.07234110001223153,0,914.2197636735726,2,5,5,327.89967543619787,0.0,0.0,0.0,0
98.13464505894578,70.55214709137563,216.27689663606705,0.29490988963495934,3,209.98777563509893,2,2,1,-1.0,1.0,0.0,0.0,1
214.9547093821123,63.96946593133516,253.71399350715467,0.5460570068808568,2,361.0705703530132,3,0,0,-1.0,0.0,0.0,0.0,1
52.12332036063128,11.764330343650112,71.82488325115713,0.13071780969282648,1,1727.9056440982213,1,9,9,20.51115190763878,0.0,0.0,0.0,0
24.094688529966618,9.38133643719199,142.61328387732337,0.08575644779376972,0,1005.5290029608893,8,7,6,153.3467488334006,0.0,0.0,0.0,0
33.22667923290486,13.483112182380339,134.97530489343325,0.04679676024718477,0,655.2506209706798,19,2,14,307.4933341448134,0.0,0.0,0.0,0
17.377592341434998,20.938955111504498,56.289262245248686,0.10298797531716494,0,3791.1666522822466,4,9,2,114.75053998962234,0.0,0.0,0.0,0
13.482293387413282,16.778720451250955,102.06553537341115,0.11133015136816987,0,2141.1066606528516,9,1,1,122.47837861927987,0.0,0.0,0.0,0
116.66034673217536,52.45174831320951,191.37535297944294,0.640654439105464,4,295.73693113998394,4,0,3,0.0,0.0,0.0,1.0,1
24.052718558690923,10.74531661983496,57.67667371449807,0.04653567921611016,0,2944.067510700219,1,1,3,288.91246731161806,0.0,0.0,0.0,0
158.62422942169383,55.640614846268576,249.43051962054253,0.7005840249837139,5,637.599661781141,2,0,2,-1.0,0.0,1.0,0.0,1
171.35990947124486,32.64186188964924,201.9714878318245,0.4995891026497636,2,48.68739358556155,3,2,0,2.0,1.0,0.0,0.0,1
138.1828525748272,46.893247182177895,187.45699427347085,0.821856401660565,4,114.10427484819475,3,2,3,-1.0,0.0,0.0,0.0,1
35.4239517654013,9.658036772989632,134.53299756887267,0.10907442146102077,1,820.6783588918679,7,4,10,172.17004991529146,0.0,0.0,0.0,0
35.471106407489486,24.933937077059536,131.39702695060188,0.09228291573465162,0,3138.2843896436107,28,6,6,264.37587643198134,0.0,0.0,0.0,0
46.75355219019429,21.06961860769697,78.20345725713065,0.026615931566958424,0,4043.831959372957,17,3,3,135.78660131436587,0.0,0.0,0.0,0
170.6699496901462,79.58565368277809,197.74000885379596,0.7965634413123994,2,745.4815263999428,1,1,0,-1.0,1.0,0.0,0.0,1
38.59487612294769,23.14926352692851,62.24814168502972,0.0801054169806985,0,2079.617744371628,1,6,0,174.72612800780627,0.0,0.0,0.0,0
55.531200177015194,17.495225420865022,83.5865857149835,0.12376609971339897,0,219.42914856161917,20,5,4,149.43525304980275,0.0,0.0,0.0,0
158.0413244263566,33.20955629441048,223.5592920558346,0.4532814892013045,2,252.89652286271752,1,2,3,1.0,0.0,0.0,1.0,1
28.836937266547732,18.91776715357138,75.25950931191335,0.14365561605097307,0,4792.531578557743,5,6,10,86.96578086907446,0.0,0.0,0.0,0
167.8111792406559,59.00860454176366,205.52837256294512,0.5361028453625449,3,712.6953655832989,4,0,2,0.0,0.0,0.0,0.0,1
19.626740886188667,16.800249365473917,124.10857977382197,0.047870927330128994,0,3597.8945954048836,4,1,11,53.919087864953056,0.0,0.0,0.0,0
45.62710045664985,12.358058505725513,83.66738342536925,0.03786636945419514,0,4821.022115389605,17,4,5,328.9467683868931,0.0,0.0,0.0,0
43.2538719999214,21.79258775137984,86.03781215565695,0.06403531309842557,1,3930.3867229120538,10,9,11,141.65519465087215,0.0,0.0,0.0,0
46.983565036338184,8.825208358291734,111.3777418815699,0.0653258181597239,0,3703.44216052566,12,3,0,46.0866306710435,0.0,0.0,0.0,0
33.31266407639177,20.838712459275282,90.2307041382372,0.06374302785936456,0,3609.4243215285182,7,8,0,308.05761725883906,0.0,0.0,0.0,0
36.36866449854206,9.813698184466817,125.96949977999118,0.08465117518097261,0,4478.0621142430455,3,9,9,354.2479234968523,0.0,0.0,0.0,0
11.104292265058987,12.159223890655293,83.36608906336926,0.05815427322585101,0,3703.932939157376,20,3,6,266.90646511179193,0.0,0.0,0.0,0
168.83823993671177,46.39774652397951,200.6286966444295,0.5848385640817038,2,204.51826506789286,1,2,0,2.0,1.0,0.0,1.0,1
17.46897393189132,13.037390312984979,124.25931846422301,0.12719066366379428,0,2992.660363239276,1,9,11,329.395541810015,0.0,0.0,0.0,0
20.03724745847648,13.230424388684419,110.08424258659142,0.024044021073124304,0,1450.2860567393473,2,4,10,297.2174995618567,0.0,0.0,0.0,0
32.46829358125753,14.863910395758584,79.85887562882927,0.02384476410339459,0,1020.0946763337552,18,9,5,127.69124430995709,0.0,0.0,0.0,0
108.36619809746475,47.82390825739162,253.48576304170163,0.839092067117537,2,62.492212725176216,3,1,2,0.0,0.0,0.0,0.0,1
170.37859671473313,34.36998445525979,250.7706821328704,0.7111158257338202,2,513.4484891719094,4,0,1,1.0,0.0,0.0,0.0,1
170.43729494740757,63.87826128874381,187.71646839915383,0.5082429656565356,5,200.31877062226735,1,2,0,0.0,0.0,0.0,0.0,1
51.855956256583156,17.88301418067944,89.75223291072159,0.06351250639594078,1,1128.0654500612775,11,9,0,117.60060948650641,0.0,1.0,0.0,0
31.166822123319086,23.465648314062896,57.29170119270054,0.12048886075184277,0,1653.9383803875476,2,7,14,142.9685930614564,0.0,0.0,0.0,0
30.7415335944477,13.670862056076022,96.71741333524466,0.10572362480860743,0,1610.6385398644168,16,6,5,55.72937985700755,0.0,0.0,0.0,0
139.79862268766,36.019858774064744,254.5062267956857,0.47667011643200724,3,648.2897673033709,3,1,2,-1.0,0.0,0.0,0.0,1
207.09264560263523,56.32992150834066,222.46309063166086,0.31455134479809593,3,735.3847947179316,1,0,3,1.0,0.0,0.0,0.0,1
49.46914803443147,15.661576446492639,107.81406737621202,0.007888029032156562,0,3209.8538091831147,23,1,4,66.94445422033303,0.0,0.0,0.0,0
37.45778453951196,19.437063210662245,149.3372788160175,0.019735606781838933,0,3487.0616505265916,2,3,3,120.17386974870558,0.0,1.0,0.0,0
17.221195775488827,16.05993165377843,78.59175758622129,0.03495007347134945,0,3938.1825944106295,3,6,10,227.33267149083053,0.0,0.0,0.0,0
20.872381700385013,10.08355428611315,99.06474993407268,0.14491498090972232,0,1458.820809572877,26,2,4,130.48133277453724,0.0,0.0,0.0,0
39.96387589117959,21.14955871303818,60.93559031094789,0.05959369394188585,0,2868.9378212761294,18,8,4,26.489801286319437,0.0,0.0,0.0,0
32.811825447777096,12.381060435218332,62.1025000485193,0.06284216852812131,0,401.48793943961454,26,3,14,273.6955290193102,0.0,0.0,0.0,0
49.464532733855236,5.624271206774951,146.68655502933936,0.0789892413884684,0,1844.7869023436515,6,8,12,355.00871061788166,0.0,0.0,0.0,0
115.10204309420547,33.377932565867255,204.74737195376667,0.8298521204132905,4,389.46313305001325,1,1,0,1.0,1.0,0.0,0.0,1
29.647940331834114,22.028773926622286,140.62542367378683,0.0759557510317718,0,3555.329306262858,26,9,3,37.21845467146708,0.0,1.0,0.0,0
115.17157270372522,66.09566746559179,201.030359971904,0.5322630016665275,5,49.21113968889689,2,1,2,2.0,1.0,0.0,0.0,1
214.88421268531266,47.61913795532327,235.52132551971263,0.3672401689289789,3,446.530104002546,3,1,4,-1.0,1.0,0.0,0.0,1
58.62422811380796,6.365317317110019,91.7917684831438,0.036884690028972156,0,4606.337888038746,20,8,13,199.9728458825852,0.0,1.0,0.0,0
40.738547657813115,23.0555209552909,146.22915416725868,0.09804044288028398,0,2649.7508911424457,12,2,7,202.60514952474264,0.0,0.0,0.0,0
189.93829525195952,45.52001509665817,215.33459137477158,0.35220448106608354,5,215.80009491558323,4,0,2,-1.0,0.0,0.0,0.0,1
22.701057454778137,22.19457567004465,120.01882592940531,0.08216098642037052,0,500.7776013067959,4,8,12,76.88057863011984,0.0,0.0,0.0,0
46.36462386197842,10.39123386504919,60.016932623732984,0.05286465383291109,0,131.8587665753205,27,9,9,139.16198746750226,0.0,0.0,0.0,0
13.702824224851824,14.63513818245353,139.57434451243125,0.02822573937691858,0,2010.8037270056811,13,8,5,144.0068110084853,0.0,1.0,0.0,0
145.10092850972705,69.51601227398774,232.80622769254722,0.32603234434919626,3,360.77313803391775,4,1,2,2.0,0.0,0.0,1.0,1
24.622090229475788,20.965459930926112,128.33366919246205,0.05284535315651399,0,2821.13270496981,29,9,1,6.950844385116516,0.0,0.0,0.0,0
45.23403813683233,9.037069042458967,117.34324333249174,0.14548680691609056,0,3379.380485214375,6,5,14,64.65967314829585,0.0,0.0,0.0,0
101.62832347054207,41.78565420302108,211.8472384331916,0.38485326886699567,4,434.9010587882928,2,2,1,-1.0,1.0,0.0,0.0,1
49.96190471017291,22.972330818869416,144.1135584850447,0.1301215535243959,0,1698.7813001254613,24,5,0,62.10210016466264,0.0,0.0,0.0,0
13.5050740133721,22.290826831641674,99.95664633759327,0.06577620250484549,0,3139.7507608365386,27,6,13,95.78186981911827,0.0,0.0,0.0,0
90.78186321304703,48.16820643401854,254.95469099245122,0.3897115389466981,2,444.04348495011664,2,0,1,1.0,1.0,0.0,1.0,1
45.127025076740345,10.961044172788863,60.536492225085645,0.11727357950174033,0,288.52076134681636,5,6,6,182.64641818422345,0.0,0.0,0.0,0
41.00363779642568,15.66922183952643,139.38925830509578,0.1182895816836796,0,1593.0242355879636,5,7,0,12.239338678559474,0.0,0.0,0.0,0
49.86055362893814,19.484650952238987,119.0405721911072,0.05108172532198453,0,309.33691319456307,3,4,1,28.034715990287665,0.0,0.0,0.0,0
114.2383371303805,59.75482186713245,200.66668615289296,0.8224021085029409,3,371.2120205285684,1,1,3,-1.0,1.0,0.0,0.0,1
85.36079406758286,38.86176370701462,228.78749883854553,0.5241661385352032,4,58.381264175679895,2,1,2,-1.0,0.0,0.0,0.0,1
151.0160571131242,74.0689163485768,182.9473464590937,0.6221148876748246,3,131.90634053944422,4,2,0,0.0,0.0,0.0,0.0,1
51.50754914989591,23.965030755801585,80.46023557741904,0.03967737059832573,0,1424.7094823866769,25,2,5,77.99982167316986,0.0,0.0,0.0,0
52.67781818103317,16.77446180614148,137.37091753924858,0.11841826335482526,0,3066.0953499389607,8,8,5,204.32220283105806,0.0,1.0,0.0,0
155.48208127163895,38.559286170185885,210.42614253765976,0.4828781095628767,5,680.9358074028622,2,2,4,1.0,0.0,0.0,0.0,1
21.10218880335545,24.308879737547002,62.46116764636667,0.07203108115821545,0,162.1933392915994,5,2,12,253.3667111908288,0.0,0.0,0.0,0
10.98257413734239,22.58786113614391,146.5609831380884,0.05123555805473519,0,85.10447323313639,6,3,7,53.512029631401155,0.0,0.0,0.0,0
130.3829217267368,43.71038025301224,218.33282298857134,0.8365018359896272,2,304.4540968189345,2,0,1,0.0,0.0,0.0,0.0,1
18.494143758041247,10.705954417804564,78.26256059514931,0.10101312003703058,0,3790.6247963951237,15,9,2,192.68708719953236,0.0,0.0,0.0,0
44.49410054175052,16.35522244595454,92.9656922186002,0.12271688201618865,0,3673.1131726349186,27,6,0,320.16292851856934,0.0,0.0,0.0,0
11.581001911873198,10.170011353991878,140.06660841086284,0.12354888764759607,0,3518.755403826594,12,1,13,315.99044154397967,0.0,0.0,0.0,0
81.92861003333972,41.02371627415419,230.97459205477918,0.40554000229253157,3,114.20526067180131,3,0,4,-1.0,0.0,0.0,0.0,1
216.05181826364878,38.0937656866659,184.70072011761025,0.3266498557788496,4,163.7555599287229,4,0,1,0.0,1.0,0.0,0.0,1
18.321009276122627,22.88671217517059,73.1264299649113,0.028447144502930483,0,4602.127428072993,20,8,0,137.61827073725226,0.0,0.0,0.0,0
51.03197378719777,17.518793402031456,132.04268437712682,0.09772271577866819,0,1406.1075802396122,12,2,12,34.471680675913866,0.0,0.0,0.0,0
95.70205712122153,73.62099775089786,249.7826136025971,0.5084394077570948,4,559.7624988377688,4,2,3,1.0,0.0,0.0,0.0,1
218.10392005485988,75.29201460711522,249.63373777081887,0.3201040866853858,4,432.9637098090313,4,1,3,-1.0,0.0,0.0,0.0,1
102.47039331678434,52.45286821721932,235.7397714928366,0.21332085000277257,2,544.7605328374605,4,1,0,-1.0,0.0,0.0,0.0,1
13.982792046544347,6.397836237758954,114.00303883516804,0.14088903433672856,0,3642.566682440998,23,9,14,322.86877527626586,0.0,0.0,0.0,0
10.473756563084827,5.072934055693525,125.97116603389674,0.11421713731906817,0,4653.632847546403,24,8,8,224.33804567798668,0.0,0.0,0.0,0
26.35457530008193,14.761203125393259,144.11403351458404,0.03407236332554194,0,3051.9659889405507,22,2,13,2.9509069334539717,0.0,0.0,0.0,0
122.72713682159338,69.82710330148228,213.67719341894528,0.30629203559527823,2,383.6068923208057,1,2,4,0.0,0.0,1.0,0.0,1
18.0838673207873,17.223267255832617,116.62613026613708,0.10043958248656429,0,2996.925115750643,23,2,6,305.4018383982373,0.0,0.0,0.0,0
53.09219116474149,14.542196353878523,149.45642566845248,0.10187575493069892,0,4964.519051825778,25,5,8,41.677079786553236,0.0,0.0,0.0,0
32.28194004110809,22.9128830612767,62.61530962878168,0.01849258911786192,0,197.1944934082829,10,2,0,110.03150803989381,0.0,1.0,0.0,0
51.99101761017442,7.549713602804924,130.02063476835792,0.12945135691008403,0,4265.391880555884,13,4,5,191.796662184901,0.0,0.0,0.0,0
34.90602582129312,22.95336692201134,146.63900660648403,0.05433696780807741,0,3327.9524586055554,15,2,1,41.77956658070861,0.0,0.0,0.0,0
17.486278207309518,20.653258537922163,108.8110053312958,0.0571137436077275,0,4286.002121782624,8,5,7,61.78946674956815,0.0,0.0,0.0,0
30.587383379512158,11.659004939247467,116.94120642536434,0.0324203718466381,0,4570.369510980153,20,7,11,293.09720111753546,0.0,0.0,0.0,0
38.98857208812398,15.804345335572371,55.032293293466395,0.00943612140270359,0,210.730319874154,21,3,5,180.12019929660036,0.0,0.0,0.0,0
53.224644015367424,19.678198379074033,102.12603121804149,0.13022412060773203,0,828.8362655275035,16,9,12,305.5098648527403,0.0,0.0,0.0,0
22.01495617251834,6.89930550456753,81.49184445888957,0.014496725143162841,0,4937.313984968752,24,6,9,24.021292652060417,0.0,0.0,0.0,0
57.58866422048163,18.971605429055803,111.74565803977603,0.0862207837308421,0,2191.6067319091167,13,1,13,52.481588150910156,0.0,0.0,0.0,0
190.052072085683,69.99519636379434,243.82594321630978,0.37333145894841024,5,526.7342587861579,2,1,3,0.0,1.0,0.0,0.0,1
24.657386513050664,22.926716370422394,51.300192351073605,0.012826279628170211,0,181.3344091754076,29,3,3,234.66783071920244,0.0,0.0,0.0,0
102.09843130171596,31.271617068097008,253.73950573110824,0.8237752272186332,3,794.520336206715,2,2,1,2.0,1.0,0.0,0.0,1
12.81909269266158,12.387652951651702,100.58092225923298,0.08405230115254851,0,1806.4863309817583,3,2,0,100.02518024206069,0.0,0.0,0.0,0
39.011564352997794,18.63994894561467,83.7474695036673,0.05722915419904668,0,4642.466937113755,13,6,5,62.64678135661115,0.0,0.0,0.0,0
41.21770240668966,10.91267371675428,60.549425983027064,0.06848018557243653,0,2111.7242419583126,11,7,11,130.04871089809583,0.0,0.0,0.0,0
161.20347232437575,65.32428175036125,182.48795677763917,0.5688110282504077,2,120.88655779501944,1,0,2,0.0,0.0,0.0,0.0,1
57.742349651923405,14.893503791825665,101.27202478126281,0.07223240104137814,0,499.0724260629086,3,3,0,162.19335247315274,0.0,0.0,0.0,0
20.994149485367455,12.366207641734634,86.40274692145664,0.14391593936117472,0,3787.715138125825,9,4,14,61.28466675976243,0.0,0.0,0.0,0
32.098205447338465,17.89029648869593,109.97041365107447,0.05250583520789294,0,368.40230130476414,9,1,4,107.9718774042463,0.0,1.0,0.0,0
48.48000756473661,24.241507560744463,127.96343561334791,0.13123229511632162,0,3814.484921865337,7,6,13,122.35408996149303,0.0,1.0,0.0,0
151.0677739563743,69.16400716661671,200.023965238438,0.20997664281179437,3,411.1415649884537,3,2,4,-1.0,1.0,0.0,0.0,1
123.698268143392,65.1364391530881,217.0912642572888,0.4101398655290981,3,717.3279750976869,1,1,0,0.0,0.0,0.0,0.0,1
136.7994824121664,34.33101145047818,180.2674824509696,0.7839751078617718,2,346.60240357278775,2,1,2,-1.0,1.0,0.0,1.0,1
21.852075445934002,20.483809834286497,74.00384187641498,0.10936549253923143,0,2006.6978648558247,4,1,13,175.89651908648622,0.0,0.0,0.0,0
89.93034957194129,51.477272435930146,235.62730322847585,0.37508710540655676,3,230.1337690130265,1,1,2,0.0,1.0,0.0,0.0,1
163.7892594018586,64.46871809200469,235.98981501141932,0.2959832972419669,4,84.37736725887127,2,0,3,-1.0,0.0,0.0,0.0,1
14.67945660362113,9.04561535078752,80.99022273372685,0.11112188872650346,0,4520.4305502170755,10,7,12,294.3342820672688,0.0,0.0,0.0,0
31.224641633826757,11.186484487164458,78.06355798765158,0.14583445638245363,0,3679.973148148468,29,1,4,131.4591859230339,0.0,0.0,0.0,0
124.4963324985076,48.01371500619335,205.08604560930425,0.41090256932802843,4,474.2901336619727,1,1,3,0.0,0.0,0.0,0.0,1
23.307919302558822,9.302411940920818,132.53779778689716,0.14806235460089553,0,1426.3413042500292,29,7,7,278.0888567951246,0.0,0.0,0.0,0
52.25198244483212,12.901066757135919,55.12634591759982,0.060281440685510924,0,2279.234409614924,29,7,11,226.00957581163652,0.0,0.0,0.0,0
114.57788847954446,70.06098456741711,220.9362316164234,0.39252585963997233,3,182.90325764537826,4,1,0,-1.0,1.0,0.0,1.0,1
21.79877885597257,10.695839781334284,61.185994634632245,0.09473053646139906,0,1424.2165231159724,14,7,5,143.12677364378442,0.0,0.0,0.0,0
40.27058787537936,13.663262226303328,127.43026829445951,0.12788774324075142,0,3803.4230956774927,12,6,7,214.80430133303093,0.0,0.0,0.0,0
10.527556122509493,12.881803055490062,135.09518994068,0.05187882869629039,0,3743.589210833748,9,5,12,236.76927797543803,0.0,0.0,0.0,0
40.934367485598564,6.3118172932927425,120.50799281837918,0.08153041464708898,0,1495.6255125846797,8,3,2,66.62401611816598,0.0,0.0,0.0,0
15.378069588521706,13.802553930926528,62.33058053214248,0.07296699175365713,0,4145.551758356423,14,8,14,202.00178982476052,0.0,1.0,0.0,0
196.17244026213945,50.058771823699594,227.9216261907997,0.757934716555033,5,94.15990421011476,3,1,2,0.0,1.0,0.0,0.0,1
167.04942800459588,53.55094550093412,229.67479142280172,0.8218303524841002,3,61.38038317974268,1,0,3,-1.0,0.0,0.0,1.0,1
58.59528413258353,19.34655574081739,133.40422679266703,0.001970006056490059,0,3726.9426183577916,27,1,0,156.61156012107617,0.0,1.0,0.0,0
16.154392670163528,14.431893445535875,112.73371104253198,0.12731054888897608,0,4095.8643007448077,13,4,1,100.01756185187882,0.0,0.0,0.0,0
162.49585020637443,38.751557290901445,230.97761402783865,0.5185663532989795,2,730.867206319818,3,2,4,0.0,0.0,1.0,0.0,1
38.1704182241927,21.076097809669502,63.714848815274316,0.08710486268314274,0,763.1899907653378,3,7,0,161.2374694477631,0.0,0.0,0.0,0
115.64248511745078,53.71179060149801,198.03298767558744,0.7376090538183291,5,53.468251844464376,2,2,1,1.0,0.0,0.0,0.0,1
12.604459398112885,12.042769671204871,92.86478407787152,0.12363043673433816,0,1906.2111174856186,29,1,14,6.64285113513424,0.0,0.0,0.0,0
10.640916673279685,24.012912494518943,129.66836460730264,0.02880146647853918,0,4915.0508126962195,29,7,5,72.1170446879241,0.0,1.0,0.0,0
23.733293489395273,14.488698282943481,83.37765970697978,0.08689701041826912,0,2868.0596728404,10,4,1,162.28909513857522,0.0,1.0,0.0,0
85.02470699607944,65.63561641032564,241.81738113088187,0.7821599802748511,3,257.7641988036211,4,1,3,1.0,0.0,0.0,0.0,1
118.2428278512318,32.5488381734338,207.99589586795398,0.7561592505033992,3,772.1791686188737,1,2,2,-1.0,0.0,0.0,0.0,1
205.344135709991,66.60310485346704,191.15764321428043,0.7554460402307612,4,491.4653091204161,4,1,4,-1.0,0.0,0.0,0.0,1
109.56834878886693,69.78492045725994,215.93761588111,0.5486293268837861,3,236.5770852862488,2,0,0,-1.0,0.0,0.0,1.0,1
10.455497194110082,20.520443568804893,115.05849866461234,0.03189371240452609,0,88.64313772000682,1,6,13,208.6299540833025,0.0,0.0,0.0,0
192.2194954007469,55.6946148977244,252.06417568314637,0.7485054685366843,5,304.4350411660068,2,0,2,2.0,0.0,0.0,0.0,1
54.08612617581303,21.773944805901007,108.21807361446398,0.037322447300733315,0,3564.0299766090598,26,1,9,325.21331174515666,0.0,0.0,0.0,0
57.65260361008205,18.102179414294127,96.45745670402535,0.02282560741696944,0,830.83118078336,6,7,4,152.3296377422089,0.0,0.0,0.0,0
173.69610371903136,75.79770424859913,191.92831853244311,0.8256025969416769,3,319.1380943308721,1,2,3,0.0,0.0,0.0,0.0,1
45.1395510688923,14.055362590228015,74.32730844706987,0.1316061780812087,0,4504.293545153515,23,3,12,294.69039302425864,0.0,0.0,0.0,0
46.5803972184262,10.137956120891264,67.52023629240401,0.10360020231580831,0,2433.6202660980434,12,1,8,24.15158342969101,0.0,0.0,0.0,0
184.4543346587444,43.1856629212801,245.274519454494,0.7777349933561017,3,154.55557186950773,3,0,1,0.0,0.0,0.0,1.0,1
22.675050805288656,11.617741753875885,76.97960578923642,0.07671546094523808,0,2586.521329314449,26,3,14,129.06076827442126,0.0,0.0,0.0,0
58.62947683757787,8.020262348542124,122.60807566781885,0.07170274599893084,0,3322.510543664746,5,1,5,293.3021745111132,0.0,0.0,0.0,0
36.124052025805916,7.4644530834433205,135.94157932805894,0.11996716431360324,0,1511.627531640535,17,8,3,154.95251019667208,0.0,1.0,0.0,0
172.42507450913735,63.406506199051755,253.96611100410865,0.2997608085953636,2,598.9560210895756,2,2,3,-1.0,1.0,0.0,0.0,1
13.8397842143367,13.274120638200609,117.8887337188785,0.03551963781842702,0,3861.605080856352,5,6,4,356.76493723446447,0.0,0.0,0.0,0
11.83539914023142,8.711492054900955,126.50431899704897,0.060768911000529,0,2647.302328852216,26,1,10,40.23501168324994,0.0,0.0,0.0,0
57.9796073804617,20.85324953503234,110.38030788437534,0.07400123820785708,0,4922.393795129504,1,8,3,3.438247429942543,0.0,0.0,0.0,0
12.489512659385458,12.003788114616887,61.86724920718041,0.004347088537496435,0,2184.6666663423707,15,2,3,310.13148720141055,0.0,0.0,0.0,0
53.756049619124724,5.5320512719312775,106.19813416263793,0.03213831515147766,0,3935.530295668212,15,9,10,4.25038831863012,0.0,0.0,0.0,0
41.27167250832967,21.165364224325565,56.90369369113749,0.05021835628360187,0,3196.4443436654356,7,7,9,217.71048252594346,0.0,0.0,0.0,0
51.25176595714,22.166608635618495,96.36220743434498,0.11764069489600754,1,1412.0920568159365,4,6,4,24.110187355088424,0.0,0.0,0.0,0
50.876620797906035,24.79784324479749,90.6879062624671,0.0016445479697315025,0,3280.008044864573,29,6,6,92.66766400078988,0.0,0.0,0.0,0
13.084014812654772,9.174917647972585,98.58205588603991,0.012896060291881738,0,3604.130740032857,23,4,12,219.07979303761883,0.0,0.0,0.0,0
30.212082105351957,24.86530392859493,136.8557028249461,0.0846959786844303,0,1458.771892408171,25,4,9,230.23120336300653,0.0,0.0,0.0,0
27.971191341540855,6.629477954258838,69.33392336120522,0.14261170698190076,0,2360.0816213627777,25,1,0,357.3056379837634,0.0,0.0,0.0,0
112.62069271686342,70.54842992350198,217.63650868952254,0.6540434321031308,3,197.7972405564259,1,0,2,1.0,0.0,0.0,1.0,1
33.561849640018494,22.773371986476377,96.83054873786341,0.06207731168582505,0,1323.207709820561,26,9,9,245.90000396155872,0.0,0.0,0.0,0
30.399718112407616,9.225700751398755,98.25055913821134,0.05116540707036871,0,3392.1876067825383,2,1,13,95.95145622610399,0.0,1.0,0.0,0
21.704631808303596,8.826212360635763,147.31313883615974,0.042981887657769405,0,4182.628806031515,16,8,5,336.29910198532434,0.0,0.0,0.0,0
30.35706922779557,24.759859848932336,128.3556016642426,0.08626295420776729,0,2118.167335362426,15,5,10,197.90460188254997,0.0,0.0,0.0,0
160.55016130367346,45.90686096204105,219.2921627377653,0.5204875582402498,2,241.69716299314842,3,1,0,1.0,0.0,0.0,0.0,1
47.17541281458039,8.215197920966164,131.7967024119062,0.12482012669366128,0,81.61006499832622,13,1,8,230.61193736108396,0.0,0.0,0.0,0
54.74346003527599,5.4841208884505965,84.86024694428457,0.1082700632324784,0,956.6891607700485,14,5,10,296.6036132671827,0.0,0.0,0.0,0
148.31865188057867,69.16055776895257,242.01902742926427,0.7615800168220075,3,694.8873513506254,2,2,0,1.0,1.0,0.0,1.0,1
23.307390213220437,7.5892619319063925,107.75349249438466,0.045952546227779154,0,2722.9062079663804,4,2,8,142.98331014406918,0.0,0.0,0.0,0
25.605973266960227,14.635116594579628,81.75456576553381,0.05411216175828138,0,3181.3366781097357,9,4,10,261.38658877400917,0.0,0.0,0.0,0
46.85534902016517,20.879906217385653,85.65730426440601,0.11507769215987107,1,3507.051517407663,20,4,2,317.07327163808094,0.0,1.0,0.0,0
14.664892773837176,15.417480732697715,133.63842356312256,0.1245288844604357,1,3506.4493379762052,18,9,12,287.7204509823528,0.0,0.0,0.0,0
43.80261285933772,13.919166140206428,114.75736434019076,0.0891593788842818,0,374.8494156413641,1,6,14,178.354764497703,0.0,0.0,0.0,0
10.424778930360475,20.22011965899111,121.30142918617408,0.05494295793097833,0,3786.9160719359993,5,5,0,118.08648401401884,0.0,0.0,0.0,0
81.48508466188493,73.56820174097969,220.15078869301294,0.8339983544387952,4,73.52954335692507,2,1,1,1.0,1.0,0.0,0.0,1
214.09807710718542,50.829936285588886,190.59420655991954,0.5846143930376583,5,720.4403236778426,2,1,1,0.0,1.0,0.0,1.0,1
162.86881965281776,66.27500676922628,185.9890516997584,0.6980219942447123,3,646.1334987113752,3,1,1,2.0,0.0,0.0,0.0,1
51.22585348999646,13.354171339459517,57.30850910261503,0.04104995773821865,1,3001.4799474018755,29,7,11,3.6917675562050705,0.0,0.0,0.0,0
50.072288811147686,12.841871538091453,125.07696492110557,0.0188229445198726,0,1222.8199582879108,29,5,4,304.7990700910823,0.0,0.0,0.0,0
51.165471491035895,20.640306698659344,104.38057278662373,0.014980023170426725,0,1247.3499735930225,6,8,1,7.054585284924378,0.0,0.0,0.0,0
36.41850606486046,13.726716632131119,130.2109249026734,0.1466851003131406,0,1647.2976219740392,16,6,4,362.4321505835446,0.0,1.0,0.0,0
49.703031294137745,24.37845747437485,107.32766887532034,0.033036581610429085,0,3726.517110797746,9,3,11,203.810334313131,0.0,0.0,0.0,0
20.66815340164856,12.701013584072333,123.96079690001372,0.0626458508803054,0,612.1444778388114,28,9,3,60.00332977987116,0.0,0.0,0.0,0
30.36911395595702,8.548189402423647,60.96362825351864,0.08505491752518413,1,321.1958872215667,23,1,6,168.88105856605685,0.0,0.0,0.0,0
15.21733066627803,6.503171306761697,84.7558327311602,0.09221360831109728,0,958.6380624892681,12,3,9,221.01818533531434,0.0,0.0,0.0,0
53.81016811124924,14.249885480248762,77.94424222358941,0.034644952232404734,0,896.5037293702305,19,6,10,351.40570180987896,0.0,0.0,0.0,0
16.10191174223894,14.903538202225404,53.43885211152184,0.1363980603118173,0,3329.4853075522105,2,6,5,199.54925196029708,0.0,0.0,0.0,0
40.9793550111344,5.755182791968014,79.06662615993773,0.062052939560850576,0,1515.5139770555656,13,9,9,15.279920438128464,0.0,0.0,0.0,0
178.98244073122873,36.07311310490266,223.43974600557743,0.7914573911621616,4,340.2045219852375,3,0,2,1.0,0.0,0.0,0.0,1
107.24402378991957,61.28902164431139,220.80402616859817,0.20619749507087676,3,726.2858943585685,1,2,1,1.0,0.0,0.0,0.0,1
40.56586935265407,5.889543776063199,125.21228382486274,0.011869393421202551,0,141.36326642272388,28,7,8,188.1565787316015,0.0,0.0,0.0,0
16.630199537340552,9.667925389162539,95.33706056041572,0.07756813321699957,0,2264.2955119976295,28,1,13,163.82356801093673,0.0,1.0,0.0,0
41.39319130010507,12.304558525137638,103.54133355114678,0.11825992964173687,0,4791.664774792459,8,5,12,115.51110618244698,0.0,0.0,0.0,0
18.49101729478673,21.00820126650207,98.4368151342658,0.08607941609439752,0,1656.6528613653686,4,4,14,311.11654558113383,0.0,0.0,0.0,0
160.94864479472346,34.90622065997301,250.13932728431774,0.4189825204546023,5,783.0843271213279,1,1,4,2.0,1.0,0.0,1.0,1
207.239192903525,52.87835617861507,254.0797166479831,0.5853278424784748,2,160.1073429166893,1,1,1,0.0,1.0,0.0,0.0,1
167.92763436105952,36.137047322949144,218.55393414701607,0.8403120901708685,2,580.5996982387161,1,1,4,-1.0,0.0,0.0,0.0,1
15.034680055190154,13.473863039992846,80.71499501899521,0.13576321850823964,0,1226.6088635158328,28,9,8,101.95111710809765,0.0,0.0,0.0,0
27.703228117754705,18.116415346547857,103.72756736680381,0.10156863952238458,0,3162.233374546965,7,6,9,166.28187542638972,0.0,0.0,0.0,0
55.546359224692125,21.45074485846338,144.9799913291924,0.108857926258254,0,2120.303029638563,24,2,10,16.50481458875913,0.0,1.0,0.0,0
52.30969330771867,14.04646955268592,92.43890180725104,0.023514442139894197,0,2710.2138460690444,16,8,8,193.41178324218853,0.0,0.0,0.0,0
39.45189458076586,18.71356760332357,140.50139458677754,0.09114569920261979,0,2882.7332940917986,14,3,0,68.21145989845266,0.0,0.0,0.0,0
21.270105738440012,9.806455369837337,107.47092028675753,0.08409643877189792,0,3801.1758631866164,12,6,2,47.29621239068909,0.0,0.0,0.0,0
37.176982328753795,19.233641187101718,71.0927336106512,0.1008783606357209,0,2815.1805674876377,8,7,14,271.6943945709566,0.0,0.0,0.0,0
46.1230655169477,21.710710025363337,89.91416610939515,0.06719136257657464,0,3889.4904448638654,24,3,9,247.79055482256777,0.0,0.0,0.0,0
54.23411887108439,11.392960551752495,88.11093260082828,0.0920568272781342,0,2434.414198161088,17,1,7,299.7101235329694,0.0,0.0,0.0,0
106.9636756566043,68.11335112687235,184.5770783574315,0.8483117595129721,3,439.9747964976523,2,2,4,2.0,1.0,0.0,0.0,1
13.208310905554246,17.157440219830367,97.9543927457189,0.0368226160720912,0,3698.567572886983,4,1,13,341.0763256684152,0.0,0.0,0.0,0
21.547083229937222,19.870050715581506,103.19883182707818,0.12135518253605124,0,1114.2736029366415,20,8,10,332.7406450087513,0.0,0.0,0.0,0
50.86526561066184,23.60796840338651,59.53609212730036,0.06750879591393379,0,4359.907854514325,23,7,12,317.781366741474,0.0,0.0,0.0,0
182.4547754839338,32.14634235525249,235.6722950252804,0.7718522076297207,3,336.7541617582189,4,2,4,0.0,0.0,0.0,0.0,1
89.24088701363351,69.95721944858317,191.8088500234699,0.3212293438107544,5,576.6360726665383,3,1,1,1.0,0.0,0.0,0.0,1
23.943567629609092,19.007156599455428,134.6661142238306,0.12844864378171386,0,4444.461988866751,20,1,7,286.6493376565894,0.0,0.0,0.0,0
29.381231260122966,11.463884997147549,143.51585723766212,0.0544983858129336,0,575.1543090839003,11,5,10,353.32809279669465,0.0,0.0,0.0,0
13.528437370021493,17.84838556412631,52.65113105416218,0.0878663371910195,1,2898.597180485601,18,3,11,46.90262893037722,0.0,0.0,0.0,0
214.80174956338908,64.20076481458489,242.39960015288077,0.5255688312853353,2,710.6395489378945,1,0,4,0.0,0.0,0.0,0.0,1
45.0548793682135,13.21463086982024,100.4637287977435,0.0011029566831640468,0,3323.646260776386,15,8,2,187.78870484389415,0.0,0.0,0.0,0
169.55633769311996,77.96988662126242,239.84927109260602,0.6474000243030779,5,144.76053468605215,2,1,1,-1.0,0.0,0.0,0.0,1
55.19908482946426,5.312865906148683,143.38587957857393,0.1214682793032157,0,511.77255437374413,12,4,2,184.53882838230513,0.0,0.0,0.0,0
45.78938481731471,8.069940036514103,55.890866106566605,0.08680767831598028,0,719.7332056885328,12,9,2,360.99932324086546,0.0,0.0,0.0,0
45.88141984347074,10.041941302279511,144.78512885341326,0.08073303320416625,0,2046.9815629736486,2,6,8,272.21616174783435,0.0,0.0,0.0,0
15.18781717679282,10.908440726275298,59.05594676009205,0.1002004876114521,0,4266.637332902495,11,3,6,140.3482720027873,0.0,0.0,0.0,0
29.35934882069294,18.140017732630966,125.71238239772094,0.028518884653362192,0,588.5394395857265,18,5,3,222.9561096535008,0.0,0.0,0.0,0
128.25285845636995,70.11769786803907,215.7906368964944,0.7879922643036148,3,743.5720343626407,2,1,1,0.0,0.0,0.0,0.0,1
18.858546263593276,15.148927322394844,117.73873215187169,0.03525558222057377,0,2746.8969048486747,1,8,12,162.07596845880406,0.0,0.0,0.0,0
30.673288335508005,9.124054318035578,137.65604907887177,0.02374293840886471,0,3048.2112402763846,17,9,13,86.34729270205152,0.0,0.0,0.0,0
58.29751025562867,15.286529578197177,97.36911322907005,0.11331807139878868,0,4822.521689534512,9,7,0,76.8856431369709,0.0,0.0,0.0,0
112.6052556877349,66.82260268527602,222.36740144555526,0.3264438575263833,2,478.66672216807433,2,2,3,1.0,0.0,0.0,0.0,1
50.78743217521404,12.470193660767752,102.6499194153781,0.016845651661682875,0,3208.0267686768234,21,6,11,83.24911676136036,0.0,0.0,0.0,0
13.910282845554736,7.432379727264859,127.3319543203078,0.01016359241679029,1,1444.1680509111675,11,6,3,78.12448749603749,0.0,0.0,0.0,0
37.20630009815504,19.810190424366372,125.69268451270138,0.09100743029550058,0,3997.2317420112386,20,9,2,325.5336924530696,0.0,0.0,0.0,0
180.7969582869959,47.756792753439484,238.78197269981808,0.514142776509105,4,446.2594459602846,1,2,0,2.0,0.0,0.0,0.0,1
29.566641823309634,24.198562411670032,83.50491709384823,0.11678187321340334,0,2206.2521625307813,3,2,9,75.58134401743882,0.0,0.0,0.0,0
34.17872928519337,5.292942545449735,142.11438801808418,0.14641290362993575,0,1080.1248712520453,27,1,2,85.00088834541249,0.0,0.0,0.0,0
170.89074869582942,60.579433893186334,231.56675558016022,0.22490576792686504,2,728.3766832947377,4,0,1,2.0,0.0,0.0,0.0,1
26.768714243976245,12.371973903723179,117.61046432541585,0.07935320108392861,0,2280.8474589911675,21,4,10,129.66096382563344,0.0,0.0,0.0,0
28.27129401511236,8.63286473115432,118.66598739832943,0.14924249791829128,0,3632.212872059398,8,1,14,266.8544056621309,0.0,0.0,0.0,0
211.23341651916053,30.6386855002028,234.44529104998418,0.44780287067711744,3,240.29270206200948,2,1,4,0.0,0.0,0.0,0.0,1
22.102250793126373,24.73325186534293,64.24955429015132,0.07483322301770341,0,3527.201604193315,10,8,1,119.15837750905703,0.0,0.0,0.0,0
217.3616133868924,42.16153991260767,251.76781325908098,0.5348212135699428,2,127.0614437324416,1,2,1,-1.0,1.0,0.0,1.0,1
100.87256762202033,31.106958147107296,196.41260081907694,0.2698564125796428,4,98.87338667296946,2,0,0,-1.0,0.0,0.0,1.0,1
42.9433333461011,17.94222521948189,53.30521948794398,0.00016972126813052935,0,3826.844543674114,2,9,13,259.89071532487475,0.0,0.0,0.0,0
86.85939747119694,59.18173241274168,194.97855495994233,0.2044436666688485,4,132.34183234669268,1,0,1,-1.0,1.0,0.0,0.0,1
52.402389556538594,21.79927960564365,133.26804693470433,0.001654742139369869,0,3805.448131049474,20,3,14,111.54553865392843,0.0,0.0,0.0,0
37.89503894052547,10.077616922480638,63.905912579392954,0.03284703448373363,0,372.41578214760716,5,4,0,69.62533035629133,0.0,0.0,0.0,0
29.573986516700785,21.899007545452083,50.02408745178665,0.02527719651887763,0,1674.3285435495898,17,6,7,221.33956851148713,0.0,0.0,0.0,0
46.05613780573832,12.053822403394694,82.57022115777022,0.07088637795657834,0,249.39246833320266,8,6,12,345.61955830308864,0.0,0.0,0.0,0
35.675893337088496,24.00558447222814,103.56889704560298,0.05912857418998619,0,2490.2644167675408,13,2,6,123.59309862611087,0.0,1.0,0.0,0
58.53749788353351,23.846307793463858,128.38426767676737,0.05322620403853356,0,2770.599416408676,22,8,9,7.644910776283177,0.0,1.0,0.0,0
13.544578794564268,11.2572632171026,143.52970985453277,0.12760203909072693,1,3158.5672438902857,20,8,11,68.2237708220885,0.0,1.0,0.0,0
169.86425049600294,48.43472058726363,247.37463269428898,0.6873207314388401,2,518.5538057339372,4,2,1,1.0,0.0,0.0,1.0,1
183.59702870998956,43.638851696268866,241.83369286017842,0.7800967361855728,3,548.2716657738379,2,0,3,-1.0,0.0,0.0,0.0,1
27.71328606638129,23.119038383892885,140.09634960387638,0.14647241643013062,1,680.4915783651364,20,1,11,361.6424949202673,0.0,0.0,0.0,0
143.84410250381467,63.74262073596746,231.55805455971304,0.7684263599837404,4,453.9967340203079,3,1,3,0.0,0.0,0.0,0.0,1
125.30927356747704,36.60435226110925,215.49178020796185,0.714385741034645,5,406.2600499668006,2,0,2,0.0,0.0,0.0,0.0,1
167.59905638912244,49.935206421396586,194.03255694264658,0.5966403826093811,2,381.4319546624578,4,0,1,-1.0,1.0,0.0,1.0,1
45.74053460656388,19.604883325405147,101.2474704119517,0.10681770845012029,0,3274.871309971584,10,8,5,257.17390172867283,0.0,1.0,0.0,0
160.15376216356717,68.26185644338766,222.79427746276605,0.6906378351235751,2,703.7295657851491,4,1,3,1.0,1.0,0.0,0.0,1
157.4940546962587,33.898721176090575,219.48948998813816,0.7142733476161449,2,712.8937912220318,3,1,2,-1.0,0.0,0.0,0.0,1
20.698086542039768,24.44084188353247,64.27848501395647,0.015168778227248741,0,2886.9832201991953,17,2,12,199.47437541136168,0.0,0.0,0.0,0
36.788734203737924,6.805795401088166,133.5302495589238,0.04811700974576037,0,251.83695069608137,20,4,2,259.5695793398765,0.0,0.0,0.0,0
100.41660988278467,32.09296743695807,215.4172687201474,0.3864130187590777,5,207.3690985924923,3,2,2,0.0,1.0,0.0,0.0,1
46.12056922317723,5.147838028885861,100.91354129215992,0.020897922356706955,0,4364.350120168912,3,3,3,88.20550609900259,0.0,1.0,0.0,0
54.06290338815058,6.557579781825815,120.68035962105051,0.13800572461635788,0,1883.9326134445955,24,3,8,241.6708164199854,0.0,0.0,0.0,0
80.65178141934952,74.0354416099726,202.19928714568454,0.2561433466898164,2,449.2544384041522,1,1,2,-1.0,1.0,1.0,1.0,1
204.00068034655655,45.52917642777159,222.3841713255466,0.37529757912705414,5,66.70618683566137,2,0,3,-1.0,0.0,0.0,1.0,1
40.20089982875891,24.812562165317132,76.53266673426847,0.009351223186417106,0,3567.9050038160517,17,1,6,330.3347080667674,0.0,0.0,0.0,0
21.05616314445075,10.485237003177994,104.76119841428094,0.02167728358604254,0,4721.755001579392,22,8,10,148.3972498855042,0.0,0.0,0.0,0
146.4456140145079,40.01343030892115,204.30610943767556,0.836230162097622,2,580.7643116584961,1,1,4,0.0,1.0,0.0,1.0,1
39.32297561873988,10.224902649071648,148.19053222869428,0.13468471571613783,0,179.48379450092824,29,3,9,85.411929813535,0.0,1.0,0.0,0
34.41873144914693,19.751314981856538,102.52397575201601,0.004896851631850291,0,370.20012289990126,1,8,12,253.4744164877087,0.0,1.0,0.0,0
161.7968098181911,31.904635579476427,245.8086362738232,0.39291749131210696,5,763.8106769644808,4,2,3,-1.0,1.0,0.0,0.0,1
28.415825281306276,22.69826914423987,125.52365311999519,0.04848701759160106,1,429.18439637314026,23,7,3,158.33993332918928,0.0,0.0,0.0,0
194.31463379940868,60.162066069740575,207.0311889711001,0.48849328612163556,4,277.75248275192547,2,2,1,-1.0,0.0,0.0,0.0,1
170.44601481023636,44.44319952218052,196.93658073746593,0.6601384119627143,4,106.91598051963236,2,2,2,-1.0,1.0,0.0,0.0,1
101.80543968287157,37.454621038515675,216.33188965439544,0.2863970220108794,3,374.9279175592874,3,2,2,-1.0,1.0,0.0,0.0,1
174.0987432089758,50.98065107003045,190.60314947857916,0.6701002481205629,3,571.7903358827898,1,0,0,1.0,1.0,0.0,0.0,1
40.326275289824544,17.38520427575443,134.70581908716952,0.02551222699009955,0,2950.7085503860217,13,2,1,249.01262749768674,0.0,0.0,0.0,0
47.336321860051584,21.93845199101814,87.63884964416108,0.04449312927508773,0,4996.85641435376,14,2,5,132.56405657315997,0.0,0.0,0.0,0
16.9627035392352,5.2143059539071785,104.42573370152508,0.1463668227823399,0,1818.102053265572,25,2,1,160.84268244986714,0.0,0.0,0.0,0
58.19718671344717,8.113504255284754,72.73799541943458,0.03385420115856453,0,3040.3723436557,14,9,6,26.032891135677236,0.0,1.0,0.0,0
178.86338605152608,40.166064530408825,247.2845876685303,0.40579385167597404,3,734.9461037727447,2,1,1,-1.0,1.0,0.0,0.0,1
22.33282234223889,14.192295034658528,112.85039000835678,0.0835877749977616,0,1434.8463078908521,18,6,13,236.788325689643,0.0,0.0,0.0,0
163.74358606400548,65.51717164895959,219.3705254306403,0.6451026164057787,3,749.9778875038096,4,0,2,-1.0,1.0,0.0,0.0,1
28.840980307398542,17.563652090207103,104.72374278792836,0.034676382470609134,0,3089.4544323208206,16,6,4,163.00874499224878,0.0,0.0,0.0,0
43.956441566743095,17.13844560453081,106.48127810861823,0.1291395723868044,0,655.3291698439676,15,5,8,123.14838340579973,0.0,0.0,0.0,0
32.63933183476712,15.309698187745846,63.33844935428399,0.14690935953993592,0,2321.264631033777,15,5,12,102.19545555074552,0.0,1.0,0.0,0
162.56794639161777,37.67185146045301,187.70262685210284,0.5401012868012778,4,99.55998232524192,4,0,2,-1.0,1.0,0.0,0.0,1
33.68153777423048,24.09234743008108,65.5860367587077,0.028385640381787234,0,1341.1138461237933,17,4,2,188.71037421865134,0.0,0.0,0.0,0
93.11946720598539,43.15177111448933,189.21466474365894,0.3103013005213013,3,337.0526899103807,4,1,1,0.0,0.0,0.0,1.0,1
18.420397450501497,19.557117361002938,68.37389258424278,0.07672301538132502,0,4608.386481259466,25,6,6,344.8796092973487,0.0,1.0,0.0,0
217.43061311983848,37.798200960914784,202.25608748298896,0.4355389786860736,3,209.0733088184057,3,1,0,-1.0,0.0,0.0,0.0,1
47.56220150924358,24.305237383306263,146.0032537581996,0.033852764001783116,0,2676.0893022562273,21,2,14,22.315234954461616,0.0,0.0,0.0,0
51.5931556625711,18.392052322679238,56.99316057094342,0.0960252335742249,0,2984.419358684442,3,6,11,118.3818198871121,0.0,0.0,0.0,0
25.020492939339846,21.3094447446235,92.54914134515433,0.014504757831950587,1,2584.0828492703235,10,6,3,272.84783674968014,0.0,0.0,0.0,0
15.783761182405827,23.92528986006164,123.33615147320936,0.09562482044012448,0,4142.301859561596,10,4,13,185.10751716374057,0.0,0.0,0.0,0
100.88083250102002,63.117432005572546,225.76824556892615,0.704984776321729,3,57.05759454682842,4,1,3,-1.0,1.0,0.0,1.0,1
49.59805072333579,7.543623784337738,89.85592241441276,0.025522896171677533,0,1353.0685654111946,22,6,11,195.36724813969784,0.0,0.0,0.0,0
54.50781812866972,8.459390492061502,142.28731744878905,0.07841785995771257,0,595.7102090688043,17,7,10,305.0791402320916,0.0,0.0,0.0,0
58.8999896780645,15.241569078753582,133.07608668132266,0.06409225621909916,0,1304.0744041406522,10,4,6,266.5849256036038,0.0,0.0,0.0,0
99.77213344361391,52.005795378838684,201.15019270696513,0.6969357646734857,2,734.797528188295,3,0,0,-1.0,0.0,0.0,0.0,1
34.77456581030992,18.768047928554722,93.48273386037462,0.03696030498586602,0,4007.108600896447,12,3,13,1.917643773810494,0.0,0.0,0.0,0
178.4840980353538,49.30238832786552,204.5064292033781,0.2822394114773445,2,193.83711506190764,2,1,3,-1.0,0.0,0.0,1.0,1
83.55064880250194,30.476167780697807,201.84369408612523,0.2931340242823675,4,534.3995777672222,3,1,3,0.0,0.0,0.0,0.0,1
43.84106494286978,21.56938598898234,79.46193963461931,0.0021472916500589966,0,4179.015755153345,1,5,12,275.0011916237937,0.0,0.0,0.0,0
54.24991782616405,15.605302652698004,94.10321617481617,0.06067281745227761,0,4029.686048034443,4,6,8,269.3173549208816,0.0,0.0,0.0,0
51.38598738955041,17.639149307800576,105.69675337604484,0.020020350670448855,0,2489.7356908197316,26,5,6,280.823388459058,0.0,0.0,0.0,0
11.580750563562106,20.467844492575445,55.20523983673071,0.00572304089030658,0,362.22211299768526,6,5,10,14.782750565900622,0.0,0.0,0.0,0
52.33503616752005,8.161226005832987,52.16417946082357,0.11773370919957751,0,4943.197103263312,2,4,7,98.89811202673916,0.0,0.0,0.0,0
52.57907000086187,22.275792459300064,90.67737485720052,0.11435418205607592,0,92.66406282931237,8,3,1,2.724046252285083,0.0,0.0,0.0,0
19.528802325859694,14.240786856791113,140.30278734928118,0.007628013545373169,0,1737.6916181309182,12,2,8,242.51468210632743,0.0,0.0,0.0,0
41.087969304769864,11.298806113624991,66.38136635943154,0.006022165504311055,0,2293.758999371408,14,2,4,227.9919789211843,0.0,0.0,0.0,0
90.91300972032863,67.14895672444784,190.2265346333068,0.6045937184187243,3,371.2827654064617,2,0,1,1.0,0.0,0.0,1.0,1
117.75810713439573,49.502353258192244,212.73258311210606,0.635497317794031,2,317.66681378923676,1,1,4,0.0,0.0,0.0,1.0,1
37.27910608960332,7.1118309195327996,54.529464361307745,0.09845787890771508,0,456.01724179678075,4,2,12,362.29235535303366,0.0,0.0,0.0,0
47.00179724920885,17.554008272014798,87.56487354930007,0.02115896992384456,0,4280.09758625914,4,7,12,185.14170765075835,0.0,0.0,0.0,0
198.4262334411958,73.20352515727345,236.6678027324643,0.35761176040715137,3,155.5089351634634,4,1,2,1.0,1.0,0.0,0.0,1
39.422191382026156,12.25640060942663,111.31075959555898,0.13173244654113045,1,2938.8804698981958,20,8,9,34.636006114085966,0.0,0.0,0.0,0
212.8778753282969,77.45765266740256,250.77653149850374,0.7299072616952147,4,677.1628354311556,3,1,2,-1.0,1.0,0.0,0.0,1
203.92574170434415,61.63423633614134,181.45928378988816,0.2778338182772748,2,176.8964688912065,4,2,2,0.0,0.0,0.0,1.0,1
23.77682835704256,14.890422502408159,62.16953067266723,0.08821404564081704,0,3153.493750917147,23,3,8,273.6988749202181,0.0,0.0,0.0,0
174.63092293927582,39.181236469209324,210.0471399630364,0.24444772936983042,3,770.518541885407,4,0,2,1.0,1.0,0.0,1.0,1
18.488846987906108,16.615221839045063,98.36804457578666,0.1093251220683455,0,1726.2664886980185,15,2,5,327.2260899990605,0.0,0.0,0.0,0
162.5944905066524,68.81837308995279,239.0922234783542,0.22228533813558246,5,735.5768208224265,2,0,1,0.0,0.0,0.0,1.0,1
35.338502035889405,7.530906223927545,97.66204563105404,0.1145422948442485,0,2429.89153248965,18,6,13,274.77821452241557,0.0,0.0,0.0,0
160.53533720186206,40.757547630350246,250.54075738439136,0.36851529632962,5,340.7478704008679,4,0,4,-1.0,1.0,0.0,0.0,1
19.519089314851737,12.33443817187598,60.58050248565142,0.09423098956395659,0,4930.374134693343,18,9,6,180.04750197857442,0.0,1.0,0.0,0
193.31413310546424,36.87821290562698,203.31635253861282,0.6062305249322734,5,163.92006284789917,1,0,4,1.0,0.0,0.0,0.0,1
155.7454806036046,44.62852962693506,231.6701730756422,0.2002238391899517,2,351.72263741028127,2,2,1,2.0,0.0,1.0,0.0,1
21.693387181868815,6.073043280193815,92.92558745958368,0.11823076666074468,0,4310.9347048078425,18,2,5,124.61547220901865,0.0,0.0,0.0,0
49.446623588800364,22.837442896214696,93.38174195765296,0.1364914715781588,0,4822.188161626035,5,1,9,15.436488466278636,0.0,0.0,0.0,0
28.428834691906882,13.303952782838184,112.86843334246049,0.13717931454552956,0,1256.1220120821324,21,8,4,15.001250103851621,0.0,0.0,0.0,0
17.51729373658833,13.470481846020451,68.63334763444072,0.054582059044032495,0,2309.7331957728616,22,3,7,292.3598419969286,0.0,0.0,0.0,0
180.374638208019,61.73784597799098,186.10455660059205,0.27455102987460894,3,597.5686320913977,3,2,2,-1.0,0.0,0.0,0.0,1
31.559220359609053,12.855182691093852,149.07092395619082,0.09185247630053625,0,1326.2064115797484,3,3,9,317.35257253674763,0.0,0.0,0.0,0
168.62600928660123,60.000825404399045,235.47081655505758,0.2369074805165995,4,225.3976578912084,1,0,3,1.0,0.0,0.0,0.0,1
19.33842081350044,19.77099748740219,97.93522892158333,0.06806126386414524,0,3557.58744548631,19,9,2,6.689051518997504,0.0,0.0,0.0,0
41.687704359516815,7.8101460621718655,94.29510107479328,0.08421575668996865,0,2246.046456552933,28,1,10,290.6442742741224,0.0,0.0,0.0,0
187.57617116732268,51.808998470901216,193.2789602737514,0.6932511502883556,5,747.2860653616121,2,1,1,1.0,0.0,0.0,0.0,1
135.9593882219523,54.578030121656326,196.1120655825019,0.7894269825332587,4,234.16863679307085,2,0,0,0.0,0.0,0.0,1.0,1
114.01328002419574,44.040627359161874,224.95903299900598,0.7862573762800333,3,522.6699855476447,4,2,1,1.0,0.0,0.0,0.0,1
47.758429614766385,16.939027925236317,51.07389817979825,0.13196928112401893,0,4661.309382441954,13,3,5,25.291817055324387,0.0,0.0,0.0,0
29.10617472299866,7.645374301969634,69.6688197312823,0.035622495775407596,0,3231.83559900623,24,9,14,277.1484621298249,0.0,0.0,0.0,0
10.658138571594879,19.724751934302358,123.22175600528612,0.02477230681649616,1,1158.3452511285159,16,6,2,94.61829119950278,0.0,0.0,0.0,0
48.857645411473676,15.11852508984341,100.94018695309703,0.10879658633110506,0,3062.0308784899034,19,6,2,52.94079415925332,0.0,1.0,0.0,0
53.32193337638227,24.86673874717257,125.24277626155725,0.013572254293057612,0,590.0926772404612,2,6,13,337.8713132714598,0.0,0.0,0.0,0
18.564131814607567,21.76351841371477,52.163932494516374,0.03497209554271298,0,2951.247152695769,7,1,3,134.93567569903658,0.0,0.0,0.0,0
22.530599295656607,12.229073167679346,113.26436363041964,0.00015439733480500094,0,4476.532161433273,21,6,3,241.0549162726885,0.0,0.0,0.0,0
19.012301865557156,5.312148733105218,71.05777820291868,0.07777971499750626,0,1309.3814314178949,9,5,7,276.66100222523943,0.0,0.0,0.0,0
179.84155774501875,60.365452047407146,250.13600296877775,0.47446851964160003,4,310.27342713919666,3,0,2,0.0,1.0,0.0,0.0,1
196.00545429088203,59.415444241541344,187.61669144629803,0.4105424422084985,4,20.63008864759016,3,0,3,0.0,0.0,0.0,0.0,1
53.68973452099404,15.03640751081022,93.7646302657602,0.05095389277193806,0,1470.584657384139,13,9,13,110.10671819536933,0.0,0.0,0.0,0
11.04914981431516,14.492963155636097,143.11580911106222,0.05922614996475316,0,2913.8722732356437,26,5,4,341.2245549021123,0.0,0.0,0.0,0
136.3382012698753,42.957409932960005,249.4500753529535,0.8051307525241316,3,321.0580892415217,3,2,1,0.0,1.0,0.0,0.0,1
37.25134594484692,24.693394790490164,143.73880664971188,0.00647606036955175,0,702.0574286000815,15,4,10,352.27235587635374,0.0,0.0,0.0,0
45.26781681777103,13.349491121563323,125.80735014207993,0.058984604695931635,0,1373.1106562786974,23,7,8,145.81986347010596,0.0,0.0,0.0,0
21.942258020180347,23.985623435119674,80.50996868195266,0.025328893405055296,0,1570.084329633231,16,7,2,198.59964773790603,0.0,0.0,0.0,0
155.67334025143884,68.35856650859043,221.5254781259708,0.418249784487664,5,575.0835728673967,4,2,2,0.0,0.0,0.0,0.0,1
16.255807982474277,13.061510854004561,149.69869008908617,0.0260036895317074,0,4579.525862391964,20,1,5,76.94817505309489,0.0,1.0,0.0,0
51.584852183788676,10.461416199456249,101.80787662388154,0.04480883603831596,1,1333.51895638558,14,3,4,307.30575187901013,0.0,0.0,0.0,0
102.23748067887456,77.37813199800294,241.81910414737558,0.8319395231150755,2,178.67960745025775,3,2,2,1.0,0.0,0.0,0.0,1
26.848236285872826,24.990878374381886,90.5751168615061,0.03307326520336596,0,2735.2314671401477,8,1,10,151.2814461718603,0.0,0.0,0.0,0
11.002635489200426,22.809391479677796,106.92813829505243,0.1217863672439857,0,989.7706683412972,21,9,10,310.2271843627242,0.0,0.0,0.0,0
46.376461511254746,14.687823712016986,119.38055569674117,0.08291435520503747,0,1082.512420318201,5,7,3,199.80641673859995,0.0,0.0,0.0,0
29.879719898139715,10.484304046973401,148.39776479598282,0.06140010094725645,0,1188.2752991608766,29,3,0,237.85839126219804,0.0,0.0,0.0,0
54.106780714103,12.868956931271832,132.78683753221728,0.1181569523291563,0,2497.6815999107102,21,2,4,238.77372953803717,0.0,0.0,0.0,0
16.24599053703167,5.533535252177451,51.24255937939323,0.13197156535795276,0,3669.544493872569,8,7,1,236.0167137850077,0.0,0.0,0.0,0
192.61174750115362,42.46773150626727,183.14447657834876,0.33267948496276345,2,61.539958798631716,4,0,0,-1.0,1.0,0.0,0.0,1
39.098490375590714,13.874217104379724,52.20392036676343,0.0060421887249407225,0,3058.003929369183,4,6,14,168.93318987756484,0.0,0.0,0.0,0
46.28328818450045,16.935531918618885,79.53711827074859,0.007755449976100525,0,1795.0092770581873,6,1,5,213.17411010671697,0.0,0.0,0.0,0
41.023398660712694,20.89359136862431,138.9590641366865,0.07024603902587194,0,2563.8578599519296,8,3,10,23.07688382648128,0.0,0.0,0.0,0
218.4928019913137,35.08291820024982,242.57405340317916,0.4483757212217117,3,306.28798237464395,3,2,0,0.0,0.0,0.0,0.0,1
39.38842313030448,15.19539346998098,102.31560631441117,0.032290316104928975,0,469.6640874622841,19,1,0,333.67877480873153,0.0,0.0,0.0,0
201.3406219419028,60.228353334137424,209.50787724256597,0.6226926002589419,4,335.1835796713597,1,2,2,0.0,1.0,0.0,0.0,1
27.763360902866676,7.185231131817145,144.8935875001504,0.07326612100702501,0,3124.9407157907017,23,2,1,312.0093193421486,0.0,0.0,0.0,0
23.460495955719903,21.583915582738307,50.6592405338939,0.03346724378080002,0,528.7169847705206,14,4,10,98.87341008462678,0.0,1.0,0.0,0
132.78311507931724,45.37379676027912,242.31263591010722,0.8076411732767408,5,422.7207373094997,4,1,1,0.0,1.0,0.0,0.0,1
44.53614471144844,24.203768600198504,114.09522198481756,0.09256147950093395,0,487.8559163934058,4,4,7,241.43902063254475,0.0,0.0,0.0,0
41.09572106419391,24.37277330600551,59.4907909766078,0.0585024091121341,0,2905.9881868184366,10,4,4,171.8282732214751,0.0,0.0,0.0,0
14.227166769006152,24.706894373746213,108.81115704556024,0.038479892641646765,0,430.4921617396865,28,2,6,16.173034006150058,0.0,1.0,0.0,0
205.89110127646182,43.033856341724324,209.49163191031772,0.528216045813555,5,696.318370967994,1,0,0,-1.0,0.0,0.0,1.0,1
58.01090361914123,18.20671661028255,102.2709454067601,0.0035387951671193795,0,1531.279675337794,4,7,0,45.84969880202611,0.0,0.0,0.0,0
11.029224714790121,24.398197043239886,133.24426408004217,0.03185086660174142,0,957.8523237744974,12,6,12,157.65993180437226,0.0,0.0,0.0,0
186.1456354378234,71.15564454261323,205.5967187519975,0.6970074791680665,4,766.7537086039102,2,2,3,1.0,0.0,1.0,0.0,1
13.034153447534116,13.266849197423845,104.6614939663671,0.06540704611778686,0,4148.2285249992965,22,8,8,245.3831681673005,0.0,0.0,0.0,0
45.34221787145492,23.74934375627489,68.69353450416764,0.09554153631403182,0,4641.69046398288,9,6,3,125.80569646957993,0.0,0.0,0.0,0
14.994315899880336,16.23344414199115,91.14847121191585,0.10726520081437006,0,2155.406249905241,20,2,0,319.0092742387754,0.0,0.0,0.0,0
148.26572943023058,38.42849227107574,227.23118720107976,0.48927962546920095,2,335.4317682975456,4,0,0,-1.0,1.0,0.0,1.0,1
190.22457467751144,64.7802638582375,230.9309910352612,0.5085911879137168,4,20.68042088206443,3,1,1,-1.0,0.0,0.0,0.0,1
34.12360114950327,21.104424194270123,130.49880560599223,0.1389554005648769,0,1392.5403683128695,5,7,3,204.25945395940488,0.0,0.0,0.0,0
48.69803999116051,14.074979078751028,138.22695165695012,0.022186670451829316,0,3252.480135905478,22,7,4,361.19059786763603,0.0,0.0,0.0,0
52.95910997055542,13.070455330144588,89.85437143653826,0.025483001220993,0,4364.503389327809,20,3,0,42.131059657057726,0.0,0.0,0.0,0
174.17211345391354,69.30595872079253,195.18691989392457,0.7318867304203838,5,496.70209393729846,2,2,2,0.0,1.0,0.0,0.0,1
36.6017343416695,8.531083844856811,113.49950702209236,0.04374797780920484,0,4050.146215741,5,6,1,231.0408441802327,0.0,0.0,0.0,0
50.41057238251183,23.013690965752232,118.4138788373057,0.01572387742837391,0,2884.5388397963684,27,4,5,357.0058135502353,0.0,0.0,0.0,0
34.253645457134766,15.816541279430794,131.83606413952168,0.025751729256482534,0,3479.7482170984285,10,2,6,159.91075262715273,0.0,0.0,0.0,0
36.01618130956929,24.504890705679173,146.5770443884287,0.03229035686787514,0,1026.3511975267331,10,1,4,105.82253836105544,0.0,0.0,0.0,0
24.470256535220635,18.248599468427038,111.31219737415599,0.07965046946144437,0,3205.084709347832,11,3,1,139.61313170029302,0.0,0.0,0.0,0
24.619155520609656,13.878389090127556,52.1913328775009,0.04515691167514695,0,328.0715828698231,22,8,3,76.66071257344278,0.0,0.0,0.0,0
56.23293047911234,15.34263784021276,61.70644129818626,0.07922665821345257,0,2982.842721923205,18,5,2,148.12141365309913,0.0,0.0,0.0,0
50.254775131204475,17.734416902727837,138.54073229335307,0.1017702924756935,0,2840.702589871427,18,8,6,262.5330046712444,0.0,0.0,0.0,0
27.65772011412689,14.174576484004817,148.15413930443128,0.02989857884258607,0,4304.1418247634565,14,9,9,149.6175106814922,0.0,0.0,0.0,0
48.25532958165655,13.655341634163873,98.41844983225968,0.09721531908916071,0,3287.271396030229,27,6,14,13.861228162906382,0.0,0.0,0.0,0
34.05255637381592,18.480523582522654,93.4984179170463,0.08380851123188286,0,3496.504202737639,5,8,5,301.1056292531035,0.0,0.0,0.0,0
53.85799010090055,5.236656717595443,56.13209828350678,0.12076082412421538,0,3627.9604905177516,6,2,0,70.26938821422627,0.0,0.0,0.0,0
58.29193875291651,23.832697041467373,136.50625299843603,0.07499658974436278,0,1128.6271255861554,17,6,7,53.58259559020869,0.0,0.0,0.0,0
119.94738932445398,39.45457602518902,192.52397647068693,0.6735098446787362,2,385.0427158399676,4,1,1,1.0,0.0,0.0,0.0,1
136.84866250733657,41.61438440041706,182.28195211520332,0.7509979763370196,3,548.0619213865792,4,0,0,-1.0,1.0,0.0,0.0,1
37.362302105014365,15.865749514269748,147.5852079343589,0.05505936835664268,0,4563.37010481468,1,9,1,54.828436845427916,0.0,0.0,0.0,0
47.99034535501599,18.011099576244792,89.48665231442922,0.09125763252247883,0,3821.384171330136,10,3,7,37.8208574977128,0.0,0.0,0.0,0
29.220446545759245,18.452974788647424,108.86917203634046,0.03352481315319664,0,2485.1048939163156,25,1,7,359.41022717906225,0.0,0.0,0.0,0
139.22237334143384,63.682892709117915,212.52897204151157,0.41074552756349303,4,170.34742734927298,2,0,0,0.0,0.0,0.0,0.0,1
26.887788074679268,6.433012284629694,144.3503535633239,0.11600296702251443,0,1865.9985517168357,28,4,2,81.17287396189177,0.0,0.0,0.0,0
126.21787631002803,62.83791978789839,198.35845984955714,0.6687844073464935,3,634.4802040200353,4,1,4,0.0,0.0,0.0,1.0,1
51.91271829083693,23.729535734152947,81.74161337163852,0.02332685461185552,0,3704.8552834059997,19,6,9,144.51277361837458,0.0,0.0,0.0,0
24.550339718958234,6.155325979441368,54.472192915196786,0.030736947078980874,0,2104.475195071806,10,9,0,77.10797674586235,0.0,0.0,0.0,0
20.33060403404879,15.176816962610136,62.41874431594569,0.14071774958950534,1,4870.319173750844,4,3,9,47.152130000193566,0.0,0.0,0.0,0
108.59690429440232,72.76516607735317,183.37248809634787,0.4313595223475387,4,731.3396606610318,4,1,2,-1.0,1.0,0.0,0.0,1
145.9503438717933,77.66746500407785,198.3585795729881,0.24532769628518453,3,532.825847542303,3,1,1,0.0,0.0,0.0,0.0,1
12.275211889514805,24.01936372904799,108.19372139940333,0.11935915724547574,0,2296.497512222053,11,3,7,133.06810738685195,0.0,0.0,0.0,0
40.32629335252668,7.0746032908498835,133.5909582205955,0.12218306805299951,0,748.771864325297,19,4,0,85.94706720897015,0.0,0.0,0.0,0
42.05030286603506,23.025184155931267,66.39202620469449,0.05721132148546851,0,3143.4716635187683,14,7,2,101.7882530852522,0.0,0.0,0.0,0
204.55943828661884,39.937623858428914,236.7675101571554,0.42720866233217486,3,240.0962211743692,1,2,0,0.0,0.0,0.0,1.0,1
53.87991865807095,13.72098441243782,77.37979914019121,0.08840075669258217,0,1333.9884567332365,6,6,1,8.941307089340828,0.0,0.0,0.0,0
110.46562195561947,41.000007535707326,225.2903748159298,0.46439510944517426,2,632.0436613422391,4,0,1,-1.0,0.0,0.0,1.0,1
157.6861531301231,51.5582048907218,190.03238148597504,0.33522383441538506,5,698.703047189187,3,2,1,1.0,1.0,0.0,0.0,1
214.545169929346,79.40346561250854,249.48032962690155,0.814095145891204,4,556.7737331592176,4,0,0,1.0,0.0,0.0,0.0,1
19.797841056781152,23.520854924942142,60.544863875129415,0.007770155012371515,0,3519.501440675711,6,6,4,267.0850903587459,0.0,0.0,0.0,0
13.467583550929831,6.053463124109017,79.29107655380726,0.04436491967956437,0,2053.7183918866444,14,4,1,323.2880848537054,0.0,0.0,0.0,0
12.587273983455058,5.6038403067437725,60.533389424496434,0.1448228485511901,1,1009.9427103893682,16,4,7,298.00565729420373,0.0,0.0,0.0,0
123.7171038025696,59.7388062104623,237.17127432342096,0.5958064636432676,3,130.53470291452982,4,0,2,1.0,1.0,0.0,1.0,1
57.04730966353272,15.422978110101809,149.72272046291317,0.07872251255471117,0,1989.6229140176195,22,2,9,308.578008620781,0.0,0.0,0.0,0
53.39898133654515,16.66211514559796,121.80141781270015,0.0558065351718311,0,2316.6064608790034,9,9,13,45.41398870094112,0.0,0.0,0.0,0
15.557391373355447,20.893243085879234,68.29733834148695,0.12121781324779816,0,1006.5181578500924,10,7,14,56.14670050409666,0.0,0.0,0.0,0
103.18682684260835,46.63805422515311,200.01047706953858,0.5090269279319206,3,271.3302577342965,3,2,2,0.0,1.0,0.0,1.0,1
135.6132615056086,79.23723314158732,254.16656786910661,0.591577804770222,4,761.5141990653942,2,2,1,-1.0,1.0,0.0,0.0,1
189.29093584801984,71.53207891496046,239.82927512698416,0.3400571938029069,4,435.4469060273159,1,0,0,0.0,1.0,0.0,0.0,1
24.76531042205158,9.92726303914879,110.18068922988716,0.019619866716203988,0,489.81485110358255,6,4,0,25.59001833458728,0.0,0.0,0.0,0
50.618440143689035,16.47488485089173,69.01538629126105,0.1015561027721576,0,4927.656444326133,10,6,4,357.47217417825595,0.0,0.0,0.0,0
31.10180297753437,12.07742753122499,145.86271773132205,0.02765563810184448,0,3866.3803314006186,29,5,10,105.37321392130545,0.0,0.0,0.0,0
32.314333423717564,13.218431393876777,103.85833858542034,0.03756651026304055,0,1698.773463064671,3,3,14,319.2662242792499,0.0,0.0,0.0,0
48.00174509015869,5.975326376262808,134.37287927102574,0.06570661138580756,0,2755.0579870756133,15,6,3,68.70475291570165,0.0,0.0,0.0,0
103.29852675426129,46.27694020401593,239.33181843231762,0.31186118016019737,4,455.19386362294273,4,2,3,-1.0,0.0,0.0,1.0,1
35.127380336101155,21.96835452861022,52.04016106882064,0.09067334733876892,0,4318.557836376672,7,8,2,170.54309070922557,0.0,0.0,0.0,0
21.95883974286881,16.801867989760154,94.32859860792395,0.06700823339848104,0,133.80029450639853,28,4,11,300.98474484295957,0.0,0.0,0.0,0
41.29451077694138,11.760848319940795,120.06723448461598,0.12654570192686915,0,3933.084261122227,5,4,10,113.9468741398515,0.0,0.0,0.0,0
42.637987798806265,20.387915536816045,65.67092957629191,0.11122758784904854,0,334.98073324884575,3,8,0,0.7814355610984564,0.0,0.0,0.0,0
49.34850674588331,7.2387185404306065,85.59733737948528,0.14670927269602926,0,2511.4168550577065,7,5,3,198.86943206584823,0.0,0.0,0.0,0
23.5999302672178,5.127580868131814,147.83547870568566,0.14486208147296212,0,3655.435728981248,5,6,7,293.9819657117824,0.0,0.0,0.0,0
126.68221619701924,37.84244915305162,192.953176930935,0.775832006122467,4,765.5135506061712,1,1,4,-1.0,0.0,0.0,1.0,1
55.67554834156206,13.313585903257373,95.949577486441,0.05247753541362823,0,3932.8201772601087,1,6,11,184.11367949605275,0.0,0.0,0.0,0
10.484344137048387,22.159101818301142,123.11573444549173,0.14201340527605547,0,1602.847234657723,15,4,6,2.2839769246616335,0.0,1.0,0.0,0
152.22349656615393,53.15873000112123,254.16442310505363,0.5831579136205856,3,721.1176061497486,1,1,4,1.0,1.0,0.0,0.0,1
96.71967763289184,41.475595722694706,246.7872115489637,0.4225121447569242,4,208.2819043463438,2,2,1,0.0,1.0,0.0,0.0,1
54.72616184554863,8.685301523414875,71.30605510175354,0.040659448521054554,0,2596.6742285486016,13,1,10,300.42694808751133,0.0,1.0,0.0,0
81.45469324585704,38.10206555973731,187.67394424912482,0.22861676727019997,4,161.92953971771774,1,2,3,1.0,0.0,0.0,0.0,1
49.71403586813372,21.474688260771057,71.14722813058793,0.07233244088405796,0,4457.987312372167,9,5,0,164.98302511528462,0.0,0.0,0.0,0
159.5732811364872,35.65719802944993,246.0125805552898,0.29432473976746637,2,162.78407831400946,3,1,3,2.0,0.0,0.0,0.0,1
49.55020370327036,15.20425832956244,62.7849736993467,0.11084880947343657,0,1351.475025779128,14,5,13,20.088763745841412,0.0,0.0,0.0,0
30.143286957505204,18.015467795632205,102.6986218326428,0.05616748163076522,1,1545.8182744971134,14,2,9,117.04262507134023,0.0,0.0,0.0,0
174.6079193043532,36.758190488370765,202.49791340700008,0.23650800695415813,3,175.04733537911946,1,2,2,-1.0,0.0,0.0,1.0,1
20.678150422893808,21.318499820439527,74.67054072750285,0.06461701407852245,0,836.3925058347254,11,6,4,198.22525452361077,0.0,0.0,0.0,0
165.4118785716895,78.65240458169166,250.15369988436072,0.20609234183927277,2,617.6161060293534,4,2,0,-1.0,0.0,0.0,0.0,1
207.68481138466237,48.16014723883275,238.1041623985933,0.6889676522079868,5,252.73143509176077,1,0,2,1.0,0.0,0.0,1.0,1
28.910339193653897,20.877913103890336,137.44145541964787,0.12765056501958735,0,1381.8085322737065,6,7,0,166.78268021286087,0.0,0.0,0.0,0
17.271142954771992,16.823100092454784,139.22308599488716,0.10500510614472831,0,4345.770858835758,3,2,3,156.4399635198869,0.0,0.0,0.0,0
136.73471876407592,47.80208553515122,222.1763496644235,0.8475287322307015,2,566.9161268342433,2,1,1,-1.0,0.0,0.0,0.0,1
51.38375973906359,19.79735653200807,128.9022844548134,0.01786598038150744,0,1468.045001835689,26,5,7,117.55465034644135,0.0,0.0,0.0,0
56.63205312769923,17.649444048229547,78.82958045542563,0.09576826059782155,0,1503.4803392113774,23,3,13,337.33972871757095,0.0,1.0,0.0,0
29.044357414734804,12.093255035299181,56.043067715263774,0.06999687011270632,1,1529.733481340594,13,7,14,269.3422371797802,0.0,0.0,0.0,0
23.785992654777612,10.512246773578909,128.71266026016042,0.1462251979171668,0,2172.990050362141,25,6,11,57.079358607258506,0.0,0.0,0.0,0
212.29338525512728,36.582030793913,206.3079438450847,0.39816419519484003,5,333.9493342980707,3,2,1,2.0,0.0,0.0,1.0,1
86.031790261961,37.82753374639278,228.08648466451174,0.45934539583566064,4,66.82718967027898,1,1,2,0.0,0.0,0.0,0.0,1
151.5526281618986,32.912172638573566,222.25416979476233,0.718388649556706,2,67.44185933222745,3,2,0,-1.0,0.0,0.0,0.0,1
48.74278987153533,10.274683738900649,82.42341263740829,0.04654167536634904,0,352.9969595954479,1,8,9,138.94199657313732,0.0,0.0,0.0,0
15.829153727784835,15.933913641442603,140.24130332861034,0.05159365298365283,0,3310.3737069518465,18,5,11,318.6520788208464,0.0,0.0,0.0,0
148.31454630581527,41.24907077869061,183.09065218061596,0.6392301320248022,2,791.7699319318349,4,1,0,0.0,1.0,0.0,0.0,1
33.190712486384,11.400546331247838,97.64612712393995,0.0477456142038521,0,4304.804164743788,8,3,0,230.82463360991062,0.0,0.0,0.0,0
14.158086656623244,17.872827457574523,147.22213709670055,0.14673355028720617,0,855.608083522784,7,6,13,28.917686326535737,0.0,0.0,0.0,0
48.40640891904411,15.009546317334364,93.37705660180175,0.03742546195241126,0,1408.203795752808,10,4,5,118.70208664081713,0.0,1.0,0.0,0
179.79350599620696,30.4633414728315,200.7295158066323,0.2925419584602608,2,767.6417709933252,3,1,2,1.0,1.0,0.0,0.0,1
13.672234550288072,10.678347993288613,74.29975928608297,0.03728239661267694,0,4099.643434483629,13,4,6,198.17672735106115,0.0,0.0,0.0,0
54.987980768412875,11.723193299701977,79.4321744231236,0.1309194487619164,0,2599.1500627093064,17,6,6,336.77667741134803,0.0,0.0,0.0,0
38.814029664184716,6.313616713152346,74.90768321715919,0.08577589347848125,0,1290.6890628240992,28,6,12,183.4240647538324,0.0,0.0,0.0,0
214.0653276379696,63.27810781060606,187.6901235965772,0.7348604198134987,3,481.47163400341526,2,1,3,0.0,0.0,0.0,0.0,1
127.025757816381,72.16297403238713,182.04657379879242,0.3496178312663175,5,515.5181845057691,3,0,4,1.0,0.0,0.0,1.0,1
37.35140732122239,6.06680326010367,89.85996627184558,0.04061005986325987,1,1576.3575996299357,11,4,11,187.6417093309349,0.0,0.0,0.0,0
42.254872282132666,16.149490979513075,114.39423053359104,0.09192821609450458,0,3231.8773684752364,2,1,13,353.40582008705223,0.0,0.0,0.0,0
132.54330348899677,58.39491144750873,213.7243668332057,0.7660234142612792,5,281.5558504815491,3,0,1,-1.0,1.0,0.0,0.0,1
49.45856193036691,14.968843978581145,58.69202880874237,0.08056598127278217,0,3739.9253972124334,17,3,9,103.57820561653443,0.0,0.0,0.0,0
172.86449811442733,79.04082912476518,227.00363100778867,0.7730497116433948,3,331.4934881546619,4,1,4,0.0,0.0,0.0,1.0,1
16.371039167969954,15.911250883355159,135.79574553975084,0.10170905651815128,0,2829.999990967702,20,9,4,317.84580504310054,0.0,0.0,0.0,0
54.22393637983796,16.07986511006262,103.45592191563087,0.02931870005525998,0,4586.621298021795,18,1,8,324.9363669554564,0.0,0.0,0.0,0
44.98449545293542,13.21714183680993,106.05798090010487,0.14139887654499456,0,1306.991971022296,5,5,6,131.96261054522407,0.0,1.0,0.0,0
199.311441210942,50.66816979719724,232.5399086693998,0.6434596601821219,4,410.4812402183784,3,1,2,0.0,0.0,0.0,0.0,1
38.293153677980975,8.14471330188467,119.06227420813416,0.07701517456887301,0,4453.952692229742,9,2,1,41.12583722169836,0.0,0.0,0.0,0
114.19154670391293,34.8055032849342,245.14081256186722,0.2624342677332103,2,380.8240860975246,1,0,4,-1.0,0.0,0.0,0.0,1
49.08435488831987,20.179915249814552,97.86448705505248,0.006699182456834812,0,1496.9000804464458,23,7,11,179.6589068999254,0.0,0.0,0.0,0
28.207640955230275,22.047306985240873,125.65526600578163,0.09157697461382401,0,1089.1625667837477,24,4,2,179.60853808551082,0.0,0.0,0.0,0
26.958226626251687,7.221266065633094,77.85679532056594,0.11573832967017209,0,4069.308378894265,20,5,12,159.08465122246702,0.0,0.0,0.0,0
42.97553843203851,20.92482901082737,77.19460394184487,0.10385383836915872,0,4698.388973278943,29,1,13,98.37182973667952,0.0,0.0,0.0,0
137.6736017299361,47.94129070727674,200.1338022816282,0.6505946779296907,3,251.4966370967562,3,1,1,-1.0,0.0,0.0,0.0,1
141.4397039435208,43.53976481737067,192.04050649513198,0.40230526463390986,3,56.08328510499332,1,1,2,-1.0,0.0,0.0,0.0,1
33.465149818000356,23.49245635685057,89.75918693106466,0.09373837046826845,0,3930.4301317523436,27,8,8,308.4547977734581,0.0,0.0,0.0,0
26.362997258476614,9.36153564122306,89.13365626871587,0.08394225086476143,0,4820.687151925781,2,3,1,267.96477060656946,0.0,0.0,0.0,0
43.44382655203427,20.97311560713273,143.27529390603132,0.003020677342393474,0,4436.547905577166,23,5,3,294.8170042932401,0.0,0.0,0.0,0
45.17641700907652,17.897120868594534,87.39387136037746,0.14264120277987513,0,1553.4330655775377,24,9,10,194.99044962490527,0.0,0.0,0.0,0
186.2539311696237,69.91426383242454,251.5328055057003,0.7171123739566096,3,658.9917283494926,4,2,1,0.0,0.0,0.0,0.0,1
25.175506243905573,7.172148046929852,97.27933453015831,0.10156912328608529,0,3758.6249671999462,17,8,7,241.38841155021763,0.0,0.0,0.0,0
15.015974959663971,20.239256777785783,86.53392636107004,0.1319729965058178,1,170.93498107305612,29,9,7,310.36271549718947,0.0,0.0,0.0,0
12.325029322003275,17.393988803988314,106.19928474668068,0.051888067125254136,0,3870.6957445990256,6,2,7,200.13701306014485,0.0,0.0,0.0,0
43.474347759909506,24.88278722442335,116.18391898493786,0.08366751260550373,0,2352.767780804405,8,6,11,32.400098849335485,0.0,0.0,0.0,0
54.40971129240797,18.889594839067854,84.87172148570153,0.13261285448646923,0,3509.244911181386,6,7,13,230.67346393890676,0.0,0.0,0.0,0
211.3647577623738,43.70719970375964,227.86618396677954,0.6740057158759998,3,675.9397231220972,4,2,2,-1.0,0.0,0.0,0.0,1
159.15578792057502,65.28074813753634,183.54214797491005,0.2524036189142591,2,344.2887492172792,1,2,3,2.0,0.0,0.0,0.0,1
23.98369282732216,8.830426441002963,100.42634607930316,0.1298467554559098,0,438.7544018243535,19,4,0,201.00204881360003,0.0,0.0,0.0,0
20.424723747713028,8.256931505581894,54.23497474764143,0.08382258523774822,0,1065.9079375625304,6,9,14,121.30307078041766,0.0,0.0,0.0,0
47.95531991495463,20.261212075260836,116.43539526593868,0.03687575065207765,0,2209.5644954158543,3,3,6,277.89262451405574,0.0,0.0,0.0,0
214.47877822759452,76.9042629758077,247.71823036757397,0.7914031336616554,5,657.7126129959539,2,0,1,-1.0,0.0,0.0,0.0,1
16.811682577286284,17.60801852071999,80.12257480622795,0.002785607814764829,0,1173.158797856851,11,4,4,359.81948966807516,0.0,0.0,0.0,0
13.243681891755362,8.845834464621596,56.852598759698814,0.13019909000041657,0,2894.4782495781033,5,4,5,214.22556515538142,0.0,0.0,0.0,0
27.67072822501421,19.209285671929052,81.45024755542828,0.017910484837881067,0,2199.7651114801492,2,7,8,249.07824911369096,0.0,0.0,0.0,0
163.54112051143073,65.8517960793342,253.34188934328444,0.7246540508899197,2,570.5675631638294,4,2,3,1.0,0.0,0.0,0.0,1
42.48868413213817,5.9611784839406745,144.9145731591386,0.13300205809470714,0,125.75747443740451,19,1,7,240.42317554091494,0.0,0.0,0.0,0
43.709881143246484,7.66937758564257,130.58577053340622,0.14846048965684064,0,2251.5416960999623,20,2,9,241.76572886815504,0.0,0.0,0.0,0
217.00784316250548,42.18012711415729,225.73607905381908,0.7506891708195036,4,81.34312136684512,4,2,4,0.0,1.0,0.0,0.0,1
48.594607316262724,15.333088014572054,110.9695455144984,0.10856195781116783,0,2874.6887035979717,25,6,10,147.89146788735079,0.0,0.0,0.0,0
54.11062059086567,13.043009523898574,56.662208736746145,0.07740762335126891,0,3377.515633708516,22,3,11,50.89498940974049,0.0,0.0,0.0,0
86.50460681106735,30.787030555835898,215.77545947682967,0.26210076957325185,2,678.9460876260642,4,0,0,-1.0,0.0,0.0,0.0,1
33.62301644269738,14.832266896806614,51.84342097007419,0.022193210816095602,0,3434.4669328771683,2,3,8,323.2978498073738,0.0,0.0,0.0,0
218.08545921041141,66.21637004070107,200.87507815974703,0.6547207143995161,4,562.9731495626478,1,2,1,-1.0,0.0,0.0,0.0,1
118.98962348097193,42.08797739525168,209.494592929978,0.2567006425952797,4,659.5587969526025,4,1,4,-1.0,0.0,0.0,0.0,1
203.8397643807158,68.70651905309253,185.59301424374854,0.7412328673876056,2,210.02783487658004,3,2,0,0.0,1.0,0.0,0.0,1
28.229686409877,9.357851085099803,148.80359661555917,0.06810024317941722,0,745.7371895128858,5,8,7,184.49111803731424,0.0,0.0,0.0,0
161.49343051955583,72.37797458327489,227.4054832925277,0.30761482570072063,3,589.3546233206795,4,1,3,2.0,0.0,0.0,0.0,1
138.29729912689285,69.87617737208028,192.1582016572651,0.6024245519472236,3,251.00659360868576,4,0,4,0.0,0.0,0.0,0.0,1
10.664060172929004,15.840305969594521,95.95629775055218,0.07484519163311895,0,3437.955037293072,2,9,9,177.13108143252612,0.0,0.0,0.0,0
173.6325386926471,40.8791856933978,234.44035395862113,0.25279860834385054,3,544.2256153906567,1,1,0,0.0,1.0,0.0,0.0,1
54.223565678776374,6.707375586531306,94.4382362301065,0.1274133404182335,0,1497.0311034210356,27,7,9,43.77816710800057,0.0,0.0,0.0,0
167.05754210916268,47.84275765689783,202.12554459328928,0.6921365746169419,2,473.6425607661487,3,1,2,-1.0,1.0,0.0,0.0,1
112.72297445319649,43.28657885887837,241.38739194127578,0.7269821075539726,3,468.8574848090177,4,2,1,0.0,0.0,0.0,1.0,1
146.691029214484,62.462736273150455,204.48233613924288,0.23268386573041105,3,787.34228615221,1,0,0,-1.0,1.0,0.0,0.0,1
19.562106453806066,17.30857830065853,90.57144241809476,0.006162354743333293,0,1362.8811863882393,12,1,10,97.83722339320278,0.0,0.0,0.0,0
47.892314646623554,17.82399266464296,142.36026679779178,0.11744825358986039,0,4010.7832714907418,3,4,14,182.12806689572295,0.0,0.0,0.0,0
172.37978934093678,38.43297791235449,213.61191209969004,0.7032279466148343,3,254.5314064506183,2,1,1,2.0,1.0,0.0,0.0,1
29.730247583062027,8.596888936710824,78.5099499382994,0.0682577557212208,0,1206.216461453238,19,9,12,184.41821744158224,0.0,0.0,0.0,0
41.98933143832898,17.887580928357874,66.03539846877729,0.03577911589761905,0,981.6364134490099,29,6,1,329.10923815578707,0.0,0.0,0.0,0
38.63802664775434,7.7445429323374215,143.76614606165919,0.052789465609766516,0,3374.718143439599,6,5,7,332.5589830080645,0.0,0.0,0.0,0
168.03886631641888,42.212744484525345,217.05645324233708,0.5136745194186547,3,638.9077000529642,2,0,1,2.0,0.0,0.0,1.0,1
53.990824297096935,18.15120625556046,81.09289300075542,0.11135220758587637,0,3094.142289688605,2,9,12,196.62391858020928,0.0,0.0,0.0,0
54.34669648546017,14.060480272024128,127.16407371953017,0.1264565155007555,0,2563.4975660443447,28,8,8,148.965673985897,0.0,0.0,0.0,0
35.503011427207184,17.43925248261953,89.53565108613832,0.11523101517112361,0,2314.4351505998184,25,5,14,251.10643664332878,0.0,0.0,0.0,0
95.43632388413684,77.14873599967618,230.4563773379535,0.713441337802591,3,373.7331509606387,3,0,3,0.0,1.0,0.0,1.0,1
120.62806937091804,68.50611038348839,189.93425931501588,0.6976323544683929,4,108.67411625546222,4,2,0,0.0,1.0,0.0,0.0,1
87.07419656131539,69.1079759610223,217.64089809388935,0.6219059130204858,5,650.4313053945042,4,2,4,0.0,0.0,0.0,1.0,1
49.332625803817336,11.778724398740525,131.9333752298861,0.01960473806224695,0,1737.3388709404855,22,7,11,278.73116687097524,0.0,1.0,0.0,0
45.27813558248455,11.154056267796877,74.21746503474705,0.010950538934944099,0,3569.4547616515656,10,9,6,12.99043424436388,0.0,0.0,0.0,0
85.77572245081393,60.96216101913895,197.98135622290127,0.3116767658035638,5,240.57333688578484,1,0,1,1.0,0.0,0.0,0.0,1
30.235293716458507,9.504142004324033,75.70960893951117,0.07191824672246484,0,4573.381886993474,14,1,12,316.9937951890109,0.0,0.0,0.0,0
126.18905494609628,61.99724675524,219.51865844213566,0.5525680553390857,4,163.8159090060919,3,1,0,2.0,0.0,0.0,0.0,1
45.6089610673768,9.744981749936002,82.53996981592678,0.11197371076770361,0,4253.655881946181,17,1,11,185.7171380461474,0.0,0.0,0.0,0
43.58544296220304,19.586196009544125,107.50605734588146,0.03102268397000944,0,1595.3391960171905,18,6,3,272.0033810821546,0.0,0.0,0.0,0
27.143436976370747,20.46617340395194,107.0457915287861,0.01386343753576053,0,2953.834899216431,16,7,6,298.53883850703266,0.0,0.0,0.0,0
175.92500094523075,70.27583143415313,208.385382361024,0.685450533681085,5,615.7748955134964,3,2,4,0.0,0.0,0.0,0.0,1
20.5193277247062,10.805890313978292,128.65436559100473,0.02390853986233817,0,2000.238163179623,23,6,9,171.64091614499532,0.0,0.0,0.0,0
20.345144742545287,20.912826897709134,113.16444894114969,0.04766407602374314,0,4399.813187230743,6,1,1,311.0663316162075,0.0,0.0,0.0,0
212.4815688613818,58.04537640351855,230.06715763396286,0.27337448201970094,2,376.9338769481413,2,0,1,1.0,1.0,0.0,0.0,1
204.68635637735372,77.06701756165856,217.18443174742794,0.4304711807186482,3,274.0230890466998,3,1,0,1.0,1.0,1.0,1.0,1
11.783720818026618,15.27044153824967,110.95203113099242,0.028693976130316084,0,3219.7193641737986,3,7,6,259.8036565629344,0.0,0.0,0.0,0
147.52425461408507,39.456466841285334,250.3049456683396,0.20669720899493033,3,742.1307393626829,2,2,2,-1.0,1.0,0.0,0.0,1
38.981622910090906,16.110501361254393,123.9621684652995,0.0748864361287162,0,888.5126731763138,28,6,7,305.81210403051426,0.0,1.0,0.0,0
10.609377550587126,11.64150484362672,56.224372615878096,0.07828094591473454,0,1071.8913260388913,21,8,13,346.79506124193836,0.0,0.0,0.0,0
50.08640415348959,11.78900385085612,131.4825113746512,0.012017226957701271,0,2760.5822619609944,26,6,9,175.52989847887946,0.0,1.0,0.0,0
196.092436984965,73.73758915768624,232.83464282759365,0.6468737563533827,2,96.72560075195551,3,1,1,-1.0,1.0,0.0,0.0,1
122.02363181403436,65.43649093032275,187.70970172360268,0.4904883096722798,5,323.6076133072377,1,2,4,0.0,1.0,0.0,0.0,1
19.39919360380169,15.817191576501555,72.5336911454328,0.14614313340189,0,4552.841609465125,25,5,5,225.16891209950415,0.0,0.0,0.0,0
55.088701427311435,9.069454849951917,56.697361202527155,0.13160256796992578,0,2731.716773124438,4,4,8,358.3231800202167,0.0,0.0,0.0,0
22.600283560569142,11.529454596372412,57.78234646371659,0.07460717166139146,0,4067.1576813569277,9,8,10,18.302568421210726,0.0,0.0,0.0,0
43.83223174099238,17.72094684678253,90.17931351094245,0.08667419572671535,0,2412.1403931189084,16,5,2,258.926919965901,0.0,0.0,0.0,0
141.70491605202074,72.20700010325999,249.53095537827272,0.5168594940247371,3,213.18794496849958,1,2,0,0.0,0.0,0.0,0.0,1
38.12244706357094,7.47521332168022,58.00413240914406,0.11332486030451808,0,4797.091795863194,24,4,9,212.98828533605834,0.0,0.0,0.0,0
14.074498865463827,17.860259603695322,96.51235991477796,0.14564657873837203,0,99.86462686649568,16,4,0,38.95055889772558,0.0,0.0,0.0,0
22.265524899298995,24.315830602139354,50.823624159196015,0.13195807995903236,0,4739.057399294351,18,2,14,223.6435489587413,0.0,0.0,0.0,0
12.79827786310035,15.129222375341598,137.08905700266666,0.03201922742084532,0,4700.430394188634,23,4,13,160.79587656503304,0.0,0.0,0.0,0
43.53736002358867,21.947101078187337,50.953895402554494,0.06043350465750729,1,3714.5495026775593,27,5,0,126.93608562561978,0.0,0.0,0.0,0
