url,label
https://netflix.co/v1/reset/index,0
https://142.152.239.136/login/verify/free,1
https://netflix.edu/signin/index,0
https://api.amazon.io/signin/checkout/signin,0
https://instagram.io/signin/auth?id=9496,0
https://wikipedia.co/auth/verify,0
https://amazon.org/profile,0
https://amazon.io/checkout/index/reset,0
http://paypal-c7s59.ga/login/verify/update/ngt54ve4oqsj7y,1
http://microsoft-4vjdymq.top/login/verify/update/wg5xa90f4lzydfm,1
https://instagram.com/reset/page,0
https://mail.wikipedia.edu/v1/reset/page?id=7122,0
http://quora-login.ml/paypal,1
https://reddit.com/,0
https://slack.in/,0
http://9t46mtvw6.3n9hvd8h7v.yqpo.tk/6r3wgjp/7rwt4nwb2i6/t48um0y,1
https://reddit.in/reset/settings/index,0
http://linkedin01.gq/login/login/update,1
https://amazon.org/checkout/profile/dashboard,0
https://apple.org/checkout/dashboard/profile?id=7837,0
https://google.edu/,0
https://dropbox.edu/page/api?id=4271,0
http://pwkxvooj1.q9vw2vk.25nr7w5.xyz/vwdm52jmqbq/eyi1v28te5jqoi/kmriev5bu1x/n0xfzo29j1iu/jddfzph1pasq1l,1
http://186.71.157.227/support/bank/login,1
http://login-1hrm6ov3f7.click/login/verify,1
https://app.apple.in/?id=5792,0
https://www.instagram.in/page/settings/api,0
https://amazon.net/verify/signin,0
http://red-dit.ga/prize/paypal/login,1
https://www.github.org/signin/profile,0
http://153.72.177.222/service/secure/paypal/bank,1
https://194.111.173.95/prize/paypal,1
https://slack.io/reset/dashboard/index,0
http://microsoft-dnrks.ml/login/verify/update/c2wafqsbo,1
http://google-y1iz.org/login/verify/update/alx3nwbcfsutu,1
http://google-1dnl.xyz/login/verify/update/j0lvd29nltwv7,1
https://api.facebook.com/reset/checkout/profile?id=1075,0
https://twitter.in/v1,0
http://n40iw.jwjbar8gv.ywi0k01r.7m31vx3.tf6oo5nh.cf/txu1wxwdd3/sjymf/9phpkavr9kt,1
https://254.79.41.30/confirm/support/confirm,1
https://api.microsoft.in/,0
https://youtube.co/,0
https://app.google.net/reset,0
http://bank-cxhrc.ml/login/verify,1
https://instagram.com/page/reset/checkout,0
https://linkedin.org/v1/profile?id=2616,0
https://amazon.io/,0
http://account-ae0zzk7buzli.tk/login/verify,1
https://microsoft.in/,0
https://twitter.edu/dashboard/profile,0
http://amazon-09qodqk.tk/login/verify/update/2ic2u8jwyxtoulr,1
http://149.95.194.57/free/update/confirm/prize,1
https://instagram.com/page/profile/v1,0
http://paypal-sb1.ga/login/verify/update/nabv6ovkdgugd,1
http://microsoft-3knjh4f.ga/login/verify/update/slrcifa28838v1,1
https://slack.co/auth,0
https://wikipedia.org/index/verify?id=1206,0
https://instagram.io/,0
https://mail.stackoverflow.com/dashboard/api?id=7863,0
https://wikipedia.edu/,0
https://177.96.190.98/secure/prize/paypal,1
http://face-book.gq/support/bank/update,1
https://app.netflix.org/,0
https://medium.in/reset/auth,0
https://mail.google.net/api,0
https://github.net/auth?id=6799,0
https://api.wikipedia.edu/,0
https://apple.com/signin,0
http://free-1y3g2bzgrf0x647.xyz/login/verify,1
https://api.medium.com/page/api/auth,0
http://rosx8bmi8b.p9bpharze.81z5ud9x.eck5.kvdcjsr14.tk/5quv7nper/10fkuq47/ad34pcllkp2,1
http://verify-9l84sz.xyz/login/verify,1
https://docs.stackoverflow.com/verify/auth?id=1181,0
https://zoom.in/index/settings/checkout,0
https://linkedin.in/api/reset/api?id=863,0
https://facebook.net/auth/checkout/verify,0
http://v0tx.hnneuo96qt.prjw.ml/i3m4m5qcae5yew/wpe1fm/3zqiprm2xmyaid1,1
https://github.net/?id=3517,0
https://mail.reddit.edu/index/checkout/auth,0
https://191.134.224.52/confirm/update/account,1
https://www.youtube.edu/v1/dashboard,0
https://dropbox.in/checkout/v1/page?id=4260,0
https://medium.io/,0
https://netflix.net/,0
https://api.netflix.edu/profile,0
https://github.net/?id=4934,0
https://docs.amazon.com/?id=8276,0
https://dropbox.in/checkout,0
https://app.linkedin.net/verify/index,0
http://e8idgap.yfnk.a9h5.tk/2yfaw6n12wj0h/duu3mct9e/byxepomkpr,1
https://docs.wikipedia.edu/reset/page,0
http://ap-ple.gq/confirm,1
http://update-e0p8ppvd50oszoj.ml/login/verify,1
https://docs.spotify.org/,0
https://youtube.org/index?id=319,0
https://amazon.in/reset/api/verify?id=7176,0
http://hejn.0eo1ev.ha8p3j7.cf/gukw4rxv/af2kpfa8x/cbovdxs3v0/alisrkk3/oycz1f5k,1
https://docs.amazon.net/profile?id=3156,0
https://instagram.org/,0
https://microsoft.edu/dashboard/api/checkout,0
https://zoom.edu/checkout,0
https://docs.quora.in/index?id=9328,0
http://amazon-b3ne.com/login/verify/update/j40reqkeu,1
https://spotify.co/,0
http://support-biw6smn5vt6etn0.ml/login/verify,1
https://dropbox.io/signin/dashboard/dashboard,0
https://api.dropbox.edu/page/dashboard,0
http://slack-login.click/account/service/account,1
https://instagram.edu/settings/index/settings?id=746,0
http://link-edin.cf/service/free,1
http://githubjjn.cf/free/update,1
https://apple.io/dashboard/dashboard,0
https://medium.co/,0
https://reddit.org/,0
https://youtube.com/reset/reset/v1?id=3180,0
http://microsoft-gb3k6.com/login/verify/update/ljk6tex54nsx5lu9yn,1
http://secure-9renyl18acgi9wx.ml/login/verify,1
http://amazon-9fno6s.xyz/login/verify/update/s51149m6r2hva4t9,1
http://google-oq8ep.click/login/verify/update/i68xxxsy4y05ke,1
https://google.edu/settings?id=9791,0
https://quora.net/page/reset,0
https://youtube.com/dashboard,0
https://app.linkedin.edu/v1/settings/verify,0
https://github.net/?id=5489,0
https://medium.edu/reset?id=4873,0
http://update-1z65yx0vt6e2eq2.ga/login/verify,1
https://69.51.163.222/paypal/bank/free/confirm,1
https://docs.linkedin.com/,0
https://27.71.121.239/update/prize,1
https://medium.in/auth/checkout,0
https://www.facebook.edu/,0
https://spotify.co/settings/profile/auth,0
https://app.stackoverflow.in/verify/reset,0
http://7nyltgo.id4w.1lvx7sxt7.02a9gttyui.click/97bisoupbz267/goqim5b5ts093kp/z3b7v4u9wzr/v1gx8m/m4s2vup3efu,1
https://mail.netflix.in/,0
http://98bcldgts.0ohr29.ijtba0.5rnodsx.xyz/1kad7lx5s22stce/e35x85vu17p/6s12crrlr59sdkc/pr3xf7lw9opnol8/nbr8ikzce5jfk/bxeuf/iedirpb2,1
https://www.microsoft.org/,0
https://dropbox.in/dashboard,0
https://github.com/page,0
http://yf1r.0buwbpd7e7.tm7f26agv.xs0wu2a40.cf/oyosk6wlbun7ouw/nulebvfb2/gp66nlfl/4lj0g960h/huxgs4902/tfllc8sd46f,1
http://f3v0sjfzcc.fjml0he.932vnjk8.click/1410ui2o6/91jw17erfw1/mygbpb9bjn0ou/6vrb2g4/rih6enmktw0o3/prw9h2lrs96e/1zuwukp60ap,1
https://spotify.io/page/auth,0
http://sl-ack.xyz/account,1
https://app.twitter.org/checkout/v1/checkout,0
https://api.youtube.org/profile/profile,0
https://stackoverflow.edu/,0
http://apple-kc0gbj.ga/login/verify/update/a7mnq7qy,1
https://spotify.co/,0
https://docs.reddit.io/api,0
https://181.63.160.102/bank/update,1
http://v81jpwsa.z7b1.014gh5k.ygt3a.ml/v5nb8gco7vrr/79r2lr4o391o6bh/8rzu1/td97m4gq/l37vuilqpes1qv/osz8wjv/kza9uhtqoua,1
https://medium.in/reset,0
https://apple.io/index?id=8634,0
http://paypal-e31ho196.xyz/login/verify/update/lg1gaxs53a5tus3,1
https://mail.stackoverflow.com/reset/index/checkout,0
https://apple.edu/,0
https://youtube.in/page,0
https://api.dropbox.io/profile/dashboard/profile,0
https://api.spotify.io/dashboard,0
https://linkedin.com/,0
https://instagram.co/checkout/reset?id=109,0
https://google.co/dashboard/index/settings?id=259,0
https://quora.io/page/dashboard/api,0
https://112.42.24.93/paypal/account/update,1
https://docs.microsoft.edu/api/dashboard,0
http://google-0c1b14.gq/login/verify/update/4niwl2vdgh8imt,1
http://verify-8r55h.ga/login/verify,1
https://google.io/v1/index,0
https://app.netflix.edu/reset?id=864,0
http://128.199.233.126/verify/support/secure,1
http://service-fkwir991s3olbi8.tk/login/verify,1
https://netflix.in/checkout/checkout,0
https://docs.netflix.io/signin/settings,0
http://8fsfnckx.r4jz2b.jltsfws46.okzra.dv9296neve.gq/0a2h6g24h/o5zkw76q6/dl2sbg/vk6tedncr0dc0,1
https://reddit.edu/signin/dashboard/checkout,0
https://twitter.co/index,0
http://amazon-login.cf/service,1
https://twitter.org/signin/v1,0
https://wikipedia.com/,0
http://53gybh61j.rmu6waue8.92z9r.4m3gfbhj.vj8sdstdzc.cf/f0pp97xftiuk3/0fgv7/oir93k6f/vsv4y3dzglafah6/fcoff0eq/qw6bjsioxlv,1
https://187.88.94.102/support/login/account,1
http://3tge42oym.xoxzsxs.qedvj.gq/32kk0sv1ds/9w1kn/p130qzg8opuq,1
http://google-36v2x.cf/login/verify/update/l9des4glj,1
https://api.apple.edu/api/profile,0
https://spotify.net/dashboard/settings/profile,0
https://instagram.in/signin,0
https://medium.co/profile/profile/dashboard?id=6885,0
https://app.twitter.org/,0
https://spotify.in/profile/checkout,0
https://instagram.org/profile/page/page,0
https://instagram.io/auth?id=527,0
https://spotify.in/api/profile/dashboard,0
http://2rcmm2b1.eeh7y0g.95urbe14.xyz/6liowv9j182e/o3zw2v8r/6g7jxy0/fhus7w/1flcthz18bgy5l/kj8db1n2b,1
https://stackoverflow.com/,0
http://amazon-g0ehj.gq/login/verify/update/op21jdn6rlju6nizo,1
http://dyal.xitetub.xi3rjuvq.top/jbgds1t3bc/yboce90eql462c/3v5j5d2htg/yziwb/n4zsef8p4rnyoz/kgrtbzw5/yv0qz,1
http://1zl4kd.24103.knd9.6uxm.729e.cf/h1r3nijy0bc20d8/sjzg03lemdb7fzk/a7ujezsu72opra/951fgxj3qhlzq8e/p3fttx0cxjy1rna/yliiy31b/rxr087fpw1mlk,1
https://reddit.co/,0
http://60.51.120.74/free/login/support/verify,1
https://mail.dropbox.net/,0
https://spotify.com/page/page/api,0
https://instagram.edu/,0
https://wikipedia.edu/v1,0
http://reddit7.xyz/prize/service,1
https://zoom.edu/verify,0
https://google.org/signin/api,0
http://slack-login.xyz/bank/login,1
http://paypal-sfn6mznx.top/login/verify,1
http://account-1h4gq8vgj.cf/login/verify,1
https://twitter.edu/v1,0
https://api.spotify.com/,0
https://reddit.org/api/verify,0
http://google-91verkht.com/login/verify/update/sbbg46kmjtunxgef8,1
https://zoom.io/?id=7715,0
https://slack.io/checkout,0
https://docs.facebook.io/index/signin,0
https://api.zoom.com/auth/page/profile,0
https://spotify.net/v1/auth/auth?id=1258,0
https://microsoft.io/index,0
https://github.net/,0
http://sl-ack.tk/service/paypal,1
https://184.81.186.254/verify/free/update/bank,1
http://68.45.112.27/prize/login,1
http://paypal-jxbtq6n5.xyz/login/verify/update/xtf61k9tfhsovb,1
https://spotify.co/dashboard/settings/api,0
https://medium.org/reset/index/page,0
http://google-7y7.cf/login/verify/update/dymyc8invi,1
http://amazon-h2s.com/login/verify/update/j6ydewehqal8nrjo6,1
https://www.youtube.in/page,0
https://github.org/verify,0
http://account-d6vakpd.click/login/verify,1
http://google-k0io5.xyz/login/verify/update/czg1d3n94sloi0t1yp,1
https://stackoverflow.org/?id=540,0
https://api.instagram.edu/v1/profile,0
http://228.117.188.107/login/update/paypal,1
https://209.26.41.196/prize/free/secure/prize,1
https://247.69.79.8/verify/service,1
https://227.176.242.177/login/account,1
https://apple.co/v1,0
https://app.reddit.com/,0
https://github.co/checkout,0
https://facebook.edu/settings,0
https://44.118.45.156/support/update,1
http://ql1rcenzsq.d8xm6oo41.g6gez.gq/phv719g1bif/acjw6im1gzp/z59aumziwab1/4eyh75ky/5857e11/0pryahu7xzn2/g9k5lox,1
http://zo-om.cf/free/login/paypal,1
https://reddit.edu/profile/checkout,0
http://187.88.133.10/free/support/service/prize,1
http://verify-yqjkklhxnw9qec.tk/login/verify,1
https://dropbox.io/v1,0
https://amazon.net/checkout/signin,0
https://medium.io/index?id=1393,0
https://github.co/api,0
http://a5yp2xq.fnz1940b.1uo7ca.gq/ixq1d2122ekbdjh/w0w78qjbq4p/gsp69jocb80e/6alit3nw/8003cl4,1
https://medium.net/profile/checkout,0
https://google.net/,0
http://qu-ora.xyz/confirm/secure,1
http://linkedins.xyz/verify,1
http://ihnovof.t9bf.cgtey.rayqoequw.ga/aglat/zlvaaclu/r6fywxzd8/k9yta,1
http://0u8596qe.twdz327.tx7mw.vnyrt.click/eutptygy9jpd/4lt5bktwm8qjns/6yyn9xmb7oby/7ehn23d8g/56xa2uwe3rferm/tudmrmm80zl,1
https://quora.co/,0
https://slack.co/settings/verify/signin,0
https://github.net/signin,0
https://instagram.io/profile?id=5292,0
https://quora.in/v1,0
https://reddit.net/checkout,0
https://youtube.edu/page/reset,0
https://netflix.io/index/signin/dashboard?id=1185,0
https://114.207.55.175/confirm/prize,1
http://med-ium.ml/service/login/login,1
https://api.wikipedia.com/signin/checkout/reset?id=2168,0
https://google.in/signin/profile/reset,0
https://quora.edu/index,0
https://docs.slack.in/api/verify/v1,0
http://instagramd0i.cf/service,1
http://paypal-9iw521ks.top/login/verify,1
https://youtube.in/v1?id=2599,0
https://stackoverflow.co/signin,0
http://verify-9i18cktw39l987d.top/login/verify,1
https://app.medium.io/reset/page,0
http://18.242.163.63/free/prize/verify,1
https://linkedin.edu/verify?id=7784,0
http://apple-eeprq.ga/login/verify/update/d44i4e9pp,1
https://microsoft.edu/index/page,0
http://paypal-1h8b1k9i.xyz/login/verify,1
https://zoom.in/auth/reset/auth?id=5857,0
https://70.185.190.188/paypal/secure/login/account,1
https://apple.net/,0
https://facebook.net/page/verify/dashboard,0
https://app.medium.co/,0
https://medium.edu/v1/index?id=6382,0
https://mail.wikipedia.in/v1,0
http://login-tc8hl52u.ga/login/verify,1
https://docs.twitter.edu/,0
https://medium.edu/verify/settings/v1?id=319,0
http://spotifybn.gq/secure/bank/account,1
http://ncuza3.dnrl9p.c8op.7jk1.ga/tl2ht8/4pw75qx8whw/s4gxhmc7m/58uabzcxzhhrr,1
https://facebook.edu/reset/index/page,0
https://191.244.116.67/confirm/free/login,1
https://google.org/profile/verify,0
https://youtube.in/,0
https://zoom.org/verify/verify,0
https://api.spotify.net/settings/verify/auth?id=9790,0
https://quora.net/signin,0
http://1p898s.u6wf5vc8.yqm1k.ml/98fp1/5zky4uclyq99s/bq3j896ard0y1,1
https://zoom.org/reset?id=6218,0
https://github.in/,0
http://secure-ikwqmqwir.click/login/verify,1
https://slack.edu/profile/signin,0
https://dropbox.co/?id=3085,0
https://stackoverflow.com/dashboard/v1?id=987,0
http://zi3v3t1.gd186gi7.7m28j3z812.fc2bv0v.ml/sx09q/jqjjqzz7d0u9/4g7rxmmye2/6xjyjp1l520zc/a80dsvfikvi2j7/dbeosohtld,1
https://api.github.com/api/dashboard/reset,0
https://dropbox.org/,0
http://linkedins.click/paypal/support/confirm,1
https://amazon.net/dashboard/profile/auth?id=6013,0
http://service-zzur2x1lk0w6.top/login/verify,1
https://amazon.in/reset/v1,0
https://amazon.org/auth/index/auth,0
http://microsoft-b3wm6.top/login/verify/update/1327vynjjhn55ctmw,1
http://update-1i3rxsnbkzhcom.top/login/verify,1
https://docs.google.net/reset/auth?id=8595,0
https://slack.in/verify/reset,0
https://www.spotify.net/page/reset/signin?id=6376,0
https://mail.dropbox.co/v1?id=5608,0
https://reddit.edu/index/index/api,0
https://77.212.14.56/update/support/prize,1
https://spotify.org/auth,0
http://amazon-login.ml/confirm/secure,1
https://apple.co/checkout/page/settings,0
http://ap-ple.tk/bank,1
https://medium.io/,0
http://git-hub.cf/paypal/verify,1
https://www.youtube.net/reset,0
https://google.co/v1,0
https://stackoverflow.net/profile/reset,0
https://medium.edu/checkout/verify/checkout,0
https://www.wikipedia.com/index/page,0
https://microsoft.in/,0
https://linkedin.org/checkout/settings,0
http://confirm-jwezd07c5zrgmf.ga/login/verify,1
https://www.spotify.edu/reset/auth,0
https://instagram.io/dashboard/profile/v1,0
https://docs.github.net/profile/api,0
https://facebook.io/,0
https://wikipedia.org/,0
http://update-0ujmym.tk/login/verify,1
http://account-kb0zhuuhami1f.click/login/verify,1
https://mail.google.edu/checkout/v1/profile,0
http://update-uazj8.gq/login/verify,1
https://reddit.com/index?id=9191,0
https://apple.io/settings,0
http://bank-mrvqy5omzkm6.ml/login/verify,1
http://support-m1jn2k.ml/login/verify,1
https://amazon.com/,0
https://google.net/signin,0
https://quora.org/,0
https://netflix.net/reset?id=6228,0
https://stackoverflow.io/,0
http://l9ijc2gzh.m8svpo.u3g48.cf/j35cj/qc08dd5kf85wz/kuxocb/e253h5bjcw7,1
https://facebook.co/settings,0
http://google-24bfiot.org/login/verify/update/c3hum5na0,1
http://update-4jvnirh.ga/login/verify,1
https://google.in/index/verify/dashboard,0
https://google.edu/,0
https://www.github.io/auth/index/index,0
http://faceb00k.ga/login/support/secure,1
https://youtube.in/auth/index/index,0
https://www.youtube.net/signin/v1,0
http://microsoft-fhyyk.ga/login/verify/update/wcal4281,1
https://reddit.org/dashboard?id=3056,0
https://reddit.net/settings/index/page?id=9033,0
https://www.twitter.in/reset/checkout/api,0
https://docs.linkedin.co/v1/v1/signin,0
https://facebook.net/settings,0
https://linkedin.in/,0
https://zoom.io/signin?id=5591,0
https://mail.youtube.edu/?id=9625,0
http://google-gkx8y.click/login/verify/update/ri89rtut,1
https://google.co/auth/signin,0
https://mail.zoom.edu/index/checkout/verify?id=7175,0
http://h1go9hjo.r8bvo9eo0p.9r8y.47wpformx.gq/r6fqdn3t/bdjt8j1o9av0/tvi5qs07j3uu7i,1
https://spotify.in/v1?id=7148,0
http://249.105.64.230/account/free/support,1
http://faceb00k.ml/update/bank/confirm,1
https://zoom.org/signin/dashboard/profile,0
http://156.20.7.35/free/bank,1
https://docs.dropbox.com/reset/reset,0
https://github.org/api/dashboard/v1,0
http://zo-om.tk/update,1
https://google.co/?id=6824,0
http://y0utube.ga/account/prize,1
https://api.wikipedia.org/signin/dashboard,0
http://stacko-verflow.gq/support,1
https://dropbox.co/?id=8897,0
https://app.dropbox.com/,0
http://verify-4tdh8mesr.tk/login/verify,1
https://docs.netflix.edu/signin/v1/profile,0
https://docs.twitter.edu/page/dashboard/signin?id=1357,0
https://netflix.com/reset,0
http://7w7g.q4yob.53qxd5.ga/yiuw23y2/nvpkng/2q3ynve1l/mu5uibcj/i5u7y5v,1
https://reddit.co/,0
http://mediums.gq/service/paypal,1
https://app.spotify.com/profile/api/page,0
https://47.61.177.42/confirm/update/update/free,1
https://api.quora.net/checkout/auth,0
https://www.netflix.in/verify/profile,0
https://microsoft.edu/profile/reset/settings,0
https://docs.medium.org/checkout,0
http://7ce7ixe0.tbw7.283cj7af.paey0zpz1.3mysmkw.xyz/wut5nx/31nu7e/w339gef/nkb40,1
https://www.apple.edu/auth/v1,0
https://apple.in/,0
https://app.quora.edu/,0
http://prize-2orgmsezb6yy.click/login/verify,1
https://microsoft.in/settings/dashboard,0
https://netflix.net/page,0
https://app.instagram.io/profile,0
https://api.youtube.io/verify/profile/index,0
https://www.slack.io/index/page,0
https://youtube.io/,0
https://medium.io/checkout/auth,0
http://gay4vjr.hioh68s3.szac.y3ar6.g3mq.gq/jne98we1w74ggd/dhn3cbjfgpfp/lvov8owbbsed1r4/kpduythir4/83rsxvns/3ouz9lgkt8/bttlqrxh,1
http://124.28.115.249/confirm/update/service/secure,1
https://api.slack.com/,0
http://google-ruytxcvh.com/login/verify/update/gfflvzys98my53uhgccr,1
https://www.amazon.com/checkout/signin,0
https://slack.org/,0
https://api.quora.co/?id=5885,0
http://paypal-ktmx.cf/login/verify/update/18ufg2wevi,1
https://netflix.io/?id=5361,0
https://medium.in/v1,0
https://api.dropbox.edu/index/index,0
https://docs.instagram.io/,0
https://microsoft.org/signin/settings/checkout?id=5229,0
http://paypal-b45iou10.gq/login/verify/update/x48dtqju,1
https://instagram.in/dashboard/verify,0
http://apple-hf7v.com/login/verify/update/5hjwtmvo45my,1
http://25.43.174.118/free/bank,1
http://google-0g0s.tk/login/verify/update/keblkj1gnmehaekj,1
https://quora.org/,0
http://micr-osoft.cf/bank/service,1
https://28.85.101.18/verify/verify/update/free,1
http://quora-login.gq/support/login,1
https://api.wikipedia.co/profile,0
https://www.facebook.io/,0
https://docs.linkedin.com/v1/dashboard,0
https://facebook.in/verify/profile,0
https://linkedin.co/signin/dashboard,0
https://160.188.114.83/account/login,1
http://7sqppd.37e6.iqlxl.click/4ouh9fq91w/t5qfad4kqg8bjlq/ee0eh46u8uo9b3/1qt2eyjsa7nyzu,1
https://reddit.edu/profile,0
https://linkedin.in/settings/dashboard/v1?id=9042,0
https://15.63.215.177/service/support/free,1
https://linkedin.com/api/settings,0
https://www.zoom.org/settings,0
https://api.apple.in/checkout/v1,0
https://www.stackoverflow.org/,0
https://dropbox.io/reset/index/index,0
http://wikipedias.xyz/account/prize/bank,1
http://qhmgcxxg3e.hgbl1s18.1zfs0ij.ml/jg5fs7/esnjk4bjua4kjtu/nefxpwpmh,1
http://free-f9ecjmd.top/login/verify,1
https://stackoverflow.co/reset/index/verify,0
https://docs.stackoverflow.org/settings/profile/checkout,0
https://microsoft.org/api,0
https://twitter.io/index/api/index?id=1592,0
https://slack.org/dashboard?id=6325,0
https://api.instagram.com/checkout/v1/page,0
https://mail.amazon.io/,0
https://www.zoom.org/,0
https://reddit.com/,0
https://www.amazon.co/settings/reset/settings,0
https://netflix.edu/dashboard,0
https://docs.linkedin.edu/index/v1?id=2347,0
http://stackoverflowo.ga/verify/secure,1
https://app.github.in/checkout?id=1758,0
https://medium.co/auth,0
https://spotify.co/api,0
https://www.twitter.in/verify,0
http://reddit-login.top/bank/support/login,1
https://mail.google.in/index/page,0
https://85.208.202.242/secure/verify/secure/prize,1
https://zoom.org/profile,0
https://facebook.co/api,0
https://109.29.207.7/verify/service/update,1
https://github.net/profile/checkout,0
https://google.edu/v1/profile/auth,0
http://apple-umk045.cf/login/verify/update/p8ijlhcsk,1
https://stackoverflow.in/dashboard/dashboard?id=600,0
https://microsoft.in/signin?id=6874,0
https://instagram.net/auth?id=9062,0
https://www.microsoft.net/reset/auth/v1?id=3370,0
https://instagram.org/v1/page,0
https://mail.slack.org/index/checkout/index,0
https://amazon.edu/,0
https://stackoverflow.co/settings/settings?id=8941,0
https://slack.in/,0
http://face-book.ga/account/verify,1
https://dropbox.org/,0
https://spotify.com/reset/verify/index,0
http://face-book.click/login,1
https://linkedin.io/checkout/reset,0
https://netflix.in/,0
https://microsoft.in/settings,0
http://youtube-login.click/account/support,1
https://twitter.in/?id=8626,0
http://ama-zon.cf/secure,1
https://www.amazon.net/checkout,0
https://spotify.net/,0
http://google-284oa.top/login/verify/update/0ug6bncneq,1
https://reddit.org/,0
http://d6i7.3tw8www1s3.xuz9z69d.tk/f9uvi7za9ev/bppvaoxd/qgjabv/qlx33tg,1
https://api.stackoverflow.net/,0
https://twitter.edu/verify/settings/v1,0
https://www.wikipedia.org/checkout/checkout,0
https://linkedin.net/api/profile?id=7480,0
https://amazon.co/,0
https://app.medium.io/index,0
https://www.reddit.co/,0
https://api.wikipedia.io/,0
https://api.spotify.org/profile,0
https://spotify.org/api/verify/signin,0
https://zoom.org/verify/verify,0
http://brwf.yshz21g9o6.e2q0qdlwk.lixr0i6.6fdcmz7mh.cf/j5uw0yg8b1glq/icv9rq085c/rqpvy/0n195/1ux8t,1
https://twitter.in/settings?id=5774,0
https://wikipedia.in/?id=5925,0
https://app.apple.edu/,0
http://verify-kf7nhyd4u5n1y1.click/login/verify,1
https://api.apple.net/v1/v1,0
https://facebook.in/reset/profile,0
https://reddit.org/auth,0
https://spotify.co/,0
https://slack.in/reset/dashboard,0
https://docs.dropbox.co/settings/index,0
https://191.4.65.89/secure/prize,1
http://apple-login.click/paypal,1
https://wikipedia.com/index?id=8368,0
https://www.github.net/verify/verify,0
https://netflix.net/verify/profile,0
https://microsoft.co/?id=9901,0
http://service-sdf9kuy3ryuw3.cf/login/verify,1
https://spotify.com/profile/api/dashboard,0
http://0jg5wi20.ufztoto2f.fp6g.jhuzrdt.s6wir.xyz/px4a1/6da6j/uixhxxj/dikm03l,1
http://support-akr0j9u1anti.gq/login/verify,1
http://amazon-rwmagu.ga/login/verify/update/b4injx67t1d7dfvdek,1
https://github.io/profile/reset,0
http://z00m.ml/update/verify,1
https://docs.apple.net/auth/profile/page?id=9829,0
https://instagram.com/auth,0
http://wlxvzvg.3dfb4x84yh.bo5kquv.62oubcym.top/iest64mfhjdndx/jyfp19639/mo3ndac9dnycg,1
https://medium.io/,0
https://github.in/settings/dashboard/checkout,0
https://netflix.org/auth,0
https://github.com/reset?id=2741,0
http://support-xguf4lm4.tk/login/verify,1
http://91.74.63.81/confirm/paypal/verify,1
http://google-4ydlsiyg.click/login/verify/update/f85nfr4pc4qepq4puj,1
https://www.spotify.edu/signin,0
http://jf5bj0spt.9erhmj9.492w5k.5e4mv.top/2wsp4pz/wix6n1x/gybawrh7h2ma2ae/bv3k2cmcj/nwqaobrv,1
https://amazon.co/index/settings/settings,0
https://youtube.edu/reset/v1/dashboard,0
https://mail.stackoverflow.co/,0
https://api.spotify.com/index/dashboard/page?id=4090,0
http://ez9pezsfx.4gjvn1v5kn.dv28mtsozt.9fodfb9o.cf/gvhkb3dyuyihe/uh7wo0/1ku55g/nmuv7jaaxc/mdwf7r9z66yqcv8/d1m3lcuarmgmq,1
https://medium.io/?id=150,0
https://youtube.net/checkout/v1,0
https://youtube.org/api/verify/auth,0
https://app.slack.in/settings/v1/reset,0
https://zoom.edu/,0
https://docs.linkedin.edu/dashboard/auth?id=8023,0
https://spotify.edu/v1/verify?id=860,0
http://amazon-ir5sef.org/login/verify/update/qgk7bnridnk30253z,1
https://reddit.io/profile,0
https://api.zoom.org/v1,0
https://twitter.co/dashboard,0
https://linkedin.co/auth,0
http://4i5e01le.h7wr.jeqksu.cf/ax9fj7xwt879/ailqc248zms/m7sscczfm0xjpwl/bqwwan/np7rjs3dgpe,1
https://google.in/dashboard/signin,0
https://195.137.148.232/account/service/support,1
https://slack.in/settings/page/api?id=8065,0
http://uqcglafwyy.d362dn.guga7wcr.ga/1xxcixb1gi67u/qwuhi6dr53y687b/ww4bbenw8/o3uhg/756fjzzs8dyhl/xxqy60bi6s,1
https://twitter.io/checkout/settings/index?id=7125,0
https://app.medium.org/v1,0
https://google.co/reset?id=3242,0
https://dropbox.edu/,0
https://linkedin.io/api,0
https://quora.edu/,0
https://github.org/page/reset/verify?id=667,0
https://instagram.in/api/index/v1,0
https://stackoverflow.com/checkout/page/index,0
https://github.org/page/page/profile,0
https://quora.io/api,0
http://amazon-ie2e.gq/login/verify/update/mzid4eg1nxe71huxxmoy,1
https://mail.twitter.edu/checkout/v1/settings,0
http://lmmb5.4kd7p.yhh7oesji2.smp3e6s.click/x1vp8/l1arwvdkrgu83q6/cxwa563br3r/ehi5nmrdv/ogm73ea4,1
https://amazon.co/page/settings,0
https://slack.io/signin/auth?id=672,0
https://www.dropbox.edu/?id=2340,0
https://stackoverflow.edu/verify,0
https://youtube.in/dashboard?id=4637,0
https://mail.youtube.net/page,0
http://google-kjhh.ga/login/verify/update/c5p311p6,1
http://support-fq9fjesgxskc.xyz/login/verify,1
http://secure-rz4v9s.top/login/verify,1
http://faceb00k.top/confirm,1
http://63.176.153.93/secure/update/update/service,1
https://api.facebook.co/,0
https://stackoverflow.net/page/index/v1,0
https://mail.slack.edu/,0
http://148.5.222.146/confirm/confirm/free/bank,1
https://google.edu/api?id=490,0
https://98.226.181.19/secure/login/support,1
https://app.apple.edu/verify/signin/settings?id=72,0
https://github.com/?id=2237,0
https://microsoft.org/,0
http://login-svt9sd5.top/login/verify,1
https://spotify.com/,0
https://instagram.co/settings/page/settings,0
https://mail.linkedin.edu/profile/reset/reset,0
https://slack.org/auth?id=7611,0
https://quora.org/auth/dashboard/v1,0
https://amazon.io/verify,0
https://spotify.org/settings/dashboard/v1,0
http://xfqs12gsh.7ud9ewso.nhikr.click/u0uk7e1j/lcaamog3xhco9n/3fsayjzwq30kdrs/zatkys5a/c59h3/7hyz0swph3h,1
http://linkedins.top/free,1
https://amazon.org/reset/v1?id=6970,0
https://api.apple.com/checkout,0
https://api.medium.org/auth,0
https://medium.io/?id=7519,0
http://amazon-ke9.gq/login/verify/update/i2yhsbf3bsmhiwhippl,1
https://204.109.30.11/prize/secure/service/support,1
https://stackoverflow.com/,0
https://twitter.io/,0
https://docs.instagram.org/settings/page/page,0
https://mail.youtube.io/,0
https://twitter.com/reset,0
https://instagram.net/,0
https://slack.net/?id=4953,0
https://quora.io/auth,0
https://app.google.org/signin/checkout/v1,0
https://api.spotify.org/,0
https://linkedin.co/reset,0
https://app.quora.edu/checkout/settings/api,0
https://dropbox.in/api/checkout/profile?id=8068,0
https://amazon.co/api/reset,0
https://medium.io/checkout,0
https://instagram.edu/?id=8584,0
https://wikipedia.com/reset,0
https://mail.youtube.com/profile/dashboard/profile?id=407,0
https://instagram.io/verify/v1/settings,0
http://amazon-yhn4xpto.gq/login/verify/update/7hse0m54bgkkw4h5u4a,1
http://github-login.tk/paypal/verify/account,1
https://wikipedia.com/reset/v1/signin,0
https://www.microsoft.net/?id=1988,0
https://twitter.edu/v1/v1?id=7819,0
http://bank-i9j2d.gq/login/verify,1
http://bank-ms91dcy822l8t.tk/login/verify,1
https://facebook.com/,0
https://google.org/,0
https://twitter.edu/,0
https://spotify.org/settings/settings,0
http://bhye.bcv65qrc.m4qupq5ah.bx0t.u8o3dowozl.ml/x1osedqjlegwb/etzf2jp7/e6s5wca9/1emkvwlusex3h,1
https://stackoverflow.edu/verify/dashboard/signin,0
http://116.134.223.87/free/verify,1
http://254.159.40.25/secure/confirm,1
https://apple.net/api/index,0
http://microsoft-o9nt90q.org/login/verify/update/dcsg9sltl23tdb3w,1
http://apple-h0fx9e.cf/login/verify/update/t7jc78wu0aic97,1
https://apple.com/,0
https://app.wikipedia.io/index/v1,0
https://mail.github.in/?id=7759,0
http://twi-tter.xyz/update,1
http://face-book.ml/free/account/confirm,1
https://stackoverflow.net/,0
https://docs.quora.co/signin/reset?id=9670,0
https://medium.co/auth/auth/v1,0
http://3f80t.njoco4kso.tvgndiy80.cf/pwks7/jabvqxu2nh3/wm13ejinj6,1
https://app.dropbox.co/,0
https://slack.net/auth?id=3757,0
http://login-8mpc4a8pang.click/login/verify,1
https://app.stackoverflow.in/auth/settings/dashboard,0
http://amazon-3apav.org/login/verify/update/oqiewkxh74vneqrsgz,1
https://quora.org/dashboard/api?id=5985,0
https://microsoft.in/verify/checkout,0
https://quora.in/auth,0
https://reddit.com/checkout/api/profile,0
http://amazon-d58pob.xyz/login/verify/update/2zrdy27p3w91aho7,1
https://amazon.co/,0
https://dropbox.io/page/settings/signin,0
https://wikipedia.net/settings/profile/dashboard,0
https://github.io/v1/settings,0
https://www.medium.net/page,0
https://twitter.edu/profile?id=7533,0
http://paypal-ihyjcw.click/login/verify/update/dwid7r77cs7z840clwq,1
http://google-m5xpn.click/login/verify/update/lt6f0mexj5i8lk,1
https://twitter.co/settings/settings/api,0
https://stackoverflow.net/?id=9053,0
https://linkedin.edu/page/profile,0
http://google-z11gc.cf/login/verify/update/rl4e29nrgw6py,1
https://app.microsoft.co/api/profile,0
http://n4yslgn2n.nwhm9azdpy.tz5cg5.gq/2xay0yuq/7vshbe/9aom4qfx/muxv2xlt7od/na62j9nv6/997f8035svu/ut4f4xr2l,1
https://medium.com/index/signin?id=5344,0
https://www.reddit.com/v1/profile/signin,0
http://8p6nrpczo9.qnb0x8.z9d7maa.kp29.click/bjk3wv9256i/rvnv6/0fpb2wuma2/4vp1ynusmb9/rx3s9u,1
https://app.google.edu/reset/profile/reset,0
https://slack.net/reset,0
https://217.197.47.122/account/login/update,1
https://mail.amazon.edu/checkout/page/dashboard,0
https://facebook.in/dashboard/checkout?id=824,0
https://www.zoom.co/index/reset,0
https://medium.co/page/auth,0
http://apple-crd5.ga/login/verify/update/6bk6aqpbd5g2i8euqn5o,1
https://linkedin.com/api/reset,0
https://medium.edu/reset/auth/settings,0
https://zoom.net/v1/reset?id=7675,0
https://youtube.org/index,0
https://mail.youtube.io/reset/api/reset,0
https://microsoft.io/profile/page?id=7914,0
https://mail.slack.net/dashboard/api,0
http://105.62.159.65/paypal/support,1
http://241.74.57.18/service/paypal/support,1
https://twitter.edu/signin,0
https://spotify.net/signin,0
https://netflix.com/dashboard/profile,0
https://api.twitter.co/profile,0
https://11.253.251.149/login/support/service,1
http://google-rzynebd.cf/login/verify/update/ij0fo4vf62u3u9vtvk,1
https://twitter.io/reset/dashboard?id=1125,0
https://medium.net/reset?id=8104,0
https://docs.stackoverflow.in/page/verify,0
http://service-92047ly.ml/login/verify,1
https://instagram.in/,0
https://dropbox.in/,0
https://docs.google.in/,0
http://free-ij944.gq/login/verify,1
https://amazon.com/dashboard/verify,0
https://apple.edu/v1,0
http://32.180.123.180/prize/update/bank,1
https://slack.in/,0
http://microsoft-7c5daig0.ga/login/verify/update/phe310v3g3mvk,1
https://api.twitter.in/v1/profile?id=4489,0
http://151.8.211.182/free/account,1
https://app.slack.edu/verify/settings/index,0
https://zoom.com/settings/settings/reset?id=5526,0
http://login-a60qovs1w9tiwg4.cf/login/verify,1
http://dr0pb0x.top/account/free/login,1
https://stackoverflow.co/page,0
https://zoom.co/signin,0
http://wsroayz8o.doavkz0mgh.wz0imgkj6.c2ppgofrsb.y91159.click/wbjfho21v7t6ogx/joxkuoonut6cww/8y5vhr11klbd7wm/5wh72w2eknb/81h5dg0/qjdwnebxr,1
https://spotify.edu/,0
https://slack.co/checkout/auth,0
https://app.stackoverflow.edu/,0
http://25ev152.4mfuny.v553quzcqf.mieg4dmo.top/zsamytwx37jal2k/qtftjj4zqnect/occwikm/v0zw42ajd4d2/ocokfgduawm12/w1ifpa/wu410m5g6m,1
https://microsoft.in/reset/signin,0
https://reddit.com/,0
http://reddits.cf/prize/free,1
https://mail.microsoft.in/profile/auth?id=5323,0
http://dropbox-login.cf/support,1
https://linkedin.edu/settings/page/verify?id=8553,0
https://amazon.io/?id=254,0
https://google.co/,0
https://app.linkedin.com/profile/verify/checkout,0
http://update-u7uequfgkrl.top/login/verify,1
https://api.medium.net/page/reset,0
https://www.reddit.io/page/settings/verify,0
http://apple-bzblb.com/login/verify/update/p39dkxr0bok0w83xs2mw,1
https://apple.net/api/dashboard/signin,0
https://dropbox.io/page/signin/index,0
https://github.org/?id=1483,0
http://jo5c.36yyl.1tj4sbd.6r55mp67nb.gq/7qc3d4eb/00onr2gx/ft9jv6wdum/mlx8simv91g34k/3om88twtsrdh3/he7gvikl,1
http://confirm-rcrg1qyrcygjsou.gq/login/verify,1
https://stackoverflow.edu/,0
https://api.instagram.edu/settings/reset/dashboard,0
https://spotify.in/profile/api,0
http://service-jysoxp.tk/login/verify,1
http://google-n4fy4.xyz/login/verify/update/3dp9gubh0bfdual0no,1
https://app.quora.co/index?id=6354,0
http://confirm-tdtevxqe.tk/login/verify,1
http://microsoft-xy29ort.gq/login/verify/update/aswz27srb,1
https://instagram.org/,0
https://instagram.org/dashboard/dashboard,0
https://stackoverflow.io/page,0
https://amazon.org/settings?id=4662,0
https://quora.com/verify/signin?id=6540,0
https://linkedin.co/auth,0
https://mail.zoom.org/dashboard/dashboard,0
https://spotify.in/,0
https://195.157.121.205/bank/prize/support/free,1
https://dropbox.edu/auth,0
http://t1hv.84xo4evq1.cs0q5uka.z9z0zr697.zvxlkup.cf/1xmn4haqm/0m05lmp7fr/ngfl7/a21eu7uxm/w5hkmtabk3egx4/o9jagz3aotvy90s/pu647o9,1
http://apple-p6j.ml/login/verify/update/24xltfhn,1
http://aoatbc9p29.cltwv5gvbn.pxgdebechz.79lt2.xyz/0d2c639iawc5xf/o3l81/gpvycv4v/bvqtx4hebd87cti/e84mzv5okp/fkjplg0xofsh/9m651j6a,1
https://99.221.196.123/login/free/bank,1
https://23.211.159.86/support/account/free/support,1
https://google.in/profile/auth,0
https://twitter.org/,0
https://reddit.in/,0
https://youtube.com/profile/auth/api,0
https://apple.net/checkout,0
http://xdd9y.3a2p.g6v02puk.i0vow2pc.i8gh8.top/9fglayl0wsu/uxm9oa/74592ju/x0urdri3/3fn25nt/ilnw7p/6ejv64,1
http://48.65.205.3/login/support/bank/account,1
https://apple.edu/,0
https://instagram.edu/v1/dashboard/dashboard,0
https://linkedin.edu/settings/verify/settings,0
https://mail.zoom.org/index,0
https://quora.org/verify?id=8554,0
https://dropbox.edu/checkout/signin,0
http://google-psfz.com/login/verify/update/jcs8f2souwtb51d,1
https://linkedin.edu/?id=2322,0
https://www.amazon.in/page?id=2173,0
http://l2eqh3jt.ppcwv19d.xskrlnrl0.x6pl4mhct.db9ws.top/r9xaa9krpqx7d8o/4ijyen/br2thzd6vf61xd/mk8jjh,1
http://account-wqm6amcp.ml/login/verify,1
https://apple.co/verify/index,0
https://api.youtube.com/api/checkout/index,0
http://z00m.top/free/update/verify,1
https://github.net/auth,0
https://dropbox.in/v1/verify/page,0
https://google.edu/auth/signin/reset,0
http://google-1f9.ml/login/verify/update/cm426jia,1
http://zlhjpz.2tqs.a2nq.27062sxn.click/x743i01zr/hrt52rga/dt941/fwg9afx/9x25yj8y0/ldzcqi2art718pu/5fmml61,1
http://google-cjzjmu.ml/login/verify/update/5i3al8xjxrhmpniieks,1
https://docs.apple.edu/signin,0
https://api.dropbox.org/profile/page,0
https://api.linkedin.co/api/checkout,0
https://microsoft.co/page,0
https://api.amazon.edu/?id=9211,0
https://linkedin.edu/auth/api,0
https://api.medium.org/reset?id=6841,0
http://account-chmct8mtx.tk/login/verify,1
https://quora.org/verify?id=210,0
http://dropbox-login.tk/free/free,1
https://www.spotify.io/signin/signin,0
https://mail.linkedin.co/api,0
https://spotify.org/page/reset?id=1785,0
https://docs.slack.org/?id=7777,0
https://facebook.org/,0
https://google.com/index/verify/checkout,0
http://twitter-login.ga/prize/confirm,1
https://www.slack.co/index/reset/reset,0
https://medium.co/dashboard/dashboard?id=5311,0
https://www.apple.io/index/v1/profile,0
https://reddit.in/reset,0
https://208.115.142.156/verify/paypal/confirm/verify,1
https://twitter.co/index,0
http://yqzdrdqqy.cl0qv.9p2ng1mpud.8ozgryuhtr.scr0ouvh.ga/08b84hthd45/zq20vrelbg/zo6cbqa9qb62f9x/e3j00xczrcymyxp/ku4o9a16co65wzq,1
http://stackoverflowq.gq/service,1
http://az5b52twlj.jszxi2.1cwdnm1t.5nmkoic.gq/oc8g3x4npdc8id/sxko94hbcc/lnwmpqrmz/4q5a89s1b22s/174s52igl4r1u/77xp18fkdnmoh,1
http://verify-ixg6y7ur61yntt.click/login/verify,1
https://slack.edu/?id=2357,0
http://17.2.9.190/prize/bank/update/free,1
https://app.linkedin.io/reset,0
http://paypal-j7fns5tu.click/login/verify,1
http://secure-4vkcns495z.tk/login/verify,1
https://zoom.edu/reset/settings/settings,0
http://google-qh2.cf/login/verify/update/ejfg80ux,1
https://linkedin.org/v1,0
https://api.google.com/reset,0
https://api.amazon.com/reset/reset/signin,0
https://slack.org/,0
https://microsoft.edu/verify/index,0
https://medium.in/auth/profile/signin,0
https://www.slack.in/reset,0
http://xw9lb0526.69qjaq19.0y7c2.ga/jaa5vs8f7ocv2/2ncv6w/gtgq5omcy5pa/ct1v9ano5rvp/giahke2flgl6s9s,1
https://zoom.edu/,0
http://wfslz2nq.guadhrh44.cod879f.3rvj2wd.szgmck.top/ww5chnh/6onzhd9r0scibif/172cp8kw3e/hj19jnef/nke45xj/m9visgoq,1
http://167.194.172.194/update/update/support/verify,1
http://instagrams.top/confirm,1
https://github.co/reset/page/verify,0
https://instagram.edu/,0
https://app.slack.co/verify/settings/settings,0
http://support-kqshnzyj.top/login/verify,1
https://linkedin.net/signin?id=7728,0
https://linkedin.co/auth,0
http://netflix-login.top/paypal/update,1
https://www.slack.com/auth/settings/reset,0
https://docs.zoom.edu/,0
https://stackoverflow.in/v1/page,0
http://bank-nhehk2.click/login/verify,1
https://github.org/,0
https://mail.spotify.in/api/index,0
http://secure-rv9rrvy4isyoek.gq/login/verify,1
https://google.io/reset,0
https://microsoft.edu/profile/verify/v1,0
https://app.instagram.net/reset,0
http://reddit-login.gq/support/confirm,1
https://instagram.net/api,0
http://qu-ora.gq/prize/support/free,1
https://amazon.co/,0
https://mail.spotify.net/dashboard/dashboard/checkout,0
https://quora.edu/checkout,0
https://wikipedia.io/index/verify/settings,0
https://instagram.com/,0
https://stackoverflow.org/signin/api,0
https://dropbox.net/api/v1,0
http://google-radkjs3.ml/login/verify/update/t0ln7b5ruk3s38du,1
http://ydbbywuy0k.qo479mrq1.nk5x4.hh4s.5uw9obl.xyz/zwaus2z7qr/5d34re52lo/8nrvkcn,1
https://stackoverflow.io/reset/verify/v1,0
https://google.co/dashboard?id=9089,0
https://slack.com/auth,0
https://api.stackoverflow.in/signin,0
http://paypal-57nof2.gq/login/verify/update/aur01h4lfz,1
http://1br0uwgsil.3gbqklcun.j9jqy06kma.click/pwj6vf9jp/tdtv2pw/3cxm5lhxp5785,1
http://apple-oif.ml/login/verify/update/m95v2kfeajjxgvuv6y4,1
http://spotifyg.gq/service/service/account,1
https://reddit.com/,0
https://microsoft.io/reset/profile,0
https://www.apple.in/,0
https://apple.net/index/settings,0
https://docs.slack.com/,0
http://linkedins.top/account,1
http://instagram-login.cf/paypal/login/paypal,1
https://quora.co/index,0
http://amazon-lmrvx6.ga/login/verify/update/5qyh82l9,1
https://api.twitter.in/,0
https://mail.google.co/index/api,0
https://youtube.edu/v1/verify,0
http://wxt5ja4o4.jfo0jus.vofk3xv.dfzsbde82.luikhz5d7.cf/8s82nu9/no3le0ozi8/7dmja,1
https://app.github.org/dashboard/settings/settings?id=568,0
https://netflix.edu/,0
https://api.medium.edu/verify/reset,0
https://docs.microsoft.net/?id=4164,0
https://app.spotify.net/reset/profile/signin?id=2046,0
https://spotify.com/,0
https://slack.org/page/api/verify,0
https://docs.spotify.co/reset,0
https://slack.in/index/signin,0
https://youtube.co/dashboard,0
http://142.26.136.163/verify/verify,1
https://microsoft.in/api,0
https://quora.org/?id=4358,0
https://178.123.206.205/service/bank,1
https://instagram.co/,0
https://www.instagram.io/reset,0
https://twitter.in/api/dashboard,0
https://microsoft.com/,0
https://wikipedia.io/api/v1/api,0
https://slack.edu/api/signin,0
https://github.com/reset,0
https://instagram.net/v1/profile/reset?id=5139,0
http://twitters.cf/login,1
https://mail.spotify.co/,0
https://docs.zoom.com/?id=6086,0
https://dropbox.co/settings/v1/profile,0
http://twitterb.ga/free/service/free,1
http://free-uss7m9y.tk/login/verify,1
https://github.in/profile,0
https://instagram.edu/auth,0
https://app.google.co/signin,0
https://stackoverflow.io/dashboard/reset?id=690,0
http://amazonpc.click/paypal/confirm/paypal,1
https://apple.edu/verify,0
https://reddit.net/settings/verify?id=2396,0
https://dropbox.org/profile,0
https://dropbox.edu/reset/signin/signin,0
https://medium.co/page/profile,0
http://inst-agram.cf/service/update,1
https://dropbox.co/profile/profile,0
https://netflix.edu/reset/reset/settings,0
https://slack.co/verify/verify,0
https://netflix.in/signin/profile/reset?id=6753,0
https://mail.instagram.com/,0
https://microsoft.io/reset,0
https://mail.amazon.org/reset/checkout,0
http://0y3y5lu7.amuam4w.k2ry7r.tk/ufu3t549/ehqot291hn672/cwcfwleecd,1
https://microsoft.org/verify?id=1016,0
https://netflix.co/,0
https://app.zoom.org/?id=7283,0
http://ezgp.blme.1h1h2rpzv.mvuxa2aaiu.1r6b7xsbf.click/pu0vccufy3ta8zu/2cmip11k3k2lhj/89m0b17ufz9,1
https://microsoft.net/?id=8466,0
https://facebook.io/,0
https://app.google.in/?id=2481,0
https://reddit.co/verify,0
https://quora.com/verify/v1/auth,0
http://stack0verfl0w.tk/confirm,1
https://instagram.com/verify/api?id=4420,0
https://microsoft.in/,0
https://api.slack.in/checkout/settings,0
https://app.amazon.edu/verify/verify,0
https://mail.facebook.net/reset,0
https://facebook.io/settings/dashboard,0
http://bank-lwe4p.tk/login/verify,1
https://microsoft.co/dashboard,0
http://prize-kn19kdfs4b.ga/login/verify,1
https://dropbox.in/,0
https://youtube.net/index/profile/signin,0
https://app.facebook.co/,0
http://account-dvv30.ga/login/verify,1
http://twitters.top/confirm,1
https://docs.linkedin.edu/v1/verify/settings,0
https://medium.co/profile/profile/index,0
https://stackoverflow.org/v1/reset/index,0
https://mail.medium.com/auth,0
https://twitter.net/v1,0
https://google.net/,0
http://wikipediahms.ga/paypal/update,1
https://3.209.153.53/verify/secure/service,1
https://youtube.io/page,0
https://microsoft.co/settings,0
https://facebook.in/,0
https://spotify.io/checkout/index/index,0
https://wikipedia.in/signin/profile,0
https://microsoft.edu/settings/api?id=8117,0
https://www.amazon.net/verify,0
https://121.138.81.140/secure/support/support/bank,1
http://redditz.click/login/support/prize,1
https://google.io/page/checkout?id=2447,0
http://23od6ipz0.kznak3xdvh.p66jbdw066.tk/s5cm1vs4tx5iswy/bc18n/cw7irbv84zn1/5uwxlcfltftnatv/441lp68dj7c4/4aeeboau,1
https://210.171.78.92/confirm/paypal/paypal,1
https://quora.in/,0
https://docs.spotify.edu/page?id=990,0
https://www.linkedin.io/reset/verify,0
https://docs.google.in/verify/api/settings,0
https://netflix.com/v1/api,0
https://api.quora.org/,0
https://amazon.net/auth/signin,0
http://y04c1dq.7tmexq41a.62drx.pu3c.tk/e29ulwnj0b/qtht9emqfsy/1zhoaw9/pdh9j39p3j/k7psd487zf60l/iaegrxzjlv0c/eny4ut,1
https://docs.linkedin.com/dashboard/api?id=2539,0
https://121.124.32.213/verify/bank/verify/verify,1
https://app.slack.org/auth,0
https://mail.quora.co/dashboard/index/api,0
https://www.linkedin.in/api/dashboard,0
https://netflix.edu/verify/dashboard/profile?id=6311,0
https://api.netflix.com/profile,0
https://www.linkedin.net/,0
https://wikipedia.co/auth/index/reset,0
http://amazon-xk0ipn.top/login/verify/update/m6izmu21xmtgoy8mh,1
https://medium.co/api,0
http://medium-login.gq/prize/login/update,1
http://service-yi6qlie.gq/login/verify,1
https://1.207.101.86/free/service/confirm/support,1
https://google.in/?id=2178,0
https://dropbox.org/profile,0
https://apple.org/dashboard?id=3769,0
https://medium.net/index?id=9030,0
https://netflix.org/dashboard/v1?id=1487,0
https://facebook.net/,0
http://google-km6myx29.xyz/login/verify/update/1ergi8lxi,1
https://twitter.edu/verify,0
https://facebook.io/api/profile?id=5292,0
http://verify-txjgqvkwvrz.top/login/verify,1
http://twi-tter.xyz/service/service,1
http://4uwqvv9hhn.xvot01v4i.weqeghgvud.23cesh40mf.3k4p.click/o9hv0/73lbvq8w22sqhgk/bs11ykb/ly4ql3bpa7a9c/l0yl6i/w1c9e/2mdffk08d0p,1
https://app.netflix.io/,0
https://netflix.io/v1/dashboard/api,0
https://api.youtube.com/reset/dashboard?id=2708,0
https://api.netflix.co/index/api,0
https://app.youtube.co/dashboard/v1,0
https://189.100.46.73/paypal/login/free/prize,1
https://twitter.co/settings/auth/reset,0
http://microsoft-qib.org/login/verify/update/xubeqxh3vxzhl,1
https://spotify.com/index,0
https://slack.com/api/reset/reset,0
https://slack.com/,0
http://fpy74.hqn3r.9u46weo3.21fey1ans.click/os54zyhd457cz/bswyghcw/1v873/niv1nox7/cwtopg6srrcc,1
http://apple-zav05.top/login/verify/update/7rdap3w41pibb5pm04,1
https://youtube.net/checkout,0
https://linkedin.edu/profile/page,0
https://app.amazon.io/api,0
https://zoom.net/checkout/auth/checkout,0
https://65.149.63.244/service/support/paypal,1
https://microsoft.in/checkout,0
https://microsoft.io/verify/index,0
https://www.facebook.co/dashboard,0
https://api.youtube.co/page,0
https://spotify.co/api/checkout,0
https://mail.amazon.io/auth,0
https://twitter.org/index/page/settings,0
https://twitter.co/checkout?id=7806,0
http://nf2i9wogy.wkh9ampm.nml1vtsk.xyz/3p9r1skqu/762d5kzr5/pj76jzybztc5ax6/8q6kw5sl1b,1
https://www.quora.in/api/dashboard,0
https://app.dropbox.co/settings,0
https://www.zoom.in/,0
https://docs.amazon.io/reset/dashboard/settings,0
https://instagram.net/reset/page,0
https://twitter.in/page/auth/reset,0
https://slack.co/dashboard/settings?id=5802,0
http://apple-pvb.click/login/verify/update/ae9q3ot9bdxbbam,1
https://www.stackoverflow.com/api/v1,0
https://linkedin.org/,0
http://mt5jz.2m7tr7.5mzabm0dtc.bpj1rbntwg.nhewj08a.click/k717t1civybw/qyl0tiw/125l3ktk/p8ay05f9w2/kzwcfgv6c3,1
https://facebook.com/signin,0
https://api.zoom.com/index/reset/settings,0
https://slack.net/,0
http://amazon-eospwdux.org/login/verify/update/zbhibntbd8nuot,1
https://linkedin.com/,0
https://dropbox.org/,0
http://net-flix.click/update/secure/confirm,1
http://google-ilxn.tk/login/verify/update/l0jb41pava4v7lw1,1
https://medium.edu/auth/checkout/signin,0
http://53.191.171.46/update/login/paypal/prize,1
http://github-login.gq/login/service/free,1
https://youtube.org/,0
http://netflixp5.click/account/service/paypal,1
https://facebook.co/v1/verify/dashboard,0
https://medium.net/index?id=6502,0
http://microsoft-iux.top/login/verify/update/dcmuhianl9v9pkc7y,1
https://medium.io/auth,0
http://wikipedias.ga/free,1
http://confirm-b3b2v.tk/login/verify,1
https://linkedin.org/page/page,0
http://apple-st0qpau.tk/login/verify/update/xbo28msapcf,1
http://3zgnzrxy.5fpc.5btkrk89.l493dbmz2.top/e53njjfpzu93/j4kglh1pc/5urkhlbvi/m1yf6ywhq4zk3kc/u81vrwz82kap/rpspe0f7pw5wt,1
https://zoom.com/?id=3908,0
http://instagraml.click/login/login,1
http://apple-imxk2qz.org/login/verify/update/ricjbhr4n6268b859we,1
http://amazon-9mm7u.ml/login/verify/update/18nrss68t2hyqa316,1
https://docs.reddit.edu/page,0
https://app.reddit.com/signin/dashboard,0
http://update-n4r3ryy339k0.top/login/verify,1
https://stackoverflow.org/reset,0
https://docs.slack.io/auth,0
https://quora.io/signin,0
http://faceb00k.click/secure/update/free,1
http://prize-hlxrop6jxs0.gq/login/verify,1
https://youtube.co/?id=2776,0
https://linkedin.edu/,0
https://api.zoom.com/page?id=305,0
https://slack.net/checkout/api?id=3090,0
https://docs.twitter.co/checkout/index,0
https://slack.co/,0
https://app.google.io/settings,0
https://spotify.io/,0
https://spotify.edu/reset/api/dashboard,0
https://google.io/api/settings/page?id=9088,0
https://youtube.org/signin/api?id=816,0
https://app.medium.net/signin?id=1390,0
https://mail.youtube.co/?id=8068,0
https://dropbox.edu/dashboard/verify,0
https://zoom.net/,0
https://app.slack.io/,0
https://www.slack.org/index/profile/v1,0
https://instagram.com/,0
https://dropbox.net/checkout/checkout/reset,0
https://dropbox.co/dashboard/verify/v1,0
https://dropbox.co/index/checkout,0
https://reddit.io/?id=1884,0
https://medium.org/reset/v1?id=4073,0
https://mail.instagram.io/reset,0
https://159.173.48.242/login/verify/support,1
http://microsoft-by1z.ga/login/verify/update/6rni3c760im3pze0o1c,1
https://mail.amazon.com/,0
http://secure-9anjgn90kjgql9g.top/login/verify,1
https://facebook.co/v1/checkout?id=7326,0
https://slack.com/page/api,0
https://app.youtube.io/,0
https://facebook.io/auth/profile/auth?id=5927,0
http://qu0ra.top/update/verify,1
https://wikipedia.org/signin/checkout,0
https://wikipedia.io/profile,0
https://twitter.io/verify/verify/settings?id=6876,0
https://api.youtube.edu/,0
http://confirm-wd47j.gq/login/verify,1
https://docs.linkedin.io/profile/reset/dashboard?id=6544,0
https://reddit.io/verify/settings/api,0
http://yvj63.piq8o1t66.mdwhmx3.3y6izx6.yoftpuodxc.ml/rk2dy991hu/ryehwc4/tcwumheyehdvn,1
https://dropbox.io/auth/index,0
https://api.stackoverflow.in/,0
http://183.197.222.80/support/service,1
http://paypal-kqopb9su.com/login/verify/update/7royo3qr4r,1
http://prize-mi6ly.xyz/login/verify,1
https://stackoverflow.net/signin?id=4782,0
https://api.youtube.com/index/auth,0
https://mail.youtube.net/,0
http://40ui8uqx4f.8my5.a8slt6.pngfu9vs.tk/7k0bfbqn/6l5xnee56d3qcm/rw869q7l/0mzn5kpvp/2rbbc2,1
https://amazon.org/index,0
http://130.71.109.197/paypal/bank,1
https://wikipedia.edu/,0
https://wikipedia.edu/,0
https://docs.medium.io/,0
http://wikipedia-login.tk/service,1
https://app.netflix.net/signin/signin?id=162,0
http://244.182.111.136/bank/confirm/support/login,1
https://docs.instagram.in/,0
http://microsoft-e69hfoo.gq/login/verify/update/ezwp8j0pulipi2wx,1
https://spotify.net/index/api/signin?id=3689,0
https://docs.twitter.net/reset/settings?id=916,0
https://linkedin.in/api?id=2635,0
http://microsoft-ddhkb.ml/login/verify/update/vlqq92pkv,1
http://ddpz.vg3jofxbo.urey9jwx.gq/fmu5oboqtfoqzv/lvwnxhz515vic/l2cwwrk9zh1rm/lvb1m6c7/5t1hc3y3237/qx169gwzn1xg9/ocbgpuil2x6,1
https://amazon.co/dashboard/index/index,0
http://microsoft-n5wwm.tk/login/verify/update/u4g9svxxumf15m75,1
https://www.reddit.co/profile/index/checkout?id=8097,0
http://apple-x71xe.ml/login/verify/update/q3svrzo131tddo,1
https://docs.apple.edu/auth,0
https://microsoft.net/,0
http://update-iwwzrx0bapx9k.ml/login/verify,1
https://medium.org/index/v1?id=8411,0
https://stackoverflow.edu/profile/reset,0
https://docs.instagram.co/reset/settings/settings,0
http://hmdkort.ak22.3ejfddg.top/zuv66eu0ap895/wozybls5wey/82t9gvruvlklz,1
http://amaz0n.click/confirm/update/account,1
https://youtube.com/reset/api,0
https://api.linkedin.in/index/profile,0
http://1k15xgrc.t73ijfqo6m.vp7ch.xrwaber.top/28yxmu7s1/zk8tl1baiv0ig9b/eq8hccax3zcm9lt/hbkufs39tjx,1
https://app.reddit.org/,0
https://microsoft.com/dashboard,0
https://amazon.co/verify/dashboard,0
https://api.twitter.in/api,0
https://google.com/page/index,0
https://api.reddit.com/v1/reset/api,0
https://medium.edu/dashboard/index,0
http://147.156.31.9/support/verify/service/support,1
https://medium.net/api,0
https://linkedin.in/signin/page?id=5112,0
https://app.amazon.com/,0
https://twitter.in/index/page/api,0
https://zoom.org/api/profile,0
http://wikipediap5.cf/support,1
https://stackoverflow.co/profile,0
https://netflix.org/dashboard,0
https://reddit.io/signin,0
https://quora.in/v1,0
https://api.youtube.edu/auth/api,0
https://reddit.org/settings,0
https://mail.amazon.com/,0
http://login-wz4oi7q8.cf/login/verify,1
https://docs.instagram.net/,0
http://login-an3uu7zn8rti.tk/login/verify,1
https://www.twitter.edu/,0
https://187.240.85.234/verify/login/prize,1
https://app.microsoft.in/reset/index/dashboard,0
http://google-jyrg4.ml/login/verify/update/kjv4ncxnp18b7rggdpft,1
http://apple-n3al.gq/login/verify/update/qv4zmcked5j,1
https://medium.com/api,0
https://dropbox.edu/auth/page,0
https://zoom.edu/index/settings/auth?id=63,0
https://reddit.co/verify,0
http://215.206.10.150/paypal/paypal/prize,1
https://dropbox.net/api,0
http://link-edin.click/verify,1
http://amazon-6eiug.org/login/verify/update/umujx06z9qubobg9,1
https://apple.org/?id=1461,0
https://instagram.com/reset/v1/auth,0
http://facebook-login.ml/free/login,1
https://app.wikipedia.edu/reset?id=5344,0
http://g00gle.gq/service/support,1
https://youtube.edu/api/auth,0
https://linkedin.net/,0
https://apple.co/reset/settings,0
https://youtube.in/?id=8383,0
https://netflix.co/auth,0
http://zoom-login.ml/secure,1
https://www.wikipedia.co/profile?id=6720,0
https://amazon.org/profile/settings/checkout,0
https://amazon.co/profile/index,0
https://github.in/auth,0
https://youtube.org/verify,0
https://203.150.32.30/update/bank/bank/paypal,1
http://microsoft-4nm77rfu.top/login/verify/update/bfhbwtdo3txi,1
https://dropbox.in/page,0
http://microsoft-jcm3dfpv.gq/login/verify/update/a3xm3z7tfipd5t24qypt,1
https://netflix.net/api/api,0
https://reddit.co/signin/page/settings,0
https://netflix.net/index/auth/verify,0
https://facebook.io/reset,0
http://43th38u1ql.r1copv4.4akfwipsm5.i44sb57.tk/0g6i3rz/4hwyarsf/hi09f/dv0biktnz3/8fcarw52/9fqr4f709yj/lkcvdhntxn1,1
https://mail.wikipedia.co/,0
https://github.edu/verify/reset/checkout,0
https://amazon.co/page,0
https://twitter.org/reset/dashboard,0
https://instagram.in/v1/verify/auth,0
https://api.apple.edu/?id=2965,0
http://46v0.0u8j16h6s3.n9g756ny1.34xdn.tk/xz7awq9tzk/tam9mnl70l9/azu5ylyz9pn7/xh0m2/sj7asaxydxt618x/bw6no5wdt4ga,1
http://44.128.41.186/paypal/account/secure,1
https://youtube.edu/verify,0
https://docs.stackoverflow.io/api,0
https://zoom.org/page/checkout,0
http://paypal-qyudy36zypxem3g.click/login/verify,1
https://docs.reddit.org/dashboard/page/settings?id=2674,0
http://login-gi8i9.xyz/login/verify,1
http://instagram4.top/service,1
https://stackoverflow.in/profile,0
https://61.92.71.180/login/secure/confirm,1
https://wikipedia.edu/auth/page,0
https://twitter.co/api,0
https://netflix.org/verify/page,0
https://www.github.com/profile/index/settings,0
https://amazon.in/,0
https://wikipedia.in/index/profile/auth?id=7451,0
https://mail.dropbox.org/v1?id=7952,0
http://bank-d46nu.xyz/login/verify,1
https://reddit.io/page?id=6559,0
https://wikipedia.org/profile,0
https://www.github.io/reset/profile,0
https://app.dropbox.org/signin,0
http://prize-f4ftkb4z04.top/login/verify,1
https://youtube.co/v1,0
https://apple.net/?id=349,0
https://docs.slack.net/signin/profile,0
https://quora.edu/,0
http://secure-n5g680a.xyz/login/verify,1
https://222.175.238.124/secure/support,1
https://microsoft.io/page/reset,0
http://165.87.229.105/verify/confirm,1
https://apple.io/verify/dashboard,0
http://ef8a8c.9g2okrdxk.rocq673si.40yggt9.b7qxia.ml/ouowb9ibbrq/h77e21pnbd4z0/74khl87m0hukv/1cgnoigls/rmau7mwaw15hznx/rn0c39wr,1
http://0y099g3.2efg5.mrjkb0hpxw.n0j1yb68me.v7aqijo2.click/uq01w9c6gezqq/c7hfv6g/sjwbu/merk51v1afk6/x0clgtoaj/y4jff1/nmmjp8owhz,1
https://mail.medium.com/api/settings/verify?id=438,0
http://update-yu9ilje6ep2r.gq/login/verify,1
https://mail.dropbox.co/verify/verify,0
https://twitter.io/dashboard/auth/v1,0
https://api.dropbox.org/profile/checkout/api,0
https://wikipedia.in/,0
https://221.193.25.63/prize/confirm/login,1
https://docs.instagram.org/auth/settings,0
https://github.org/auth,0
http://confirm-k8aq4fmz9enol.ml/login/verify,1
https://reddit.co/api/index,0
https://google.org/profile/page,0
http://243.99.2.22/update/update/prize,1
https://www.twitter.edu/,0
http://free-8g2a35j7k0jv.top/login/verify,1
https://facebook.edu/page/checkout,0
https://spotify.net/,0
https://app.microsoft.edu/?id=3254,0
https://github.org/?id=3371,0
http://dlyus7f8c.ig0a.8qkkc.gq/71bbphkodwhppx/j7rp9htwn/r399aq1gtx/arznsrgbg/q3ui9von0rjvwe/yax6gxo,1
http://microsoft-8q3bo.ga/login/verify/update/zkxinxgj660hng,1
https://app.google.co/dashboard/api,0
http://amazon-ngqztj.ga/login/verify/update/33yxjb58g,1
http://fbjicb9hi.73hck.el30.ga/ucdxgxkb/fgri1sddm1k/bflxizdd7/mobbhr2kfi/y4usjlsboh/3i3s2b1/yjv8xz4wb6xl,1
https://stackoverflow.net/verify,0
http://google-seeozxst.com/login/verify/update/1pk7yuekikaz,1
https://zoom.co/,0
https://github.co/page/signin,0
https://reddit.net/,0
http://stackoverflowzdt.top/free,1
https://mail.reddit.org/verify,0
http://amazon-3vi.click/login/verify/update/6zpiwospy8mg7,1
https://app.amazon.edu/,0
https://wikipedia.edu/page/settings/signin?id=897,0
http://paypal-24b.top/login/verify/update/e07ng9j2pu62qmfbh59,1
https://medium.org/profile/page,0
http://faceb00k.ml/free/update,1
https://quora.co/profile/verify,0
https://netflix.com/profile/auth?id=4662,0
https://api.linkedin.co/page/verify,0
https://94.216.143.246/free/service/confirm/service,1
https://docs.linkedin.org/,0
https://www.youtube.org/signin,0
https://44.200.153.152/secure/verify/free/update,1
http://apple-lcio.top/login/verify/update/zp7tax2ddcb21lo45vc,1
https://docs.slack.net/,0
http://verify-9makxebqqt.top/login/verify,1
https://youtube.edu/verify,0
http://google-344pgqxt.click/login/verify/update/ba70f0p80891c4cxz1,1
https://youtube.in/api,0
http://microsoft-lhr1r4qw.cf/login/verify/update/flw98c1omsr4ueqs,1
https://api.twitter.in/,0
http://apples.xyz/service,1
https://zoom.edu/,0
https://microsoft.edu/checkout,0
https://zoom.co/checkout,0
https://google.in/api,0
https://dropbox.net/auth/settings/dashboard,0
https://github.com/index/page,0
https://amazon.io/verify/page,0
https://amazon.org/settings,0
http://41.218.122.7/prize/verify,1
https://instagram.net/reset?id=2680,0
http://paypal-9xfo.click/login/verify/update/dnd12rt5h,1
https://apple.edu/settings,0
https://google.edu/?id=3457,0
https://github.edu/dashboard/reset,0
http://confirm-fqrhlq4a.ga/login/verify,1
https://app.dropbox.org/page,0
https://spotify.co/v1/api,0
https://linkedin.co/reset/reset?id=1626,0
http://xy2481.d14wn1na5.reop993wk.yb8xm3k.12ocih67iq.tk/e3k1qwr0yes0/gzn0h480dd/w5ltlh,1
https://medium.edu/v1/dashboard/dashboard?id=2893,0
https://api.facebook.net/api,0
https://docs.reddit.in/?id=8815,0
http://ama-zon.gq/prize,1
http://104.190.204.186/login/login/account/secure,1
https://reddit.edu/,0
https://youtube.net/auth/checkout/v1,0
http://paypal-d3q1.xyz/login/verify/update/09gajm5n63ifjkty,1
http://verify-lte9uc2y0.cf/login/verify,1
https://facebook.net/index?id=2926,0
https://zoom.edu/page/auth,0
https://spotify.in/api/dashboard/index,0
http://paypal-yu67c3cr.click/login/verify/update/ibb09eavjxo6wnr,1
https://www.quora.co/reset,0
https://google.org/profile/reset,0
https://youtube.edu/verify,0
http://kut2d7q.dnd7rmj.ita2qhquy.yumm3mg.click/lbnqmaazm7isw1/nblb11l3vrn/j9ik0makcbxto/ftvbo74316/uwmzs0gy9gtx1,1
https://amazon.net/,0
https://netflix.org/reset/page,0
https://amazon.io/?id=8024,0
http://107.24.150.250/update/account,1
http://qt4z48.ehup.pr1rnp.akkb5sec.cf/3h92myv6gwf/7n2p2wjdl7dt/n8asamhr8w/ztbz9y,1
https://dropbox.org/,0
https://quora.org/checkout?id=418,0
https://instagram.co/reset/page,0
https://slack.edu/verify,0
http://netflixs.click/support,1
https://instagram.net/checkout,0
http://amazon-9oa4iwzr.tk/login/verify/update/namoennek5e9oge3,1
http://apple-aky.com/login/verify/update/0201ropw3981cp,1
https://github.co/v1/page/v1,0
http://twitter-login.ml/update/account/update,1
https://mail.google.edu/,0
https://98.160.149.212/paypal/account/account/login,1
http://med-ium.ga/support,1
https://google.io/settings,0
https://docs.quora.co/checkout/api,0
https://amazon.com/index,0
http://bank-h342fbw.cf/login/verify,1
https://microsoft.net/dashboard/v1/profile,0
https://apple.co/dashboard/api,0
https://quora.edu/auth/api/reset,0
https://linkedin.in/api/index/v1,0
http://login-7itl16jkg.ml/login/verify,1
http://confirm-bq2bpjd.ga/login/verify,1
https://api.twitter.com/signin/signin,0
https://stackoverflow.io/,0
https://reddit.co/,0
https://dropbox.in/api,0
http://amazon-gv3p9e.cf/login/verify/update/wf96p7zmq5,1
https://mail.github.edu/dashboard/signin,0
http://microsoft-08f5p1p0.gq/login/verify/update/u3vs4tsb0h,1
https://amazon.net/?id=9437,0
https://spotify.com/dashboard/auth,0
https://dropbox.org/v1,0
https://docs.google.com/,0
http://paypal-czftmwo.cf/login/verify/update/kbp4d1pyme3aenk72roy,1
http://paypal-twj6x9p1.cf/login/verify/update/zgu5gwtt5,1
http://prize-catgajldgjv.click/login/verify,1
https://api.youtube.edu/checkout/index/checkout,0
http://update-6gffmmbssbzftw.xyz/login/verify,1
https://facebook.org/api,0
https://stackoverflow.net/index/checkout/auth,0
https://slack.edu/profile/dashboard/signin?id=286,0
http://30bu.xg3b.mcrf0oo.ttr78a.le0tso.xyz/wjakt1vt/pby0cw5qt3/1wsyxa128qkgzwr,1
https://microsoft.com/?id=3443,0
http://micr0s0ft.ml/service/prize/bank,1
https://api.facebook.com/reset/page,0
https://dropbox.in/api/page,0
https://181.38.137.136/secure/service,1
https://slack.in/,0
https://instagram.org/,0
https://stackoverflow.io/settings/settings/profile?id=4308,0
http://paypal-jz60l.ml/login/verify,1
https://docs.facebook.net/checkout/api/checkout,0
https://github.com/signin/dashboard?id=2920,0
https://google.in/api/reset/index?id=1705,0
https://apple.co/dashboard/v1/v1,0
http://zvxu3.kilzc6o.exk6wj1qzy.lc2xsmp.top/fjhr5qbtjiyyxf3/j4r6swez2xfdzom/vmq9y7uyyvwy/3zv7y9m2io404j/g5k1d42,1
https://github.co/,0
https://www.stackoverflow.io/,0
https://app.stackoverflow.co/page/page/page?id=5417,0
https://app.linkedin.co/,0
https://docs.quora.edu/profile?id=2575,0
https://spotify.edu/dashboard/dashboard/signin,0
https://linkedin.edu/dashboard?id=7974,0
https://app.zoom.in/page/dashboard?id=373,0
https://quora.co/auth/page/index,0
https://netflix.in/profile/page/reset,0
http://dsx66i.cc3rb5ibt0.spznr1s.xyz/u353vxjxa/8pe4yyc5t3be/tvkr048,1
https://www.zoom.com/signin,0
https://medium.net/reset/reset,0
http://9quca.bd5st.gig0u.ga/92ch7n95gjl/wkmlgjg0gxw/96g34u7ut7h53/3l0mj94p9/t7hd24bycevpii/ldrr6,1
http://confirm-2krd6n5dtucy.cf/login/verify,1
http://microsoft-3raqc.org/login/verify/update/014ohf1d3q7f98,1
https://reddit.net/signin?id=1081,0
https://www.zoom.edu/signin/v1/reset,0
https://wikipedia.org/dashboard/auth,0
https://178.96.143.232/login/confirm/secure,1
http://wikipedias.top/verify/update/free,1
https://wikipedia.co/api/dashboard?id=467,0
https://netflix.net/v1/settings/checkout,0
http://apple-k5g.ga/login/verify/update/3utv2dciecy56r92bk4d,1
https://app.wikipedia.io/checkout/auth,0
http://86ukmcm71.5wxax.cqgjsxiovq.ishfu2.ml/5fq5h24si14/6zakb8m/7785l6res40/odsuatvmaoonef/4zyofagdab78m/jcdy2,1
https://quora.co/,0
https://www.apple.net/v1/page,0
https://google.io/verify/page,0
https://zoom.com/v1/checkout,0
https://netflix.net/signin,0
http://service-xpz40zoow.tk/login/verify,1
https://reddit.edu/?id=3755,0
http://apple-50wjfxr.org/login/verify/update/o7h80ycu5uiaddz,1
https://wikipedia.org/api/signin/profile,0
https://wikipedia.io/?id=7019,0
http://bank-33o8xhtzxveo.cf/login/verify,1
https://apple.edu/auth?id=7497,0
https://10.224.140.218/service/secure/confirm,1
http://amazon-pd4m0ayk.com/login/verify/update/gn3xc0azfl8jiw3vish,1
https://api.zoom.com/api/page,0
http://084uvs.wzla7swgg.rhy2.click/oo195/itthnt8uv/f0dd10q2gh658rp/y7dena/um92i6vqw9/20eixs63d5/a7u4n,1
https://microsoft.org/v1/index,0
https://www.spotify.net/dashboard,0
http://0krq7zf.35qmmf.66dn80fa1.gq/jrd5evvb7b9h66d/sj3va3/z4lqrbx1j/xkh0z/ou3eqz7/ry3tb,1
http://microsoft-2c9kzb.com/login/verify/update/9sjkgmb3va0gayd3hudd,1
https://medium.net/signin/settings,0
https://instagram.io/checkout,0
https://dropbox.org/,0
http://1usc3ef.xa9orw.2vxm6v8qve.gq/q4q6dnm0x0/uk400h6l87p9/l0qtu3,1
https://twitter.co/,0
http://ryyoq92.5hmq.nyx6h1sk.click/aeptt1ec3w71a07/g7dsv277/uuq26zg/irakv5j0l3jlu0,1
https://spotify.co/settings/api,0
https://mail.slack.in/,0
https://api.linkedin.com/,0
https://twitter.org/,0
https://app.reddit.org/index/verify,0
https://google.edu/dashboard/auth/checkout?id=655,0
https://medium.edu/settings/page/reset,0
https://dropbox.io/?id=3333,0
https://google.org/auth,0
https://www.amazon.edu/reset/checkout/dashboard,0
https://zoom.co/dashboard/v1/reset,0
https://www.slack.io/,0
http://stackoverflow-login.ml/paypal,1
https://154.135.79.220/account/service,1
https://app.dropbox.co/profile/profile?id=2953,0
https://reddit.com/,0
http://google-xse2bq.gq/login/verify/update/25hjyk16zhz51g8bvvch,1
https://zoom.edu/api/settings,0
https://slack.co/index/api,0
http://drx06y.rt8f01ki.1su4gy1.cf/1qq67w30itwsdm/liouoeeyx4/n0dwe0,1
https://api.twitter.in/checkout,0
https://docs.spotify.com/,0
https://medium.net/index?id=1360,0
http://reddit-login.ga/secure/bank/prize,1
http://reddits.click/service/support,1
https://quora.org/,0
https://quora.net/,0
https://www.netflix.in/settings/settings?id=7170,0
https://facebook.edu/page?id=371,0
https://mail.linkedin.net/?id=412,0
https://docs.github.net/checkout/api?id=8849,0
https://www.linkedin.in/dashboard/v1/page,0
https://mail.zoom.org/?id=7274,0
https://wikipedia.net/verify/signin,0
https://microsoft.in/dashboard/reset,0
https://docs.dropbox.edu/,0
http://google-bddqpizj.click/login/verify/update/05w0y2xpp1tsjzbc,1
https://twitter.net/api/page/api?id=182,0
https://netflix.co/checkout/settings,0
http://w8d1malzwv.1qfn.qemiz.gq/p35no/kek7szzq4/twy1lab/75yja5lr3mcunj/kazm19,1
https://slack.co/settings/settings,0
https://zoom.org/,0
https://docs.linkedin.org/settings/verify/settings,0
https://youtube.io/index/v1?id=3139,0
https://amazon.org/verify,0
http://wikipedia-login.ml/support/update/verify,1
http://dr0pb0x.xyz/account/service,1
http://212.112.132.203/free/confirm/secure/free,1
https://apple.in/index/index?id=6542,0
https://linkedin.io/api/page/auth,0
https://spotify.edu/settings/profile,0
https://quora.net/?id=7779,0
http://confirm-qcsxh9.top/login/verify,1
https://netflix.co/api/dashboard,0
http://218.236.174.129/secure/bank/service,1
https://docs.amazon.in/page?id=4649,0
https://docs.apple.io/page/checkout/api,0
http://instagramr.ml/paypal/support,1
https://api.microsoft.edu/v1/settings,0
https://api.reddit.edu/checkout/signin,0
https://slack.com/checkout,0
https://api.dropbox.net/reset,0
http://google-yggvv0.com/login/verify/update/55ajd2gf,1
https://netflix.com/v1,0
https://api.youtube.net/signin,0
http://prize-0m0nx8sy.ga/login/verify,1
https://linkedin.org/settings/auth,0
http://bank-eexggno.gq/login/verify,1
https://app.linkedin.co/v1/v1,0
https://instagram.net/dashboard/index/auth,0
http://paypal-msvkcs.click/login/verify/update/07keg9ee0205y7,1
https://netflix.com/,0
https://api.zoom.io/auth?id=5603,0
http://login-lcg8yos.cf/login/verify,1
http://180.94.70.189/prize/verify,1
https://linkedin.com/dashboard/dashboard/profile,0
https://wikipedia.com/settings,0
http://microsoft-ea1s9a29.com/login/verify/update/kdyqhabj00,1
http://login-2ecj4kqhbdpue.ml/login/verify,1
https://amazon.org/,0
https://github.co/?id=234,0
http://82kfs0.z8sq8mn3.qornn6kk.zcyq.v2z7zikg.xyz/nmymmfzn/xvuzjmnig4ph/oyoygzh/upcam5,1
https://mail.amazon.org/,0
http://paypal-66yniro.cf/login/verify/update/qg5wtbul0,1
http://microsoft-89bo7z.gq/login/verify/update/7d702erdatftt0z5,1
http://178.142.107.204/verify/login/login,1
https://docs.twitter.com/v1,0
http://free-0tyi7uxgdhmu8e.cf/login/verify,1
https://mail.netflix.edu/checkout/index/api,0
https://facebook.com/,0
https://docs.spotify.co/,0
https://medium.edu/,0
https://api.spotify.co/auth/index/signin?id=7556,0
http://amazon-rcfv.click/login/verify/update/4uhac2f6rav4w,1
https://mail.stackoverflow.net/api,0
https://zoom.edu/page/api?id=1847,0
https://www.github.org/signin/api/reset,0
http://231.62.150.92/secure/service/bank,1
https://apple.edu/settings,0
http://twi-tter.top/prize/support/prize,1
https://reddit.io/signin?id=7463,0
http://bank-55xkurk0a.xyz/login/verify,1
http://prize-gtlu11pjvgdx.ml/login/verify,1
https://dropbox.in/api/settings?id=7543,0
https://api.facebook.com/settings/checkout/page,0
http://45.159.68.13/confirm/account/update/support,1
https://reddit.io/auth/v1/profile?id=6100,0
https://app.dropbox.co/reset/page,0
https://mail.instagram.co/signin,0
https://mail.linkedin.in/auth/api,0
http://login-8ghywj36.ga/login/verify,1
https://instagram.net/checkout/verify/reset,0
http://inst-agram.click/account/account,1
http://update-4td5r.ml/login/verify,1
http://dropbox-login.click/support/login/verify,1
https://instagram.com/?id=7618,0
https://facebook.co/dashboard,0
https://twitter.io/v1/v1/auth,0
https://spotify.org/?id=8432,0
https://linkedin.com/,0
http://apple-ly3o.click/login/verify/update/h1vpe7kbyya,1
https://facebook.com/dashboard/verify,0
https://quora.net/,0
https://wikipedia.co/,0
https://mail.netflix.in/signin/api/dashboard,0
http://login-4cxofk382wcz.xyz/login/verify,1
https://dropbox.edu/reset,0
https://apple.net/?id=2331,0
https://mail.quora.io/,0
https://reddit.in/,0
https://slack.co/,0
http://link-edin.ga/account/account,1
https://linkedin.edu/verify/api/v1,0
http://account-7rsrrld0ef.gq/login/verify,1
https://zoom.com/settings/page/api?id=8156,0
https://wikipedia.edu/signin,0
https://twitter.in/profile,0
http://spotifye.top/support,1
https://app.medium.io/dashboard/page/settings,0
https://spotify.co/signin/page/index?id=1908,0
https://app.amazon.net/signin/settings?id=7550,0
https://www.youtube.net/,0
https://148.193.125.143/paypal/login,1
https://twitter.edu/api/checkout?id=1638,0
https://wikipedia.com/verify/api/profile,0
http://ym0m1.o2u4wc8nb.mbl07.eykm1uz0.ml/dd3min1c26/oglgfzix3p0/ws9sv/6j5ohyrozuv7nd,1
http://amazon-b17.gq/login/verify/update/js2bfg9hsj602srwac,1
http://mediumu1.xyz/support,1
https://227.150.54.4/account/bank/update/login,1
http://j52bata.o3fageg.clotu5l.gq/k7sk6/hh702/aij3rq/kx966re4pb/btqyshkmmiern,1
https://github.in/verify/verify/dashboard,0
https://github.com/?id=5058,0
https://medium.org/,0
https://twitter.in/checkout/checkout/v1,0
https://spotify.edu/profile/dashboard/verify?id=5154,0
https://41.202.132.180/verify/update/free,1
https://zoom.co/v1?id=8515,0
https://mail.dropbox.edu/,0
http://bank-diqtn2m9.gq/login/verify,1
http://update-82y1xe0jlrh.ml/login/verify,1
https://www.facebook.edu/,0
https://www.medium.org/checkout/checkout/checkout,0
http://paypal-9lke.ga/login/verify/update/52g90fd8j3ip,1
https://dropbox.io/,0
https://facebook.in/page,0
https://linkedin.com/,0
https://youtube.edu/,0
https://wikipedia.com/signin/signin/reset,0
http://net-flix.ml/verify/update/update,1
https://app.apple.edu/,0
https://amazon.edu/,0
https://amazon.net/v1,0
https://api.facebook.in/dashboard,0
http://net-flix.gq/bank/bank/support,1
https://amazon.edu/profile/page,0
https://wikipedia.co/dashboard,0
https://docs.quora.io/dashboard/page,0
http://paypal-zov.com/login/verify/update/zuxp5pm5,1
http://paypal-zxwz4f.top/login/verify/update/lqzcox390vbgpx3a0ige,1
https://google.com/page,0
https://www.amazon.net/profile/signin/index?id=2430,0
https://google.co/index,0
http://95.159.199.40/support/paypal/free,1
https://microsoft.edu/auth/verify/index,0
https://reddit.in/api/dashboard,0
http://google-z48c2fax.xyz/login/verify/update/gkk9tpex3,1
https://instagram.com/verify/signin/page,0
http://verify-jx9aqny8vgkjn89.xyz/login/verify,1
https://instagram.in/,0
https://dropbox.net/?id=778,0
https://google.org/index?id=1622,0
http://paypal-31z75v.cf/login/verify/update/csn8asoya4vteo,1
http://lww9kv3etj.33vg9nkg5.7bg4r.gv7pn5z.i5glwqulv.click/gcafg0/4hnogg6gtgnorj/0a17cck/35pqk958/07ey1rc1b7/v37a2ss26q/a69vrq5tw1,1
http://136.152.87.153/paypal/support/support,1
https://instagram.edu/dashboard,0
https://zoom.in/verify/auth?id=1544,0
https://docs.linkedin.io/signin/v1,0
http://32.161.82.32/secure/account/confirm,1
https://dropbox.edu/dashboard?id=7515,0
https://mail.slack.edu/auth/api,0
http://paypal-wi7rp515r72u.cf/login/verify,1
https://app.medium.in/api,0
https://instagram.org/auth/signin/checkout?id=5301,0
https://slack.in/settings/v1/auth,0
https://youtube.org/settings,0
https://facebook.net/profile,0
http://paypal-93dn1gpn.gq/login/verify/update/03orkvdcxnc484,1
http://twitterm.ml/bank/verify,1
https://api.facebook.edu/signin/reset/page,0
https://www.dropbox.edu/,0
https://instagram.org/signin,0
https://github.net/api/profile,0
http://google-ttwei.click/login/verify/update/2kh0bwujd,1
http://free-rjh8tlctl.xyz/login/verify,1
http://google-34i44if.click/login/verify/update/zjf63x12ohwikfl7u,1
http://reddit-login.cf/verify/paypal/support,1
https://wikipedia.com/auth/reset/reset,0
https://twitter.com/profile/settings,0
http://confirm-4dsvi4j.ml/login/verify,1
https://instagram.edu/index,0
http://netflix-login.cf/service/confirm/confirm,1
http://107.92.254.28/verify/support,1
http://confirm-5xycy1.cf/login/verify,1
http://cczdp1hp.wbi0v7i678.zg0lq.vzmw3q0t.click/434dr/wipuiy9n/1hnoy/k2cvtsm0spbacxb/p2dnqqt2zql1/57p402a05k8ba,1
https://quora.net/?id=6555,0
https://slack.net/,0
http://microsoft-emqlqah.ga/login/verify/update/4by4ddlqu2v9po3k,1
https://dropbox.com/?id=2607,0
http://account-tgg2zcqt76p.cf/login/verify,1
https://facebook.edu/dashboard/signin/v1,0
http://gpn6fuj5.b0nwu3yxk.d9mi1p.click/wuzc8g06dzhtqe/ihg9c/eeq0l1d1y9c4/ld30vatrf/lqvrj,1
https://quora.com/checkout?id=5057,0
https://docs.netflix.com/auth?id=3200,0
https://www.spotify.net/page/auth/page?id=2582,0
https://netflix.in/api,0
https://linkedin.edu/,0
https://quora.io/api/auth/page,0
http://187.119.183.100/login/free/login/verify,1
https://mail.reddit.in/,0
http://1czmg.mdp1mje9s.149ailwli.z3tpm8dy.gq/1a7cvu0uvmpx/e05zg/g0xx207u/j3131/dsj474k95wc1y1s/2srxprm,1
https://wikipedia.in/api/auth/checkout,0
https://youtube.in/settings/index/settings?id=4546,0
http://64.111.99.184/bank/bank/account/free,1
https://www.github.com/auth,0
https://slack.edu/reset/api,0
https://194.219.249.95/prize/secure,1
https://www.twitter.com/?id=1773,0
https://reddit.com/verify?id=1712,0
http://201.86.61.38/confirm/service/account,1
http://bank-1e1hzf55lfm7wqa.click/login/verify,1
https://instagram.io/profile?id=4461,0
https://stackoverflow.com/settings?id=5697,0
https://slack.com/v1/profile,0
https://slack.co/,0
https://www.amazon.co/signin/settings?id=5328,0
http://31.239.244.73/bank/verify,1
https://app.spotify.edu/page/settings?id=421,0
https://spotify.co/dashboard/index/signin,0
https://facebook.co/reset?id=3924,0
http://paypal-jk8.com/login/verify/update/5vdb6i84n,1
https://docs.wikipedia.co/checkout,0
https://twitter.co/,0
https://docs.spotify.io/,0
http://google-aruxqi.cf/login/verify/update/1om1qiu3k39ygt8,1
https://facebook.edu/,0
https://docs.quora.com/api,0
http://microsoft-riq6trxm.top/login/verify/update/c9kubfe5kqnbr63o2za,1
https://docs.netflix.org/dashboard,0
http://login-qcc14h.tk/login/verify,1
http://free-715pa7wtrr.ml/login/verify,1
https://stackoverflow.net/,0
https://facebook.io/checkout,0
https://app.spotify.io/?id=720,0
https://app.reddit.com/profile/v1/dashboard,0
https://reddit.org/index/v1/verify,0
https://docs.facebook.org/v1/profile/verify,0
https://github.io/api/index/dashboard,0
https://app.spotify.net/,0
https://google.in/v1?id=554,0
https://google.org/signin/settings/checkout,0
https://spotify.in/dashboard/v1?id=2481,0
https://app.wikipedia.edu/v1/checkout/page?id=5451,0
http://apple-i1y0x.com/login/verify/update/pbbeujrzt9ub6w4dcj,1
https://github.co/profile,0
http://apple-spsvs.cf/login/verify/update/eyxa1uswnf55,1
https://apple.edu/,0
http://ama-zon.xyz/support/confirm,1
https://microsoft.io/,0
https://dropbox.in/checkout/auth,0
https://google.in/,0
http://203.160.157.132/paypal/confirm/service,1
http://apple-u9thzyg.ga/login/verify/update/6elng1pb49n15,1
http://prize-jdybsxhftnf.cf/login/verify,1
http://google-ql65.gq/login/verify/update/nbgo41hg9j3e,1
https://quora.io/verify,0
https://quora.org/v1,0
http://28.56.168.119/verify/verify/bank/prize,1
http://apple-qwy4f8d.top/login/verify/update/az7jwxm204j,1
http://234.118.176.128/verify/service/secure,1
https://reddit.in/settings/v1,0
http://amazon-login.click/free/confirm,1
https://slack.net/page/checkout?id=2170,0
http://6kufu1qr.y3yg0z.mxlni4dsa2.fay0vq2c.b5v6.ml/dmwmt6725k/ultg0g/6u25lm/chbfol5f0mw/nclya5xiaj3edh/oxofb/7522x4xol,1
https://wikipedia.org/checkout/signin/checkout,0
https://api.medium.in/,0
https://app.medium.net/settings/index/checkout?id=6985,0
http://dwkdkxt.qmqodric.rqj2ef.8eo06x.gq/rjwafar/qzmjz4wtw0okhnm/7a5kj3l7y9/u3lysbv3,1
https://www.twitter.co/reset/profile?id=4265,0
https://docs.medium.org/v1/checkout/dashboard,0
http://2fw4.uxhivdm7.1z7oh8.top/dlso3ls7/112tkwttkbm/o4wvp2t102ebt/mz8h1ohk2egr1ll/2kfuj56q/rjh76jr,1
http://confirm-efyylacu.gq/login/verify,1
http://amazonkgk.xyz/paypal/free,1
http://microsoft-8l3eb38j.com/login/verify/update/38gl7c6m,1
http://medium-login.top/paypal,1
https://docs.medium.in/,0
https://instagram.org/signin,0
http://amazon-fpctg.cf/login/verify/update/u53kqyyi2o,1
http://0eowcrzfq0.f8lcddd.ubpgs6iq06.tk/km4mz4vftujs8/ghe91cho09pzdl/z4o72/n9dxqmtq06uqv/c00lotvbdm5vy/qfph6j7sncwkf7a,1
https://5.46.211.23/service/verify,1
https://mail.linkedin.com/checkout/profile/index,0
http://apple-j5zqaz3i.tk/login/verify/update/j5602sr81jc2p9ard,1
https://163.213.220.144/login/service/paypal,1
https://api.reddit.in/profile,0
https://api.apple.in/?id=5083,0
http://login-yuyk19dsxvy.top/login/verify,1
http://xvcblu.gd9v2izl.h6dn.2niizqdc2y.laagjokw.gq/qml2utt4hxk6o/a5k3s97g/l5bvx4dx/qs76f9mi87prr5g/wrgxnevvjzo,1
https://apple.in/v1,0
http://nyzjnevk.gr4t8g3d.333rjn.wll7zfo.sw9m4.gq/r65dsg8zw7gkhm/7roxurnsmpb7z/vt2r2082fy/4pnfk0eop/68x8gn/3xoms2/bm9ro8qmvu,1
https://app.github.io/profile/dashboard,0
https://app.twitter.co/profile/signin/dashboard,0
https://app.facebook.edu/v1,0
https://microsoft.in/settings/checkout?id=2000,0
https://mail.reddit.io/v1/dashboard/verify,0
https://spotify.in/?id=4594,0
http://weuvk.19qu9yx38.fuhej43u.085zd09.0frzxgnm.ml/bw1a5l8z4l2e8gp/qu0owhyk/ujiavf37mvfxu/wegcmlf7orc/81la93w1e9,1
https://spotify.net/reset/signin/auth,0
https://instagram.io/v1/page/v1,0
http://zvka.9bf0z8ml.f11ye.oibizw.ga/d3r3043lq7/7nmcupzf/fyx3wh/if66grfuzo3khe/ejocjgxz7he9/zj694yma99x0roq,1
https://reddit.org/checkout/v1/v1,0
https://google.io/profile/settings,0
http://dr0pb0x.xyz/login/login/secure,1
https://docs.facebook.net/index/settings?id=1623,0
https://mail.quora.io/page,0
http://confirm-iw9ntq5y300.xyz/login/verify,1
https://netflix.edu/api,0
https://twitter.org/checkout,0
https://instagram.org/?id=9436,0
https://spotify.edu/,0
https://twitter.net/reset/auth/reset?id=5834,0
http://ama-zon.cf/update,1
https://twitter.io/dashboard/dashboard,0
http://quoraa7h.gq/confirm/account/support,1
https://app.amazon.org/signin/v1,0
https://amazon.org/page/dashboard/profile?id=45,0
https://twitter.org/checkout/profile/dashboard,0
https://microsoft.net/dashboard/checkout,0
https://instagram.io/?id=5578,0
https://linkedin.edu/signin,0
https://spotify.in/,0
https://spotify.in/signin,0
https://instagram.in/index/api/signin,0
https://docs.quora.co/,0
https://stackoverflow.in/?id=1032,0
https://facebook.com/,0
http://you-tube.cf/support/prize/paypal,1
https://wikipedia.co/profile/settings/settings?id=8320,0
https://slack.net/api/dashboard/verify,0
https://mail.netflix.net/api/index/v1,0
https://microsoft.io/settings/reset/v1,0
https://app.google.com/settings/reset/profile,0
https://spotify.edu/index/checkout,0
https://quora.com/api/checkout,0
http://verify-uh135.ga/login/verify,1
https://medium.edu/checkout/checkout,0
http://z4ot8wyvh.iot8c7798.3zlx.spzw.tk/3wj94vbw85l8c7/xqahoyh5mo/6g625ctn1d,1
https://185.122.136.99/confirm/bank/update/verify,1
http://secure-1au1c3ar6ox9.cf/login/verify,1
http://lgew17ybi7.5lsjj85g.j05gzv.lx25p.famfl.tk/0cxo75ua6kcvjxg/9aazq/cjb5pzj93ieg9a0/ymj681ph68lo/0uuq0/1yiwkapm,1
https://slack.co/verify/verify/profile,0
http://facebook-login.click/free/bank/paypal,1
https://spotify.in/?id=4163,0
https://130.236.38.60/service/secure,1
http://github-login.cf/support,1
https://amazon.co/signin,0
https://reddit.in/auth/api/settings,0
https://docs.dropbox.org/verify/page,0
https://docs.github.io/dashboard,0
http://apple-jo1cp.tk/login/verify/update/sdy0l0dxqzr,1
https://app.stackoverflow.net/,0
https://youtube.io/dashboard,0
http://micr0s0ft.xyz/confirm/update,1
https://spotify.net/,0
https://www.stackoverflow.edu/auth/page,0
http://flpiv6zg.5xse3y3yi.xoz3k2.i2oqpvky3b.iex0.xyz/3otyivm1n3el8/aat77x1kh8ppf/kht56f1h/bv6ufgf/hx01es,1
http://net-flix.top/secure,1
https://twitter.com/settings/verify/checkout,0
http://amaz0n.top/confirm,1
https://stackoverflow.net/profile/signin/settings,0
https://spotify.org/checkout/reset/settings?id=1903,0
https://mail.quora.co/page,0
http://zgxprh0.4rbwv.rocw.click/dzsjvfapgx8ndo/wsn09vkd5x7cb/th8c544alrx/2ywc3q3s,1
https://docs.quora.edu/,0
http://microsoft-v2l1.com/login/verify/update/jz9kfd0xecgxvl,1
https://amazon.org/api/auth,0
http://jwgloghg.dg3r3g.wg27ry0.lwqgxg.gq/1wjp7yben/f1ifq8lr7aor/rat9ypt6gw/6ehqr04dbeq52pa/ig3odf8/eh3s34,1
https://github.in/reset/v1/api?id=9006,0
https://www.netflix.org/v1?id=6403,0
https://zoom.org/,0
https://slack.co/api/page,0
https://instagram.com/?id=6550,0
https://stackoverflow.edu/api/auth,0
https://docs.quora.in/,0
https://zoom.in/checkout/checkout/settings,0
https://linkedin.org/,0
http://kvcws.m9cvyt1c.rtei2qlz6.tk/rqxveas3o8/fykv7nitp/qq7k879hs6wbh2/g2438ydqjars54/va8q7/a0ldpktz1h,1
http://paypal-9l78f9tphveeks.click/login/verify,1
https://slack.io/api/verify/auth,0
https://amazon.co/auth/verify,0
https://facebook.com/v1/v1/verify,0
https://api.instagram.edu/checkout,0
http://service-9rfwj.click/login/verify,1
https://linkedin.in/reset/verify/dashboard,0
https://app.spotify.net/page,0
https://linkedin.io/reset/index/profile?id=8974,0
https://spotify.co/auth/page?id=9809,0
http://update-0iqedn2k.cf/login/verify,1
https://app.apple.net/auth/reset,0
https://slack.edu/,0
https://medium.org/verify/checkout,0
http://twitters.xyz/free/bank,1
http://secure-x241iz.tk/login/verify,1
https://spotify.net/page/dashboard/v1,0
https://apple.in/,0
https://spotify.net/auth/index,0
https://medium.net/settings/checkout,0
https://stackoverflow.com/page/api,0
http://paypal-dghah.ga/login/verify,1
https://linkedin.net/reset/dashboard/index?id=2614,0
https://linkedin.com/auth?id=1362,0
http://facebook-login.ga/secure/account/paypal,1
https://docs.twitter.in/?id=4517,0
http://amazon-jo1.top/login/verify/update/gn3l1nad,1
https://microsoft.io/auth/index/dashboard,0
http://github-login.gq/login/account/login,1
https://app.reddit.org/,0
https://microsoft.co/,0
https://apple.co/api,0
https://github.co/api,0
https://slack.io/,0
http://apple1qp.tk/login,1
http://9g52c340.2itksjewf.ruo4jfx611.ml/9ro6vqzorhc/n76a8jsk8b/o1b3efe/ldxyz6uwlu/6fl3rpga1cjnofp/8y66sk/cay59dwpkv6m,1
http://wmp3hq3q8.xyby.6q4jfy37r.00uswob8t1.op6l.click/2cebwzzg/el54vqtth7w1m2/kryv82ugl9x5/555zkrepk8kw7qj/hzcxcb,1
https://dropbox.net/,0
https://app.youtube.net/dashboard/verify,0
http://w6hpoznl04.3d47dtr.hbipvleohx.ga/runockc3f/4vuf2kvf3y/avih7psh/46s0x1dlwt1ak4i/fc58pb9g83,1
https://mail.apple.edu/,0
https://twitter.in/reset/verify/signin,0
https://stackoverflow.com/dashboard/verify/profile?id=5544,0
https://mail.quora.org/settings,0
https://youtube.com/checkout/profile,0
https://amazon.com/?id=3130,0
https://apple.in/verify/profile/auth,0
https://227.164.187.204/confirm/confirm/prize,1
https://netflix.org/v1,0
http://google-oo2wwav.click/login/verify/update/5156m1icq75iateuedhy,1
http://67dy5l.lzu9r.qpql0d8al.gq/79dkcjli/7vrfyoar4/y6j2s10s/48nfi0q9dxpqcc8/ptf6038/3zo58l,1
https://github.org/reset/profile/index?id=5745,0
https://zoom.org/v1,0
https://stackoverflow.io/dashboard/profile/dashboard,0
http://login-5a09g.top/login/verify,1
https://docs.medium.net/reset/index,0
http://wuhmvgxe.zjkk3.bmqwjm2.9d9pf1.cf/4l5y2svx69pbhm/lgn81/xaq16xfud6j9/i4dth09i/x3zdat1x11e53up/l5ycz9q0v8gc/moz6ons1x6,1
https://www.github.edu/,0
https://youtube.net/profile,0
http://amazon-7yrthzu0.org/login/verify/update/qa09k89ja,1
https://mail.amazon.org/verify/checkout/auth?id=6269,0
https://github.org/auth/verify/reset,0
https://linkedin.org/verify/profile/dashboard,0
http://qzrg8l.aypo.ctwor8.to5lly7h.ml/y7n9f/aixrr1b9x8fq3/hjpz4h8/jl0szo/r20tu2ovw/xnumsz96/psn34tgbvm4a,1
https://180.14.161.19/service/confirm/support,1
http://microsoft-5j1olrx2.org/login/verify/update/kzsr35wlmuu2,1
https://linkedin.in/,0
https://app.quora.co/,0
https://medium.co/api/verify/checkout,0
https://github.edu/signin/checkout,0
http://5t9nska8s.659xggenz.amwtgfi1j.xyz/y3zlmdafb0r/26ctdrhvvs1bi8/z7g3yi0a6h/5s9vz/i8god1i,1
https://app.amazon.in/index/api,0
https://quora.net/page,0
http://qu0ra.click/account/support/free,1
http://paypal-ar7z9.gq/login/verify/update/0kn10vux,1
http://login-m5ouchf.gq/login/verify,1
http://2ard.h08yn4e.jpde.tfkqc.9zx7tqt.top/dr983ru5e/w30onu7zy4fdx/4sk2ercku3sy8l/es02lsir2cw3xd/1pmhyb3cw23ku,1
https://dropbox.net/api,0
http://195.249.110.190/free/verify/paypal,1
http://med-ium.top/bank,1
http://update-d21s1rn.ga/login/verify,1
http://login-pjsavq8ie.tk/login/verify,1
https://twitter.net/reset,0
https://api.twitter.edu/signin?id=9822,0
https://mail.github.edu/,0
http://microsoft-ts8xt1.com/login/verify/update/xtxfy5qqeqitb,1
https://reddit.org/,0
http://84.149.242.203/free/service,1
https://app.spotify.com/?id=635,0
https://docs.google.org/auth/signin,0
http://203.104.82.202/bank/bank/paypal/secure,1
https://spotify.io/,0
http://account-dp6irp.top/login/verify,1
http://verify-2reljq5d4zlr.top/login/verify,1
http://red-dit.top/login/confirm/bank,1
https://facebook.org/api/checkout,0
https://netflix.io/reset/checkout/auth,0
https://quora.io/checkout/auth/v1,0
https://spotify.net/page,0
https://medium.io/index/reset,0
http://mlqili3fy.j129kuz.dowfg.tk/i313h88z/kt47l1c/emlas2ypq/eacx2odaox4/jkr71pxl/g9qd6s,1
https://instagram.in/v1/auth,0
http://apple-x7huh1.org/login/verify/update/odzo95di81i,1
https://240.223.130.233/prize/prize,1
https://quora.net/api,0
http://paypal-e390r.cf/login/verify/update/9pei7794,1
https://quora.in/,0
https://microsoft.net/settings/profile/v1,0
https://youtube.edu/reset/index,0
https://api.github.edu/verify/index,0
http://wikipediat.ml/service/secure/support,1
http://457v2hv.wblul4i.5ixh1r95u2.w6idp.hpbsxp.ga/r5icx/k1p2ldzdkb4cy/ae49cl/kn0rh6d3t30y,1
https://spotify.co/dashboard,0
https://medium.edu/v1,0
http://spotify-login.tk/prize/prize,1
https://instagram.edu/v1/api,0
https://www.twitter.edu/dashboard/v1/settings,0
https://facebook.net/profile,0
https://microsoft.org/settings/profile/checkout,0
https://www.dropbox.edu/profile,0
https://mail.wikipedia.edu/settings,0
https://microsoft.co/index,0
https://linkedin.io/api/auth/v1,0
https://microsoft.co/settings/reset/checkout,0
http://apple-k5nx.click/login/verify/update/4qyiv8q1aim514hh7w,1
https://instagram.org/reset,0
https://quora.edu/checkout/dashboard/checkout,0
http://update-s9km1om6h5.gq/login/verify,1
http://microsoft3e.xyz/paypal/free,1
https://app.medium.co/index/api,0
https://youtube.com/index/verify/reset,0
http://account-wklmpij2i6x8km.click/login/verify,1
https://mail.slack.in/verify,0
http://twitter-login.gq/bank,1
https://google.net/auth,0
https://reddit.in/?id=1464,0
https://stackoverflow.net/page,0
https://medium.in/verify,0
https://medium.edu/settings/api,0
https://docs.dropbox.net/index/auth?id=9325,0
https://mail.amazon.edu/auth/profile,0
https://wikipedia.net/verify,0
http://paypal-ay3sxo8x.cf/login/verify/update/nvhpqe8r,1
https://dropbox.net/api?id=7098,0
https://api.instagram.co/auth/settings/auth,0
https://docs.netflix.org/?id=3496,0
https://github.edu/settings/verify/profile,0
https://www.reddit.edu/page/profile,0
https://facebook.io/api/page/profile,0
https://github.in/settings/reset,0
https://medium.org/,0
http://login-h8xcq.cf/login/verify,1
http://fanx.ri0s9.ijiqtg.junyq1n.m7cdoth.ml/1vi1a9/bz4s4/cfgyyavtmuw6i/5k924nyz/i6w8t6833v/oytgp/wuatsf5a,1
http://login-yjma8nuate5ab4.click/login/verify,1
https://linkedin.io/reset,0
https://zoom.org/api/index/settings,0
https://app.netflix.co/dashboard/reset/signin,0
http://linkedin2.top/account/verify/support,1
https://amazon.io/dashboard/checkout,0
https://www.quora.io/checkout/api?id=8227,0
https://www.dropbox.edu/v1/signin,0
https://www.twitter.com/index?id=8922,0
https://docs.google.co/auth/settings?id=9942,0
https://amazon.edu/checkout/api/profile,0
http://b0v7.zpfwhfv.5qqwm5vgv.fnpciu33.5wcacgc.cf/d4bn4b4/vj36sya5yqnmb55/fycrcex7x917p9,1
https://quora.net/settings/verify,0
http://qeb9i9eo.y106.6hd94j.h3n8.xyz/ddbkokw3a6wrjq/o0iu26fy8q0/ylybac2n7v9oji8/qry8pypxl8i5sv/slrez0,1
http://862cen.15rmbyt.ke2rh0b8zw.pksp5lbv.ml/eurehuems2bz/e5be68so8havqp/cfc3k,1
https://api.github.net/,0
https://www.apple.io/reset/index?id=929,0
https://facebook.net/,0
http://google-otmt4r.com/login/verify/update/1dxi55u09hs2sev,1
https://mail.github.org/,0
https://youtube.io/dashboard/profile/dashboard?id=8220,0
https://app.reddit.org/,0
http://account-v5offflby.cf/login/verify,1
https://app.twitter.io/index/checkout/profile,0
http://trdkvn1d.wmtesuen9.ex22bf7lv.cf/fcmw8/iwd7h7fg9ecqsa/idj5awq30/og6e7c5bpqled/prtip823tvw9/aushe2r2o4/c6xxm06syf6ywq,1
https://mail.dropbox.net/dashboard,0
http://stack0verfl0w.cf/paypal/update/support,1
http://paypal-q564fi59plc00.tk/login/verify,1
http://mediums.tk/prize/confirm/free,1
http://amazon-2era00yu.cf/login/verify/update/t1uwkbtxyvxo,1
https://twitter.com/,0
https://www.reddit.io/checkout,0
http://j3v35.wq92xkov0.76uxtd6.7v3ewminq8.ml/p3mrl76frcf/vg3b5ovh/9thnt8yru4ft/9zmd77pwwoy29/813gdg6ro/ewjyv4w,1
https://spotify.edu/,0
https://slack.io/dashboard/page/verify,0
https://instagram.in/checkout/auth,0
https://linkedin.net/checkout/checkout/index,0
https://dropbox.co/page,0
https://netflix.edu/index/signin/checkout?id=5910,0
http://234.188.114.183/update/login,1
http://update-zcdzkktz.top/login/verify,1
https://app.instagram.io/,0
https://medium.org/auth,0
https://quora.edu/,0
http://goo-gle.ga/secure,1
http://you-tube.click/confirm/secure/service,1
https://docs.twitter.org/,0
https://linkedin.in/v1,0
https://twitter.in/auth/verify/page,0
http://amazonloz.gq/confirm/service,1
https://app.linkedin.in/page,0
https://github.net/page/reset/v1,0
http://zgmmt7j0.9pupq.m6e0a3wo9s.przqk2iq0.vhc85h05.cf/4mom64ywcpbw7/av6yvp3rxew0lj/6p2r0g/0jjk3c2n,1
http://prize-471jd6qkgq1.tk/login/verify,1
http://paypal-cwx63b.top/login/verify/update/klstirr90mhwm,1
https://github.net/,0
https://api.stackoverflow.net/auth/signin,0
http://update-ngr5bt2za.gq/login/verify,1
https://microsoft.org/checkout/settings/checkout?id=5084,0
https://app.medium.org/api/index/api,0
https://medium.co/verify/v1/api,0
https://spotify.co/v1/index/api,0
https://youtube.org/api,0
https://app.apple.edu/page,0
http://230.40.188.100/service/paypal/update/verify,1
https://apple.io/verify,0
https://youtube.org/page/v1/v1,0
http://support-we37s4p.gq/login/verify,1
https://app.apple.com/settings/checkout,0
http://amazon-p0taz.click/login/verify/update/rx1ywk6p9wfxfjv,1
https://microsoft.io/verify/v1,0
https://mail.zoom.edu/profile/profile,0
https://5.71.122.124/login/service/prize,1
http://google-1hkpz.tk/login/verify/update/40izfgmj4rkj1uyf,1
https://slack.net/,0
https://instagram.net/,0
http://178.134.86.87/bank/support,1
https://www.medium.org/auth,0
https://github.com/checkout,0
https://docs.wikipedia.edu/?id=5969,0
https://youtube.net/,0
https://github.com/checkout?id=4039,0
https://dropbox.co/v1/reset/checkout,0
https://slack.io/,0
http://pbae4wuld.kiz02yr3.vuz2e.xyz/wqx23x8bue/8spyp46/u8wpn/6uqdp37v/2eayfw6n9rjlwg,1
https://slack.io/reset/checkout/api,0
http://h0lt.ix79.2w8ph0l.cf/fcxuf6h6cbxur/kkcwawv/3bqtikqnrrh2hz1/thnmqzfqdygq/1f3jnvzjbc/kjln3m3ka0izyq,1
http://support-8f8f5.ga/login/verify,1
https://mail.google.edu/api/settings/page?id=6901,0
https://linkedin.co/checkout/checkout,0
https://docs.zoom.co/verify,0
http://microsoft-login.ga/free,1
https://api.youtube.net/verify/profile,0
https://google.co/,0
https://medium.org/signin,0
http://amazonix.cf/secure/prize,1
http://zoomy.tk/support/service/service,1
https://reddit.io/checkout/checkout/settings,0
http://inst-agram.ml/prize,1
https://15.82.73.8/free/confirm,1
https://apple.io/checkout/dashboard/dashboard,0
https://microsoft.io/index/reset/reset?id=2319,0
https://linkedin.net/profile/v1,0
http://i8d5f1.12ee1i2n7.nr6719wq.k5od3jw.eshgm0r.top/pnqf8q/fu8wl20fug/peoudeg89o1begv,1
http://120.42.91.229/paypal/account/confirm/login,1
https://google.net/signin,0
https://apple.co/,0
http://amazon-keg4.click/login/verify/update/h0u3naxffe8o8h8e4,1
https://docs.slack.org/page,0
http://apple-j1e14.click/login/verify/update/ubwpkibrmhj0qxuap6fl,1
https://netflix.in/v1/index/auth,0
https://microsoft.net/,0
https://app.linkedin.org/checkout/reset/page,0
http://account-3uo70bje0dmq.gq/login/verify,1
https://netflix.net/signin/settings,0
https://slack.com/dashboard,0
http://google-5sobs66a.click/login/verify/update/qftml3ubr1dfit3dm83,1
https://netflix.net/?id=5420,0
http://facebookpu.cf/free,1
https://github.com/page,0
https://youtube.in/reset/v1,0
https://linkedin.edu/signin?id=960,0
https://microsoft.co/signin,0
https://amazon.co/verify/api,0
https://docs.quora.com/page,0
http://qu-ora.gq/account/prize,1
https://slack.edu/reset,0
https://microsoft.edu/?id=4452,0
https://slack.edu/,0
https://app.google.net/index/checkout/settings,0
http://linkedin-login.xyz/prize/support,1
https://mail.microsoft.net/auth,0
http://slack-login.ml/prize/bank,1
https://reddit.co/index/auth,0
http://microsoft-m3yluxzl.gq/login/verify/update/uwaj81ah,1
https://247.234.151.170/verify/paypal,1
http://apple-2htf95.gq/login/verify/update/tdv642ejkvxu9pb,1
http://linkedins.tk/secure,1
https://amazon.com/,0
https://244.217.177.28/prize/confirm/service,1
http://login-2ba5xbcixl77.click/login/verify,1
https://www.spotify.co/checkout,0
https://github.io/,0
https://docs.amazon.edu/index/checkout,0
https://stackoverflow.in/api,0
https://mail.github.com/v1,0
https://twitter.edu/profile/auth/auth,0
https://app.zoom.in/,0
https://netflix.edu/reset,0
https://apple.net/page,0
https://google.co/,0
https://microsoft.co/api/dashboard/dashboard,0
http://co6rwc3.q5gnolhp.7x2p.e3em8ynz.ml/gjoqk7/u4dqtywo6soep5v/5mzqe60egr4fbmk/ubtqpenxdxicir/sxdi6a8j/njjrxa,1
https://app.linkedin.net/,0
https://wikipedia.in/,0
https://instagram.org/auth/reset,0
https://mail.instagram.com/signin/page/auth,0
https://slack.io/page/dashboard/profile,0
http://account-ely6xk8ahwt5.ga/login/verify,1
https://medium.io/,0
https://app.wikipedia.co/dashboard?id=1857,0
https://docs.zoom.co/checkout/page/v1,0
https://facebook.edu/profile/api,0
https://instagram.edu/reset/checkout?id=2816,0
https://apple.net/profile/settings,0
http://prize-9lt79us.tk/login/verify,1
https://quora.com/api/auth/profile,0
https://125.3.188.121/prize/update/verify/login,1
http://confirm-beugyaibcduznj.ml/login/verify,1
https://netflix.io/api/verify,0
http://bank-58wurnpx5kkdz.xyz/login/verify,1
https://docs.medium.co/,0
http://c7fjxr6.g2syqcxrzu.qud5r1.zxjhb8u.tk/5zg6qhqr9wl/w61wgbadh2r4fx/oln0mcpln74el/qk6d54kq0hu6e5/h0z2irgupc5j5,1
https://app.amazon.org/,0
http://261t.7pb1qtr1.p6uerek.wz0cbqccp.adqsdtd.tk/15qyqortwe/lq3s5pblchx/yyn9o,1
http://21.146.111.56/service/login,1
https://linkedin.net/auth,0
https://reddit.org/checkout/checkout/page,0
https://netflix.net/reset,0
http://218.85.52.60/bank/paypal/service/paypal,1
http://paypal-jfdh.click/login/verify/update/u550kv9ww07to,1
https://linkedin.com/page/auth?id=6980,0
http://6zkuvgmto.79y21ndgm.2q9s.ml/btwrzyqjy1zls/nqou3s52vt9/szg79/vi2qmqjyro/0sogpxwkxe3pt2q/zoyot3u,1
http://lwckejfp.w3ty8ec7l0.vd1g7bio.9o640biasi.cf/alzjaa4ke/kdu91ht/u859edg7tgxuist/157pqkdrf5eop,1
http://paypal-t467igizbebj.click/login/verify,1
https://api.dropbox.io/,0
https://stackoverflow.edu/index,0
https://twitter.io/dashboard/api/auth,0
https://docs.stackoverflow.co/reset/signin,0
http://apple-3qx41dsx.click/login/verify/update/ivb0pelzoci1,1
https://252.204.20.54/login/bank/paypal,1
https://www.zoom.com/checkout,0
https://medium.com/reset,0
https://mail.slack.edu/v1/dashboard,0
https://netflix.co/profile/dashboard/signin,0
https://facebook.edu/,0
http://stackoverflow4.top/secure,1
https://app.wikipedia.io/,0
https://youtube.org/index/index,0
https://mail.medium.edu/index/profile,0
https://mail.quora.net/dashboard/page/signin,0
http://bank-t0md57qx21v.cf/login/verify,1
https://medium.com/,0
http://verify-ysufnhbrv3918b.top/login/verify,1
http://login-o1t9p.gq/login/verify,1
https://reddit.org/page?id=9091,0
https://github.net/signin/signin,0
https://171.248.68.74/free/account/account,1
http://microsoft275.gq/free/service,1
http://wiki-pedia.tk/bank/secure/free,1
https://youtube.net/,0
https://github.org/settings/settings/reset,0
https://55.214.83.5/support/free/update/update,1
https://facebook.org/checkout/verify,0
https://youtube.edu/,0
https://medium.edu/api/page,0
https://slack.net/verify/reset/verify?id=5250,0
https://dropbox.io/page/index,0
https://wikipedia.co/v1,0
https://reddit.org/page/auth/profile,0
https://app.quora.com/?id=3517,0
https://netflix.com/profile/auth?id=5579,0
https://zoom.co/v1/signin,0
https://slack.in/settings/page,0
https://103.118.31.1/service/confirm/login/login,1
http://service-0jjz6h19y9.gq/login/verify,1
https://dropbox.com/index/reset/settings?id=6852,0
https://api.twitter.io/v1/settings/auth,0
http://facebook-login.xyz/secure/prize/bank,1
https://wikipedia.co/auth/v1,0
http://spo-tify.tk/prize/support/verify,1
http://google-xgy7a1.com/login/verify/update/5e7zmlvif9j5ddmpz6dz,1
http://22.43.43.36/confirm/free/prize/update,1
https://github.com/dashboard/auth/verify,0
https://amazon.edu/signin/dashboard/api,0
https://app.apple.io/,0
https://github.co/api/index/dashboard,0
https://medium.in/settings,0
https://zoom.net/dashboard,0
https://mail.facebook.io/page/reset/reset,0
https://twitter.edu/auth/page,0
https://netflix.co/,0
https://netflix.co/api/auth/v1,0
https://medium.org/?id=3907,0
https://twitter.in/,0
http://slackivs.gq/free/prize/login,1
https://www.apple.org/verify/signin/page,0
https://linkedin.com/v1/auth/auth,0
http://apple-kvu0r.org/login/verify/update/36ubmb4jwv264nj,1
https://microsoft.org/,0
https://app.wikipedia.io/page/v1,0
http://microsoft-ndvk7pi.click/login/verify/update/ertb3jk2p1qo4g39zkf2,1
https://docs.stackoverflow.com/,0
https://slack.org/api/auth/index?id=2477,0
https://linkedin.edu/settings,0
https://zoom.co/settings/index,0
https://microsoft.net/signin/auth/checkout?id=2570,0
https://app.apple.edu/,0
https://github.com/dashboard/page/reset,0
https://instagram.com/v1/profile,0
http://account-3d3cnk.top/login/verify,1
http://y0utube.click/update/secure,1
https://mail.netflix.co/auth,0
http://micr0s0ft.gq/login,1
https://69.235.237.137/bank/confirm/confirm,1
http://pp31c.x31b.jmsfriqd.fkzkhcbrb.lz9pn.ml/k21dd0f7r36/t9e8slzsktit0e/iym5h0v1rw47ge/f8wc6wpyp/ghcesgvzyfev4/vk5qvpohcm31il/ushcvasum0qt3,1
https://dropbox.org/,0
http://yulz282.xof5.79tl8q0.tk/bb2xxp4i0ny/v860zszfcf1cmmm/4qimn/y4ngx9czzaokglc/z359rau1p1vsa4,1
https://medium.net/api/verify/checkout,0
https://google.net/api?id=7778,0
https://reddit.edu/reset,0
http://google-cb9.gq/login/verify/update/3ss4o2csvtg,1
https://app.spotify.net/,0
https://netflix.in/profile,0
https://reddit.net/verify/page,0
https://slack.net/api,0
https://172.189.30.108/account/account/secure/service,1
https://www.stackoverflow.com/index?id=7585,0
https://google.in/verify/api?id=4682,0
http://wyao5.ug9ulooq7.8ne3do8.jbx1v54s.ga/f5bx0im/nknpjtp7pn1/zg7g68/u15pjwof/l94j7/jknc6gdjopdd9/vvq75f6h9eejgl3,1
https://app.dropbox.org/,0
https://mail.reddit.io/page/profile/dashboard,0
http://microsoft-uyt.com/login/verify/update/9xpn7xk9aluicpdzmts,1
http://confirm-9l869wm.xyz/login/verify,1
https://api.instagram.in/reset/v1,0
https://slack.org/index/page,0
https://quora.in/,0
https://google.org/reset/api,0
https://app.apple.io/,0
https://docs.facebook.in/,0
https://15.25.44.129/paypal/confirm,1
http://account-obv8sl7tgxcf67.tk/login/verify,1
http://account-421l0dui7u.cf/login/verify,1
https://docs.quora.edu/v1/verify/signin,0
https://google.co/dashboard/profile/page,0
https://quora.io/checkout,0
https://netflix.edu/api/v1/index,0
https://apple.io/signin/auth,0
https://google.edu/dashboard,0
https://linkedin.net/profile/reset,0
https://netflix.com/signin,0
http://prize-1b3eo9c.top/login/verify,1
https://mail.dropbox.co/,0
http://microsoft-jun6ysi9.cf/login/verify/update/oeq3gfojfmna6sil,1
http://pbkx.dcodqi.ab6v.l0knn.vio6s4.ml/a7gbvdtcirpi/fofe20z/5yg34li7c1/zsujpxyzad/nx00xamt9/eqjpx2nj2,1
https://29.25.73.192/paypal/prize,1
https://97.20.246.98/prize/support/verify/bank,1
https://linkedin.in/reset/v1/checkout,0
https://docs.github.com/,0
http://209.178.242.140/update/bank/login/verify,1
https://docs.slack.io/,0
https://app.zoom.com/reset,0
http://ybe4euzg.71nrqyfeu.tke88y3bt.b05d03c.09a8l8rw6.xyz/0xblm/t7fhuuf3jkajyps/ncd6togc02z0y3/g27z0ivl/f0sfq2wquj,1
http://amazon-uhy1149y.cf/login/verify/update/l4rzfik4b2ew9gm,1
http://google-yrks7b3o.top/login/verify/update/ds2nqhmw2kpwlx49azq,1
https://www.dropbox.net/auth/verify/profile?id=9939,0
https://dropbox.net/,0
http://amazon-qjqgbkc.cf/login/verify/update/wq25887upwkncgk6sww2,1
http://net-flix.cf/service/update/update,1
https://slack.com/index/api/reset?id=7087,0
https://app.dropbox.io/verify/profile/profile?id=2322,0
https://zoom.net/,0
http://he6y.g66252vbi2.j1lv.xyz/w7pjujkuy740/5kz9669mnae3r/l7npk6ojc/kp3a7s79djqpu1h/3b4ywupdhf/099xf6bpi/ej3g2bt,1
http://secure-z6zvc.click/login/verify,1
https://youtube.io/,0
http://net-flix.ml/login,1
https://wikipedia.com/profile?id=2604,0
https://github.net/,0
https://medium.org/profile/reset/verify,0
https://slack.edu/profile/reset/checkout?id=1433,0
https://wikipedia.org/v1/api,0
http://apple-28tu76sh.top/login/verify/update/tgmjhtqkp5zi8c4g,1
https://quora.net/auth/signin/checkout,0
https://instagram.com/page/verify/index?id=8119,0
https://youtube.com/checkout/checkout?id=428,0
https://twitter.co/dashboard/checkout?id=8082,0
http://201.122.219.35/prize/login/support,1
http://update-w454qv83zf75y.ga/login/verify,1
https://facebook.edu/signin/settings/reset?id=3824,0
http://microsoft-1m7fdef.gq/login/verify/update/cwhskj1t12hsuridy7i,1
https://amazon.org/settings/index,0
http://9jr3hm4fgu.1uux00m21.2v931w6d.ga/alm72i4g/b6grhl3i1d/qkbwvzl5iez/26xy42ek5ht/hbuofe/cp8i8s7jjt/fb6c9,1
https://linkedin.in/profile/checkout,0
http://13.205.59.78/bank/free,1
http://tcaw.c7q0wkozk.heqwb0ugz3.kqjpoot.cf/8n34jf0k9j/u9wu5qqudwy5/np5psuoz3o/m0w77wtitnz0725/edwu6xp5szc8r,1
https://quora.org/page/signin,0
https://wikipedia.com/signin/dashboard/settings,0
https://www.spotify.in/verify/reset/v1,0
https://docs.github.com/checkout/signin,0
https://wikipedia.io/,0
http://62jjlccm40.08iffzspw.p2tu16.zj7i9.jgpz54.ga/vohdhwp7vwegz1d/5i9zk/o8i6kvfu/bxzytb86qva/3fn96fzx6/77xbhy353gxi/87vsul,1
http://30.11.176.222/support/secure/bank,1
https://quora.io/,0
http://190.60.153.36/paypal/support/bank,1
https://google.io/api/index,0
http://linkedin8.click/support/service,1
http://112.238.228.224/update/prize/confirm,1
https://medium.in/profile/profile/v1,0
https://apple.in/api/verify,0
https://docs.wikipedia.org/auth,0
https://docs.apple.in/v1,0
https://dropbox.edu/settings/dashboard/api,0
https://www.medium.co/,0
https://slack.co/auth/reset?id=4324,0
https://mail.quora.in/signin/v1/auth,0
http://i4brezwln.m8o8soh.mw43bky2vs.2jvx.top/9hmx4/qxj4tpnc3rf/8sz8lhju/24g77/3ynx41ys/75yv1rgk,1
https://linkedin.org/verify/signin/auth,0
http://129.55.55.203/verify/confirm,1
https://mail.stackoverflow.edu/auth,0
https://55.51.212.35/support/secure/free,1
http://apple-lnth0u8.click/login/verify/update/ol7h3c32,1
https://157.116.105.131/bank/support,1
https://dropbox.co/,0
https://api.instagram.in/,0
https://www.medium.com/reset/dashboard,0
https://facebook.edu/?id=9352,0
https://dropbox.co/reset/api/v1,0
https://reddit.io/dashboard/auth,0
http://118.131.250.46/confirm/bank/support,1
https://youtube.com/,0
https://www.zoom.org/,0
https://slack.net/checkout,0
https://microsoft.edu/auth,0
https://www.apple.edu/,0
https://docs.wikipedia.co/page,0
https://spotify.com/profile,0
https://microsoft.org/?id=3776,0
http://paypal-s18vdh.cf/login/verify,1
https://app.zoom.org/settings/auth/v1,0
https://api.github.co/profile/api/page,0
https://mail.zoom.co/?id=5634,0
https://reddit.in/index/signin/reset,0
http://support-muwgq13exg760.xyz/login/verify,1
https://youtube.org/signin?id=4641,0
http://confirm-sxt442.cf/login/verify,1
http://login-b7ydp5onogg.top/login/verify,1
https://wikipedia.org/api,0
http://facebook-login.tk/secure,1
http://microsoftm.click/free/update/prize,1
http://apple-4me9.ml/login/verify/update/m2n3y8grhg79j,1
https://github.com/auth/settings/profile,0
https://reddit.com/page/api?id=2557,0
https://google.edu/checkout/page,0
https://linkedin.net/,0
http://amazon-hd5.top/login/verify/update/833qs4qb23vk6scvr3,1
https://reddit.net/v1/page,0
http://paypal-4u9avww.tk/login/verify/update/8qwt1rgtxpm1g,1
http://dropboxxdc.gq/support/account,1
http://mediums.tk/secure,1
http://amazon-c4lo.xyz/login/verify/update/n8pxqrqpux79,1
https://apple.net/index/v1,0
https://api.amazon.net/reset,0
https://stackoverflow.org/,0
https://google.edu/page,0
https://youtube.org/checkout,0
https://dropbox.io/api,0
http://twitters.xyz/free/support/confirm,1
http://wikipediay.gq/secure/prize/free,1
http://amazon-bybrgdj1.top/login/verify/update/p6ju0u05e8v,1
https://www.netflix.in/page/checkout/auth,0
https://app.quora.in/checkout/checkout,0
http://face-book.ml/paypal,1
https://quora.io/,0
http://106.250.120.229/login/confirm,1
http://microsoft-88tw.org/login/verify/update/8wdjkilq5wo1e,1
https://github.org/v1/checkout/profile?id=1804,0
https://reddit.co/api/dashboard/dashboard,0
https://apple.org/index/reset,0
https://facebook.edu/auth/reset/signin,0
https://zoom.com/?id=7145,0
https://dropbox.net/settings,0
https://twitter.com/,0
https://apple.org/,0
https://zoom.com/,0
https://medium.net/?id=452,0
http://mediums.click/verify/login,1
https://apple.com/signin/settings/reset,0
http://githubs.gq/login/confirm/free,1
https://www.instagram.net/api?id=1363,0
http://173.33.149.70/update/free,1
https://docs.slack.com/settings/page/page,0
https://github.com/verify,0
https://medium.com/page/auth/page?id=6901,0
https://quora.edu/settings/index,0
https://mail.zoom.org/dashboard,0
https://google.io/v1/auth/reset,0
https://github.net/dashboard,0
https://mail.dropbox.io/page/index/settings,0
https://apple.net/verify/index?id=8768,0
https://instagram.com/,0
https://slack.org/?id=1213,0
https://twitter.io/verify/index/dashboard?id=8510,0
http://netflixs.click/confirm,1
http://3th6zhrn.ruwdjkt.a4be7d.ga/czap8/p64vtf8/c5mnhsnk89c/mp10jrhgvi221/6zobl6oa6/1nlftupl/t6b7z63a,1
https://quora.in/,0
http://95.21.244.226/login/bank,1
http://38.202.223.90/verify/paypal/verify,1
https://docs.linkedin.com/?id=1690,0
http://93.194.139.123/bank/service/confirm/paypal,1
https://apple.co/profile,0
http://gv3i.0wlm6.p7i0o873wi.top/5p5y3/8h9yrjadz/o5o1wc5tn8ixdlx/n4j69/8ryl1ixtze01gs,1
https://youtube.net/api/reset/auth?id=8663,0
https://docs.quora.io/dashboard/dashboard/v1,0
http://confirm-xt6dpyaxc57y.ga/login/verify,1
https://instagram.co/api/v1/signin?id=1432,0
http://facebookh.gq/account,1
https://quora.io/profile/settings/api,0
http://free-43aah7p0ds2c.ga/login/verify,1
http://google-3lob.tk/login/verify/update/187drlujuyqfnr,1
https://app.github.com/verify/index,0
https://facebook.edu/dashboard/v1/signin,0
https://app.facebook.in/api/dashboard,0
https://github.com/v1,0
http://microsoft-8sh.click/login/verify/update/wgmufj0z1p1ca,1
https://amazon.io/signin,0
https://63.195.114.140/login/secure/service/prize,1
http://vq6x.2562o07dru.tbvuf5fma.xyz/3vlzdspl6u9i/htj51jh6m82/ecfp8rkwk20i/iru9a02/sxa9wm3kg8ku/3xc6v4l/l0mxihogxpxg1,1
https://microsoft.net/index/profile,0
http://bank-alxbtp7mr2n38.tk/login/verify,1
https://mail.github.io/,0
https://google.org/checkout,0
http://66.9.201.25/update/verify,1
https://zoom.net/verify/verify,0
https://apple.net/?id=1309,0
https://docs.google.org/auth/signin?id=7102,0
https://253.21.142.243/prize/login/free/secure,1
https://medium.io/dashboard,0
https://youtube.in/profile/verify/auth?id=2748,0
https://medium.io/index/v1,0
https://github.net/?id=1462,0
https://wikipedia.edu/signin/verify/api,0
https://twitter.org/,0
https://netflix.com/dashboard/auth/signin,0
https://126.129.108.220/secure/account/update,1
https://dropbox.org/verify/checkout/v1,0
https://slack.net/signin/signin?id=731,0
https://medium.edu/verify/page,0
https://quora.net/index/reset?id=9058,0
http://confirm-vegt1m.ml/login/verify,1
https://www.linkedin.org/,0
https://medium.net/profile,0
https://api.dropbox.edu/index/page/auth,0
http://175.189.194.63/support/secure,1
https://zoom.net/signin,0
https://wikipedia.co/index/index/verify,0
https://app.apple.com/profile/auth,0
http://github-login.xyz/bank/service/paypal,1
https://slack.in/signin,0
https://docs.dropbox.in/,0
https://quora.in/auth/auth/page,0
https://221.247.118.139/free/prize/secure/bank,1
https://dropbox.edu/profile/dashboard,0
https://wikipedia.co/v1/verify/settings,0
http://202.189.66.69/verify/confirm/service,1
https://netflix.org/v1/v1,0
https://microsoft.edu/page/checkout/signin,0
http://microsoft-cmk.ml/login/verify/update/ximvrjl3ssjagkd9u,1
https://medium.co/api/signin/auth,0
https://twitter.io/verify/api/auth,0
http://paypal-dj8.gq/login/verify/update/prjuookt7vrpeasj,1
http://microsoft-rsprp4.com/login/verify/update/1p98x83k7,1
https://www.twitter.com/signin/index,0
https://dropbox.com/?id=1879,0
https://dropbox.com/,0
https://docs.reddit.com/api/page/profile,0
https://zoom.co/dashboard/profile,0
http://4mdmib8l.dnuh.1cns.f9tajm.k9q2c2j.gq/dl4baqyen/juy8cr96/f7z41/muz4p4m3/ld2ek3i1v,1
https://amazon.edu/,0
http://amazon-kk0bh.ml/login/verify/update/twom4na068oedtv,1
https://amazon.edu/page/index/index,0
https://youtube.edu/dashboard/reset/api,0
https://linkedin.in/page,0
http://service-oi5zod9t0.gq/login/verify,1
https://amazon.com/v1/signin/checkout,0
https://app.google.net/,0
https://mail.zoom.io/auth/api/v1,0
https://twitter.edu/reset,0
https://app.reddit.in/index?id=675,0
http://apple-qavo.cf/login/verify/update/jzwq7vdge4sdvc,1
https://instagram.com/profile,0
https://linkedin.net/?id=3473,0
http://google-i10gnk5.ga/login/verify/update/f8fxibn43094frntkdf,1
https://linkedin.co/dashboard,0
http://microsoft-w5r8x1.cf/login/verify/update/ezw6zvtbre5k,1
https://api.google.edu/reset,0
https://medium.co/api,0
https://github.in/,0
https://mail.google.in/verify/api?id=8777,0
https://215.146.53.254/account/login,1
http://account-vcnb56fy7kgv.top/login/verify,1
http://secure-8phceu4nst.cf/login/verify,1
https://instagram.com/page/dashboard?id=7009,0
https://microsoft.co/settings?id=9394,0
http://paypal-tfkyj4d.com/login/verify/update/x8e6khu5e7i5jl8rwl4,1
https://microsoft.org/v1/api,0
https://twitter.net/reset,0
https://slack.io/?id=4369,0
https://docs.twitter.co/api/profile,0
http://prize-bt9hyo37.cf/login/verify,1
https://netflix.edu/profile,0
https://zoom.io/,0
http://2j05r.rvqyzeix.gths.gq/yqy8bpn2bjb0mbn/972ww/pgas67alywy4/jb6wbdwwlx21/724wrg0itu1cjq,1
https://dropbox.io/,0
http://netflixs.tk/account/support/support,1
http://amazon-pq0.ga/login/verify/update/3n5w9j2ko50anc34an,1
https://reddit.com/?id=4891,0
https://medium.io/reset/auth/verify,0
http://244.225.227.244/service/bank,1
https://facebook.net/reset/page/profile,0
https://zoom.edu/,0
https://wikipedia.net/api/auth/settings,0
https://www.microsoft.net/,0
http://apple-vmlg922.org/login/verify/update/x4gq67reag7c98lod6,1
https://app.youtube.io/page,0
http://182.227.89.18/login/support,1
https://netflix.com/,0
https://docs.medium.edu/profile/checkout,0
https://github.com/verify,0
https://api.wikipedia.net/verify,0
https://microsoft.io/api/profile,0
https://facebook.net/api/api/auth?id=770,0
https://zoom.net/api,0
http://account-3isp3awlet.ga/login/verify,1
https://www.zoom.com/dashboard/profile/settings,0
http://dropbox-login.ga/bank/paypal/bank,1
http://z00m.ga/update/account,1
https://instagram.io/,0
https://quora.co/page/checkout?id=2148,0
https://wikipedia.edu/,0
https://app.google.net/,0
https://zoom.io/,0
http://apple-d2ydpbw.cf/login/verify/update/qfrt7xr3aw2,1
https://spotify.net/,0
https://reddit.io/checkout/auth/api,0
http://support-oeski80mli1mt.cf/login/verify,1
https://apple.com/v1,0
https://reddit.com/,0
http://l2it7zu.rx2m5sqbr0.ohiu8n0h8.nhhbq.ni0tlv4m.tk/ij23br15x/nyy5054x83/6066d/3lcojvwk/pnfq4/jtiobdxrkzhveb/85sdwszzg,1
https://105.48.82.16/service/login/paypal,1
https://stackoverflow.edu/signin/reset/checkout,0
http://ypdhpwfp.pwp9liriu.awes8.rntm.p48tam.click/gt9dfccc9i/pplt43ucu1/geiutq146/wuy6cf1b5zek/orn13mtbylydlg/5f08uts6ds1/x32j5iypor,1
http://service-cuwkd.cf/login/verify,1
http://37.116.218.175/prize/paypal/service/login,1
https://apple.edu/v1/checkout,0
http://amazon-5p27zes1.tk/login/verify/update/s0lcdk7r8rf7,1
http://inst-agram.ga/secure/login,1
http://paypal-8ql9xj32.click/login/verify/update/1rqkaq99i16chff2l,1
https://79.200.197.86/paypal/bank/login/prize,1
https://www.reddit.io/,0
https://github.net/,0
https://api.zoom.edu/page/checkout/reset,0
https://dropbox.com/settings/dashboard/reset,0
https://api.facebook.io/signin/signin/signin,0
https://stackoverflow.co/auth/index,0
https://zoom.io/checkout/v1,0
https://spotify.org/index,0
http://secure-1s81c0qovt08eb.tk/login/verify,1
http://kza3r.iiagp.ky2sr2ph7.xyz/37ulffdie/hwdgfo85n8kjqm/7ej5lmu65l891/b2m8m7si46/bos4pofn0sdziod/r82xdugwuay4e4/a3rhzos,1
https://youtube.net/v1,0
http://paypal-lhn.ml/login/verify/update/tweabpevalsvqm1ce9o,1
http://amazon-s6hs9e70.click/login/verify/update/x4vwx561qzrovrusb,1
http://google-0o5tn.ga/login/verify/update/cmyraeb3,1
http://google-d86csiss.org/login/verify/update/mvhxzcgb6llj0rdwu,1
https://twitter.co/reset/api/checkout,0
http://paypal-fhm7va.tk/login/verify/update/etmjc773d75uxixy9,1
https://dropbox.edu/signin/index/page,0
http://paypal-v30h1.gq/login/verify/update/tknxmhuvi,1
https://google.in/dashboard/api?id=1177,0
https://spotify.edu/index/index,0
https://slack.io/,0
https://app.facebook.net/reset/index/api,0
http://amazon-s0y.top/login/verify/update/uyg8foxdg3q3isms,1
https://linkedin.in/signin/index/settings,0
http://163.209.146.175/secure/support/verify/free,1
https://netflix.com/settings?id=8562,0
https://51.189.4.210/paypal/free/prize/bank,1
https://medium.edu/signin,0
http://microsoft-login.xyz/paypal/free/account,1
https://zoom.com/index/profile,0
https://app.slack.edu/reset/page,0
https://medium.in/verify/reset/page,0
https://google.edu/v1/reset/verify,0
https://218.40.167.133/free/free,1
http://free-nukjo3q.xyz/login/verify,1
https://quora.org/page/page/checkout,0
https://instagram.edu/?id=7170,0
https://linkedin.net/signin/profile,0
http://wikipediat.tk/support/account/update,1
http://4hcl.7y9go.ypan7b4s.w3qbkn.tk/2s1ae7nsxqb4q/qzgx3z38bdeb/xd1e0eei0dx0a5p/1tq9hrmi31r,1
https://instagram.org/profile,0
https://twitter.in/auth/auth,0
https://mail.linkedin.net/?id=8977,0
https://api.slack.in/signin/auth,0
https://160.189.27.81/update/update/update/account,1
https://stackoverflow.net/api,0
http://amazon-d9oc2ub.xyz/login/verify/update/xqeblethafkc4,1
http://prize-l67rpdj1rivjwm.top/login/verify,1
https://dropbox.org/index/dashboard/auth,0
https://reddit.edu/page/index,0
http://6erg2iggf.0daf4aese.e4gomlsm0.6fmmmt9iq.ga/ryowaraj/gh7iy0g5iq/pb4p6uq/g2k3rpf/jdjixe,1
http://prize-znszp7ba98xe.click/login/verify,1
https://youtube.co/auth/reset/profile,0
http://qu-ora.top/support/free,1
https://quora.io/index,0
https://stackoverflow.co/signin/verify/checkout?id=5593,0
https://dropbox.org/index/checkout/page?id=4410,0
https://medium.net/auth/index,0
https://youtube.net/api,0
https://quora.com/,0
http://gyv0o.bhft0wqmdt.yvqky.uzpu5dhi.gq/mif0xik82hqgl/2xnk8q0cb/rtunhbzs,1
https://facebook.in/checkout?id=9645,0
http://mediums.gq/update/verify,1
https://quora.net/auth/signin/auth,0
https://linkedin.org/checkout/verify/v1?id=6659,0
http://kcbz.q7olppfhy.sli20e.3n68k.d6f1j9z3.xyz/b6pgu8vvf/6yr8xw62jojz2/rbyu4v/0yy0j3du36zbw/tyabfgdr/eya7cq5xba7/i1stg8sqrg03,1
http://180.9.242.4/bank/free/paypal,1
https://apple.edu/profile/signin/api,0
https://youtube.edu/auth/verify?id=7505,0
https://amazon.com/api?id=4219,0
http://ap-ple.tk/support/service,1
http://9oynxb7whe.26tpx.28ivtd.9lwhjw.gq/npqtlihu5r2g/ftiihqxw6vv0/4mbgkz/uopiu/fa4ezaa2v/s1euvtlf28/k6yn2moh6kou9,1
https://reddit.com/index/signin,0
https://api.microsoft.edu/index/index?id=5298,0
https://www.zoom.net/index?id=9600,0
https://dropbox.com/page/index/checkout,0
http://f1m2tq8.wr9tg9a8.c82i.gq/ylggd4jwzw2h/2f2xjnf/o1bmb5ec/n2f7hb/qx4puzqddsyhrr/gqcvo49znqig01,1
https://reddit.co/profile/dashboard/page?id=2590,0
https://stackoverflow.net/dashboard,0
https://netflix.net/page/signin/auth,0
http://login-4vip97msl9jp1.top/login/verify,1
http://support-cqssee.xyz/login/verify,1
https://api.instagram.edu/,0
http://account-zy2jkxxlgq8f.cf/login/verify,1
https://medium.edu/v1/api?id=9041,0
https://spotify.co/v1,0
https://mail.instagram.org/index,0
https://docs.spotify.io/,0
http://spotify8h.cf/service/free/support,1
https://www.wikipedia.in/v1/signin,0
https://wikipedia.in/profile/page,0
https://google.org/,0
http://update-n2wqk.cf/login/verify,1
https://app.stackoverflow.io/,0
http://239.111.68.151/account/account,1
http://microsoft-yucj.click/login/verify/update/8yb0idz5,1
https://docs.wikipedia.in/settings/page/api,0
http://paypal-6690t6ys.gq/login/verify/update/6cno6va48t5lphnr3,1
https://app.reddit.io/index/auth/page,0
https://reddit.org/,0
http://1u2y.kskya5um7.sjik.xyz/e38q4bpu3anp/ihi76v3grue/lqxspy0ghop/95q9v5kfvn1l,1
https://docs.amazon.org/settings/index/v1,0
https://api.google.com/dashboard/v1/checkout,0
https://amazon.io/,0
https://www.stackoverflow.io/signin/v1,0
https://zoom.net/verify,0
https://linkedin.net/,0
https://apple.in/page,0
https://youtube.co/api?id=3873,0
https://quora.in/signin,0
http://bqa5sn4rn.nxepempo4e.3w2m5076.rf10ztm.7wj3vei.ga/a7zrpw9zbe2d8v/huheu/euhvrddo0udkss0/1eyczjx2gw0i/cmfusydveaqi/xjtqm29w0rric,1
https://apple.net/,0
https://docs.twitter.io/,0
http://goo-gle.top/free/free/confirm,1
https://slack.org/profile/auth,0
https://wikipedia.org/settings,0
https://google.in/,0
https://microsoft.org/page,0
https://dropbox.com/api,0
https://app.zoom.com/v1/settings,0
https://app.amazon.com/index,0
http://service-xtggpn.top/login/verify,1
https://api.microsoft.io/?id=2718,0
http://amazonsaz.xyz/login/account,1
http://service-465lcz.xyz/login/verify,1
https://netflix.in/v1/profile/checkout,0
http://36.178.121.159/bank/secure,1
https://microsoft.edu/signin/profile/signin?id=4087,0
https://apple.edu/index/settings/auth,0
https://app.wikipedia.edu/,0
https://facebook.edu/,0
https://netflix.in/settings/auth/verify,0
https://docs.stackoverflow.co/auth/signin/auth,0
https://apple.edu/,0
https://app.slack.in/index/index?id=6075,0
http://apples.ga/prize,1
http://apple-login.top/prize,1
http://34.226.163.140/prize/account/service/bank,1
https://www.apple.com/verify/signin/reset,0
https://app.wikipedia.com/signin/profile/checkout,0
https://microsoft.io/auth,0
http://microsoft-6te.top/login/verify/update/31g837il2j,1
http://apple-mwf4ixp.org/login/verify/update/9au9fn2ahswk09th9z,1
https://zoom.edu/dashboard/v1?id=3833,0
http://dro-pbox.cf/bank/account,1
http://69.28.62.133/service/prize/support/login,1
http://7cewm.x1qf02.8ebkdva.gq/0leevm/i5s91oipfh6599/bmjgc0/37wqogcic8,1
http://microsoft-4b0sym2s.ga/login/verify/update/i8ovm3uyyvcix5qx,1
http://apple-ouh4juqe.gq/login/verify/update/ly1buvb3amct,1
http://bank-3vqjgd0gw.ga/login/verify,1
https://microsoft.co/,0
https://linkedin.io/reset,0
https://app.youtube.co/page,0
http://z9umkh.n6ba.f5ol2v.nse8yigrb.cf/hg8whu/alk3d/w5c1dl/6cd3f3hrpfx1,1
https://github.org/signin/v1/signin,0
https://twitter.com/verify,0
https://app.medium.co/verify/auth/profile,0
https://facebook.io/verify,0
https://zoom.in/checkout/checkout/settings,0
https://youtube.io/checkout/dashboard?id=9968,0
http://spo-tify.tk/secure/free,1
https://app.instagram.net/,0
http://80s519.j5rlh.nbie.ml/qz01tfh5s5s/xqrlwrpp9wv6/t64hjauy5jit/gkusofjp/8h1cbn2caotv76i,1
http://bank-u1cnb2rxl5rmdwj.click/login/verify,1
http://43r2.wvbeo.5fnxunld.ml/q2prk51p7/3veimw/546zrlcenldpk9b/uz8o3bpma1a7/bdy7m95uz/ullez5bh0hxm2m,1
https://mail.facebook.edu/auth,0
https://spotify.in/checkout/signin,0
https://api.medium.co/,0
https://twitter.co/?id=1790,0
http://amazon-8mq3.gq/login/verify/update/i5dfaycun3bvmykjy8s1,1
https://twitter.edu/checkout,0
https://api.netflix.com/page/page/api,0
http://google-dz66th9.top/login/verify/update/vstwxx9ip0mbl6,1
https://docs.stackoverflow.net/settings/dashboard/verify?id=9152,0
http://service-7kxwdr3ow.click/login/verify,1
https://www.facebook.edu/auth/page,0
http://google-m9a8.tk/login/verify/update/cj7vd52kmdb7vei,1
https://app.microsoft.io/,0
https://mail.facebook.io/auth/index/checkout,0
https://stackoverflow.net/auth,0
http://apple-ydsdma.ml/login/verify/update/yw3gq6bm5viqr0,1
https://stackoverflow.co/page/signin,0
https://google.co/index/v1,0
http://account-bhn7mj.top/login/verify,1
https://app.github.net/reset/index/index,0
https://youtube.co/profile/page/reset?id=3239,0
https://api.youtube.edu/verify/dashboard,0
https://medium.in/?id=4974,0
https://docs.instagram.org/dashboard,0
https://apple.io/settings,0
http://linkedins.gq/secure/update,1
https://youtube.in/auth/profile,0
https://reddit.edu/,0
https://medium.co/settings/auth/index,0
https://dropbox.co/v1,0
http://amazon-vxll8s.gq/login/verify/update/vkbje3u6yg1pcs,1
https://netflix.edu/settings,0
https://youtube.com/?id=8161,0
http://amazon-ibjq4ar.xyz/login/verify/update/dd8da4su3gebc,1
https://spotify.io/verify/reset,0
http://98jq3hws9d.0m76z.hpe709d.ml/g9xofz/y6ci30mwcw8xlt/gzl753/h631mx/efd72/uz5vn7a55xul/tbnqx3o7,1
http://6bs1oa18.ixdcvyv.7t905.ml/5xc0iwgqg3mr4/nr8qs49o2p/yp37b/reflllivpdcp/dbjkzzdz1bbp/wwmuymo1cwdch,1
https://github.edu/settings/profile,0
http://qu-ora.ml/service/paypal,1
https://youtube.in/auth/auth/checkout,0
https://facebook.com/,0
https://app.amazon.org/checkout/page/index,0
https://linkedin.edu/signin/v1?id=8560,0
https://facebook.io/,0
http://paypal-zfcf.ml/login/verify/update/manqmmiff3nd7bq,1
https://medium.in/page/auth,0
https://stackoverflow.in/page?id=4436,0
https://www.zoom.org/page/checkout/v1,0
https://dropbox.io/,0
https://docs.instagram.in/,0
http://service-eogyn9.ga/login/verify,1
https://49.107.133.38/paypal/support,1
https://medium.net/api?id=4087,0
https://spotify.io/v1,0
https://wikipedia.in/dashboard/checkout/page,0
http://amazon2.click/update/service/bank,1
https://youtube.com/settings,0
https://instagram.in/?id=7079,0
https://netflix.co/settings/signin,0
https://api.medium.io/verify,0
https://netflix.org/checkout/index,0
https://dropbox.net/,0
http://wikipedia-login.tk/service/prize/support,1
https://instagram.co/profile/signin/auth,0
https://medium.in/index/settings/reset,0
https://spotify.io/signin,0
http://paypal-6l2u765tcdqqsd.gq/login/verify,1
https://microsoft.co/,0
https://facebook.io/,0
http://free-5oxtjx.top/login/verify,1
https://117.212.163.57/secure/confirm,1
https://wikipedia.com/settings/index/verify?id=8463,0
http://sl-ack.cf/service/update,1
https://www.medium.in/reset,0
http://instagrams.top/service,1
http://apple-6cz.com/login/verify/update/wh9tf613qi1g1qeenfgq,1
https://slack.edu/api/v1/checkout,0
https://mail.microsoft.org/api/auth,0
https://apple.com/auth/dashboard,0
https://www.reddit.in/,0
https://wikipedia.org/,0
https://instagram.co/?id=9911,0
https://docs.google.co/,0
http://medium-login.cf/confirm/service/update,1
https://netflix.com/dashboard/settings?id=1544,0
https://spotify.com/checkout/signin,0
https://medium.com/,0
http://39.26.35.159/update/prize,1
http://sp0tify.tk/free/bank/update,1
https://medium.io/dashboard/reset/auth,0
http://144.25.48.169/account/secure/secure,1
http://u5e04l9usc.q39i72j.iksvvpq.g4d2g3cy76.click/jyaqgnaf/jucs1b05la2/r9p89d8sf40c9/9bowf6eu1ux1kv7/qo27v0oudrgp8/jal01rawqad/ouuvn8d,1
https://google.co/reset/v1/index?id=1038,0
https://reddit.io/,0
https://82.13.80.206/account/update/secure/secure,1
https://docs.zoom.net/v1/verify,0
https://linkedin.net/auth/api/page,0
http://g00gle.cf/bank/verify,1
https://www.linkedin.net/api/checkout,0
https://linkedin.io/reset/profile/reset,0
https://apple.org/page,0
http://wikipedia-login.gq/service,1
https://reddit.io/?id=6029,0
http://update-zgoocpoy6nxkc.tk/login/verify,1
https://reddit.net/,0
http://amazon-login.ml/account,1
https://slack.co/dashboard/dashboard,0
https://mail.apple.in/auth/dashboard/api,0
https://mail.twitter.com/signin,0
http://google-q9ll92.ml/login/verify/update/39yuvj4i7wlg5svph3fb,1
https://app.medium.io/reset,0
http://google-hukwfok0.xyz/login/verify/update/nj2ltbtl3rj,1
https://facebook.co/profile/signin/reset?id=6053,0
https://mail.spotify.com/page/reset,0
https://170.145.205.37/update/login,1
https://mail.apple.net/page/profile,0
https://app.dropbox.net/,0
https://linkedin.org/api/api,0
https://linkedin.org/,0
https://reddit.org/index?id=1950,0
https://twitter.com/settings/checkout/signin,0
https://stackoverflow.edu/profile/verify/index,0
https://docs.netflix.in/page/checkout/index?id=3146,0
https://quora.org/auth/verify/v1,0
http://githubs.cf/confirm,1
https://app.dropbox.com/,0
https://app.wikipedia.net/v1,0
http://apple-ouu19qgw.xyz/login/verify/update/rblvvvftfi2em0w7y,1
https://docs.facebook.io/,0
https://github.co/?id=4178,0
http://verify-kq9bxo1.ga/login/verify,1
https://docs.reddit.in/reset/v1,0
https://apple.org/auth,0
https://zoom.io/page/signin,0
https://mail.apple.net/checkout/reset/api,0
https://linkedin.in/dashboard/v1/settings,0
https://apple.com/,0
https://apple.in/,0
https://youtube.com/auth,0
http://verify-3uwpgtnzv.tk/login/verify,1
https://instagram.in/,0
https://www.microsoft.com/?id=8369,0
https://stackoverflow.edu/,0
http://dx5jp5ryg.rrca6gjh5.qnqyufttz5.2qrrkloz.tk/8idto2e/gh596597y5b/2rv8ogm9pu1js/am9tf/xe5qk0dww7u,1
https://mail.microsoft.com/,0
http://8tp4grh0nr.4tfa.0pn7gt.vtoyaqpu08.bysm25fia.top/ftlcru8/syr37jvdc/1vlm6/q7dh6ae,1
https://www.instagram.com/dashboard,0
https://microsoft.co/?id=5491,0
https://app.netflix.io/settings,0
https://google.edu/api/auth,0
https://dropbox.com/v1/api,0
http://110.121.234.129/secure/support,1
https://linkedin.org/,0
https://slack.edu/,0
https://google.io/index/page/settings,0
https://app.spotify.org/api/reset,0
http://cp7m.v4xc.3z7v.xyz/16wzih6ohucin/0tdx0l18x4/c30qfr80qk7581v/lezzmxc5wmobkp/7jm5hg,1
https://medium.com/,0
https://netflix.in/dashboard/settings,0
https://instagram.org/auth/verify,0
https://zoom.edu/,0
https://google.io/,0
http://225.77.47.110/login/free,1
https://linkedin.com/dashboard/v1,0
http://a2xq84.5s4t1.5vos4z.gq/bu91t9kc/t5yupawxy/8nict659ze3,1
https://youtube.io/verify/profile/dashboard?id=7617,0
https://facebook.org/,0
https://instagram.net/,0
http://microsoft-xu5er8p8.ml/login/verify/update/9eid60vkejcoqtd,1
http://7q193rfz.aq4b980cth.h0zj369t.w25zexb.hneiv36gc5.cf/s43ymlii04f23/kf48lfz5dc/tsl91i/3b6guluwfn5m0k5,1
https://linkedin.net/reset?id=4821,0
https://medium.com/,0
https://dropbox.io/dashboard,0
https://microsoft.co/,0
http://support-8whcxvnv794.gq/login/verify,1
https://app.reddit.org/checkout/dashboard,0
https://www.twitter.co/api/page?id=3526,0
https://github.net/checkout,0
https://apple.com/,0
https://141.186.200.123/login/free,1
https://apple.org/profile/checkout,0
https://api.dropbox.in/,0
http://j86p.epukghq3n.6xgo.yq6bj.lqnj2f4i6.click/q3rot/n081f4np9e5kv/1fftdymlic5ke8x/frfvnlytrxo4a,1
http://apple-3nx.xyz/login/verify/update/79o829dokou,1
https://github.net/auth/settings/verify?id=2074,0
https://app.spotify.co/signin/v1/api,0
https://instagram.io/signin/dashboard,0
http://swhy8zc.etlp9.28uu1ft9m.xsw4c7.cogcp7t6.xyz/kt31om8/ax0rz2hze6e9/mybx9/7ls3aczo1dsxf,1
http://confirm-p86uth.ga/login/verify,1
https://microsoft.net/auth/profile,0
https://zoom.edu/auth/index/page,0
https://medium.in/profile/api,0
http://106.40.163.1/confirm/paypal/login/bank,1
https://apple.in/?id=5416,0
https://www.quora.com/,0
https://medium.org/,0
https://api.spotify.org/settings/auth/api,0
https://api.youtube.com/?id=2569,0
https://apple.io/?id=7638,0
http://update-u7g0wt0hcbvf9xl.tk/login/verify,1
http://verify-p7nztxri.ga/login/verify,1
http://stacko-verflow.cf/secure/login/prize,1
https://app.quora.io/dashboard,0
http://f27cfm9o.6lm619eyq.s87fsag7.top/z0z8t/uztfcjl6vpqj/wjjj3da/se3z7bxnm2a7d1s/9me6n,1
https://google.edu/index,0
https://zoom.com/dashboard,0
https://apple.com/checkout,0
https://google.com/reset,0
http://151.198.222.20/secure/free,1
https://google.edu/checkout/page,0
https://google.edu/checkout/auth,0
http://apple-6vhxtl.cf/login/verify/update/d34vo1knkix,1
http://amazon-aewsbbir.click/login/verify/update/w67zqnmvrt386q8l,1
http://secure-8m5akzcm.top/login/verify,1
http://paypal-myw6e534mew.xyz/login/verify,1
http://microsoft-login.top/free/login,1
http://lslmb.4iuh2s8.zk98dcl5.zm2s804c8x.g8uaf7r.xyz/r42owkowcsaxk3/kaldyh/358u490hww6m8pl,1
http://google-jbp.gq/login/verify/update/zp0365ikf3o3rl,1
http://secure-w6b9unnkd39t.cf/login/verify,1
http://spotify-login.cf/login,1
http://142.222.104.253/login/secure/login/secure,1
https://mail.microsoft.co/profile,0
http://microsoft-45o3g4z9.org/login/verify/update/bie0l82ps0rm3zfcwlo,1
https://mail.youtube.in/page/dashboard,0
https://www.facebook.in/auth/v1,0
https://mail.zoom.co/v1,0
https://netflix.io/signin?id=2873,0
https://google.com/index/api/api,0
https://github.io/,0
http://reddit-login.gq/bank/free/service,1
http://account-1avq13h0ym7.click/login/verify,1
http://microsoft-gvqp68.xyz/login/verify/update/5cch4ie1o04rduwvay1,1
https://amazon.in/v1,0
http://apple-9ptysz.ml/login/verify/update/isurf8ni8bf8,1
https://docs.quora.io/,0
http://rd89.omnnev1d28.88tbr32.v2jtpfqfvr.top/jv1o2g75bzkyst/q3r5d/c1fqes8/xjb1qfeg5d/5r6nfkt28/94f20bvikpm,1
http://secure-03fy1vdo.ml/login/verify,1
https://api.youtube.edu/signin,0
https://mail.medium.com/,0
https://youtube.io/,0
https://mail.github.org/dashboard/reset,0
http://githubs.cf/confirm,1
https://www.quora.io/index/dashboard?id=2001,0
https://amazon.com/v1/api,0
http://you-tube.tk/confirm/service/update,1
https://twitter.io/checkout,0
https://mail.linkedin.org/profile,0
https://youtube.net/page?id=2344,0
http://1i5m7sn.01zjxqpq.uve9.ui0lr.xyz/3693zu/4qq7x6dib/oc4wlhu/5qxhrkjzf/qw1plux,1
http://paypal-wmal0yv.ml/login/verify/update/p233tv7d4,1
https://facebook.io/signin/auth/profile,0
http://google-zqcnp9.gq/login/verify/update/yikub7mek21,1
https://facebook.net/checkout/api,0
https://stackoverflow.io/profile,0
http://instagram-login.ga/bank/service,1
http://google-sn9k0bv.ml/login/verify/update/qdngo3pbsa4,1
https://github.in/v1/dashboard,0
https://www.spotify.in/dashboard/profile,0
https://amazon.io/reset/signin/page,0
https://linkedin.org/?id=4403,0
http://sl-ack.tk/update/support,1
http://reddits.xyz/login/free,1
https://youtube.io/signin/profile?id=6709,0
http://245.134.2.147/login/update,1
https://docs.instagram.edu/index,0
http://49ic60aie.i1mxjvvtjj.y1mof.ls5k6bo.top/ojq7xj3cc/e1nkhhlos1gg/xfdcfz/k2tjz0n/lwuhix4y/2cuhn,1
https://app.quora.net/verify/api?id=9080,0
https://quora.com/index,0
https://app.youtube.org/v1/verify,0
https://twitter.io/reset,0
https://slack.io/page/v1,0
https://api.slack.io/,0
http://paypal-vnh0c.top/login/verify,1
https://google.in/v1,0
https://netflix.in/,0
https://linkedin.in/?id=7777,0
https://linkedin.io/?id=6838,0
http://linkedins.gq/bank,1
https://twitter.net/index/page,0
http://i8868tbzm.59svakzss.crexncf.cf/zapiehu6tvmkr36/a9f2kmk/yom6mxtqxz52nv7/1vcvupimjugvrun/6irmqwypx4kwv6/rn1kx9sm6s5ok,1
https://facebook.com/reset?id=5444,0
https://app.medium.org/profile?id=1519,0
https://twitter.net/profile/page/settings,0
http://8h0vxb4.any99ceas.3lj7.2ok7938ir.ga/65pkv9wz42/y7lvit220/qemoorbwmd/yklmifjwow/7p5eqvr1mas7/dcj17s9cwqgzrf4,1
https://dropbox.org/verify/v1/verify?id=2161,0
http://752u8e.gbyjf08.jit8h4p1f.kw3i1x1.67v27j3k7u.ga/yuaevgmwuf/li1k5kxo/8qy8s4qwajhz7/nhayxt3/c5qekdswq/abr969bdpdiuwbc/zg969dwyz11,1
http://account-o6ev08sg770e.cf/login/verify,1
https://mail.medium.co/dashboard/dashboard/signin?id=5050,0
http://apple-xuo.gq/login/verify/update/r1mjlzsw90pgml064kq,1
https://docs.github.edu/checkout,0
https://reddit.io/checkout/settings/page?id=6788,0
https://quora.edu/,0
http://bbej.byr0t7h.39iln8f.click/aiioxh1q/4dnyg48/tpv9sbd7gn/5qnq5bd336a694n/gxdyc1w9mv,1
http://quora-login.cf/secure,1
http://ezp41g.i80ly2476.bnmxe7.ws3p7kno8g.vwx8jhl2.xyz/z5fhqlvn7sf/9oifbp/a36apqrv/8409dey4n3/l0x3rnsvzg1e9/nwn5ev/lr94mt9gw75ufp8,1
https://www.netflix.org/,0
http://qsyvn1l0xv.9wh12oh16k.y7vbp.ga/ws2wir4q/r0ua5nn69ly/7n3mn2zc/0pk2x27kttiw9/0xyy64joapu/bco5098xhgd3jy5/55jiyypp3egm,1
https://twitter.edu/auth/verify?id=3630,0
http://sp0tify.xyz/bank/verify,1
https://mail.reddit.org/signin/checkout/v1,0
https://instagram.com/,0
https://quora.in/v1/api,0
https://wikipedia.com/signin/settings,0
https://api.apple.com/profile/page/api,0
https://instagram.org/verify/api/reset?id=5777,0
https://mail.twitter.com/signin/page,0
https://youtube.edu/v1/verify,0
https://zoom.in/auth,0
https://apple.co/,0
https://microsoft.org/signin,0
http://medium-login.ml/update/secure,1
https://app.facebook.net/,0
https://twitter.net/checkout,0
https://quora.net/v1,0
https://docs.slack.io/v1?id=4397,0
https://spotify.io/v1,0
https://dropbox.co/,0
http://paypal-8hvrhbte3rwb5a.click/login/verify,1
http://i3mpb4skn.ygo34xyh39.n2097.gq/olxks/aqpzoh3n6g/lb2ug0/njw34jss/5td6amcl249,1
https://170.32.42.13/confirm/confirm/service/login,1
https://zoom.io/,0
http://yz2r9t6tc7.485i0xv39.bg0p2.zrabno9x.cf/ofl0g1l8bztyu/1m3jv/hkzss39ig,1
https://amazon.in/verify,0
http://apple-meata8g.ga/login/verify/update/7e20gaia0q5,1
https://microsoft.com/,0
http://google-nx1ult5.ga/login/verify/update/uqa1bqnnr7ar7,1
http://bank-fs3vc.cf/login/verify,1
https://quora.net/,0
http://medium2.gq/secure,1
https://43.224.71.140/free/paypal/free,1
http://google-hdnikp.cf/login/verify/update/9qn2qat6bqwvalmnjlv,1
https://linkedin.edu/page,0
http://woirffu31t.na0524.gpkr.ebjzxzp.flih.top/5y61k4jbdv1/b4wpifydlx0cl3/vo1qyc94o14tu,1
https://42.193.70.116/login/verify,1
https://wikipedia.co/settings,0
https://dropbox.edu/dashboard/api,0
http://inst-agram.ga/bank,1
https://mail.youtube.in/verify,0
http://verify-9cm3wg32hj6.ga/login/verify,1
https://app.apple.io/,0
https://microsoft.io/auth,0
http://update-b8oo7o.ml/login/verify,1
https://dropbox.co/index,0
http://7wzgrdh.zmq9or0f7.el2l.7kwx.rje4yq.cf/b0h0qd/4ey1sw/9mq3wcm58bc2j,1
https://wikipedia.co/page/signin/settings,0
http://support-fr48ce769jckc1.ml/login/verify,1
http://google-0h7.ml/login/verify/update/lvvh15kuzn,1
https://github.co/page/checkout?id=326,0
https://quora.com/index/reset/dashboard,0
https://api.amazon.edu/reset/signin?id=420,0
https://api.netflix.in/signin/api,0
https://amazon.co/page?id=9439,0
https://facebook.org/index,0
https://youtube.in/api/profile/auth,0
http://3wln9hx.cnk1wr.6bzbctj.uib1c.w3mfjqh.tk/vc20c/7nubjqb/a96v87r9cpkjuy8/fh7ac0mssfne,1
https://www.medium.org/settings?id=1134,0
https://twitter.edu/auth,0
https://quora.org/checkout,0
https://www.stackoverflow.net/settings/settings/auth,0
https://dropbox.org/,0
https://apple.net/,0
https://quora.net/checkout/verify/dashboard,0
http://176.132.87.7/verify/service/free/free,1
http://uti4ig6a.cl3pmx.02ne.fx6icw.vhtn3hs9.xyz/j4k8k5/zva2v/5y253rclth/mhnouoz6jskc/wf2dcthfehh8sj8/hhhtgvqe7yo4s,1
https://quora.in/dashboard?id=6112,0
http://microsoft-j9pg.com/login/verify/update/z91lzdwx43cp71ghggr,1
https://www.linkedin.org/signin/api,0
http://quora-login.top/service,1
https://google.edu/,0
http://117.127.25.179/service/bank/prize,1
http://amazon-9z9.ml/login/verify/update/481zf71i27lpg,1
http://hf27gjmvua.b2kg.3pot1c.i054zck2.j8wfk0.click/mukc4xl/0uy33jcm0rxndpj/0aemcqsex/6ucd5x8rczxa7lq/uc1yf35vn,1
http://7.62.174.43/paypal/bank/support/support,1
http://vb93glcq5h.3ojo3znc9z.n4njir99.crg4a4m.c28ous1d.gq/5c3tbyk/jq38s/75lqfmvkg/a3s28t9aw/8vg69g0bqa3v/6z8kg1y4c/7usun,1
https://mail.microsoft.org/api,0
https://medium.in/settings/signin?id=9772,0
https://youtube.com/verify/signin/page,0
https://google.co/?id=3124,0
https://youtube.io/,0
https://mail.zoom.com/index/index/v1,0
http://facebook-login.cf/verify/update,1
https://youtube.edu/profile/dashboard/signin,0
https://api.spotify.net/,0
http://apple-yvmqm.org/login/verify/update/e6d1zdpv98yhqrl6,1
https://youtube.io/?id=4211,0
http://z9pg6b6.t0ubpsdjv.bb7rpsy.f0o4vlju4.jswj0bk.top/pdnvqz893utzl/82gjt1nlhgea/rjat2bzky7a4v/ax997i/dodej98a,1
http://5gjbj8uhr.3d8n.t2wu45gmw.top/pz22f64r/4pnd3693nw/gjdmu61w5ezzcx/77t3trtfy/csjevi6ox39fo/vc224b8ivs,1
https://wikipedia.edu/?id=2976,0
https://dropbox.io/verify,0
http://account-033765lw2atjs.ga/login/verify,1
https://amazon.com/api/settings,0
https://microsoft.com/profile/signin/profile?id=4874,0
https://zoom.edu/verify?id=2036,0
https://zoom.io/auth,0
https://spotify.io/api/api/api?id=532,0
https://mail.youtube.net/?id=8999,0
https://29.48.166.197/free/update,1
http://support-wdlxmd0hz7ijahj.xyz/login/verify,1
https://mail.twitter.edu/index/signin,0
https://dropbox.com/dashboard/checkout/dashboard,0
https://google.edu/,0
https://amazon.edu/signin/v1/settings,0
http://175.101.231.131/confirm/bank,1
http://account-vur57036.ga/login/verify,1
http://apple-j4k.com/login/verify/update/7tg682lel28tap3ijmt2,1
https://www.youtube.net/profile,0
https://wikipedia.org/page/auth,0
https://docs.spotify.com/page?id=6782,0
http://g00gle.xyz/login/prize/service,1
http://microsoft-4nzaf.tk/login/verify/update/f23m3ljjrfh,1
http://dropbox-login.click/prize,1
https://linkedin.in/v1,0
http://account-x5842d8k7on.gq/login/verify,1
https://dropbox.io/,0
https://microsoft.net/,0
https://www.facebook.net/dashboard/page,0
https://stackoverflow.edu/settings,0
https://docs.spotify.org/v1/dashboard,0
https://apple.org/,0
http://apples.tk/confirm,1
https://medium.io/checkout,0
https://facebook.net/,0
http://k9vad9hy19.dmyc5ak.evmw4.8mge2h.top/w95d3ecv1vv/2mgj1d/5vttfi1m4nvxhof/y42wjim5aar/4a9iv1zj,1
https://apple.org/index/auth/verify,0
http://login-ja1jg.click/login/verify,1
https://app.stackoverflow.io/settings/auth/auth,0
https://api.github.co/,0
https://quora.com/,0
https://youtube.io/dashboard,0
https://medium.org/?id=3800,0
http://amazon9.click/login/bank/service,1
https://quora.co/?id=7084,0
https://amazon.co/auth/auth,0
http://39fncxs7.35mr.vdwgk7e.ml/p0bswnzh01dkx1r/uzcm1/a19kd7ajqgmva16,1
https://wikipedia.edu/auth/auth,0
https://linkedin.in/reset/profile?id=6684,0
https://api.microsoft.com/settings/api,0
http://goelmcsz31.rgnxxkj6tv.193fad.tk/l27riliag7/9n4pkklivic83z/5vhbnemwmsx8/zj77sc9d/zkcibncbv269ju,1
http://qu-ora.ga/free,1
https://app.wikipedia.in/index/signin/reset,0
http://0wab4by.s1fsqfov7.wejdlj3x.m9ir84xd.tk/jiapmnwr1tal0m/dyfv9cok70w/w7u6e/qagczppnz0qdq63,1
https://amazon.in/profile/v1/verify,0
https://microsoft.org/checkout,0
http://paypal-zz30pd.ga/login/verify/update/7foj9ffo2y,1
https://google.com/reset/profile?id=7011,0
http://51.29.38.246/service/service/paypal,1
http://quorarzj.xyz/secure/support,1
https://twitter.io/,0
http://med-ium.cf/update/free/bank,1
https://apple.net/,0
https://docs.reddit.net/dashboard/auth/verify?id=2304,0
https://quora.in/reset/settings/page,0
http://login-oh13cf4zh2qpdj.top/login/verify,1
https://227.186.27.198/free/service/prize/paypal,1
http://google-g7jv0v.click/login/verify/update/9isb1vfgf6,1
http://bank-wchbgqg69d.cf/login/verify,1
https://www.amazon.edu/,0
http://bank-w7cwe27.cf/login/verify,1
https://apple.net/auth,0
https://www.apple.net/index/api/index,0
https://www.instagram.io/,0
https://100.7.221.254/free/confirm/update,1
http://github3.tk/bank,1
http://mediumr.ga/confirm/confirm/service,1
https://api.facebook.co/checkout,0
http://vpjysd.cqnjf4.ilzbd51f31.m9jje29l.vbnjc.ga/du3so/3jwxlio2/tach4h/v5eio6vkfqei2w9/wg9dxnyg/lz6ofyq,1
http://apple-1m8m.xyz/login/verify/update/rrqvmsxsux318q7imnz,1
http://confirm-ai5tmkzkyytk.cf/login/verify,1
https://api.twitter.in/settings,0
http://biak2z026.4sz2k5u.7v0h4a7x1.ml/2w0p0i/hr8fwzxjo/t2fiesetk0/cempl06ouqo/sadcheia/3gvt20y80kq,1
https://netflix.co/dashboard/auth/page,0
http://twitters.click/support,1
https://www.dropbox.net/page/auth,0
https://instagram.edu/v1,0
http://bank-7i8fnisw1pzy8.xyz/login/verify,1
https://medium.com/auth/signin,0
http://ilvl.fic7hjin0.5db6.akakgboh.xyz/z8uh5hjwd3weu/fqyxvmqn7zsz/b1bvgdt/i4z9z1ejro/6evvvoq1vuqer/dgyis,1
https://microsoft.edu/api/verify/api,0
https://google.co/dashboard/verify/signin,0
https://mail.spotify.co/signin,0
https://quora.io/api,0
https://wikipedia.net/settings/checkout,0
https://api.linkedin.edu/settings/auth/api,0
http://49.248.237.144/login/login,1
https://docs.apple.edu/verify,0
http://microsoft-dt4tkar.click/login/verify/update/69r48ofhvamxudglmpf,1
http://face-book.cf/account/confirm/free,1
https://netflix.co/verify?id=8023,0
https://microsoft.net/verify/dashboard,0
http://pu37z84.p22inhb.bregws.ga/1kkin72/ue6ic/lwnptt/yqlghxyu6jvs2,1
https://google.edu/page?id=7751,0
https://mail.linkedin.in/reset/reset/checkout,0
https://facebook.com/dashboard/settings/signin,0
https://apple.in/dashboard/dashboard/auth,0
http://inst-agram.ga/paypal/support/bank,1
http://service-fzpn89vbm.ga/login/verify,1
https://youtube.com/,0
https://linkedin.co/profile/auth/index?id=9868,0
http://wvl0owskc.iea88l9uh.0i13nw2z.oizqicpmz.5x9v.cf/tc96r9j9uy/i0o5p/ffbg01p,1
https://180.95.216.225/paypal/prize,1
http://amaz0n.ga/support/login/prize,1
https://api.twitter.edu/api/profile/page,0
http://ngz4xs.ayjra2md.lszp.yj11yyl.xwkq1cb.ga/7n6r2bk4mz7jl/v4sxy/hev1l6p/lwzmw4909wc35o/kbz7akezf8/ei1sewpg/iwdzf4qi0f,1
https://www.spotify.com/reset?id=3289,0
http://amazon-odn.top/login/verify/update/qupzibo8,1
https://www.dropbox.edu/api,0
http://service-fk2egvd5s6ah.top/login/verify,1
https://linkedin.in/settings/reset?id=8790,0
http://service-z8duce2sq7.cf/login/verify,1
https://app.stackoverflow.co/settings?id=1230,0
https://mail.instagram.net/verify/page/signin,0
https://slack.in/index,0
http://google-qlp.gq/login/verify/update/pq4om0ubhgjd98crx57b,1
https://medium.org/profile,0
http://bank-zwydjvcs4.tk/login/verify,1
http://paypal-98ss6r0.click/login/verify/update/vjh7rl5bql,1
https://amazon.edu/reset/index,0
http://google-ize.top/login/verify/update/uvvu3jc2ybm02nd,1
https://reddit.com/auth/index/verify,0
https://www.wikipedia.net/v1/signin/signin?id=2650,0
https://facebook.com/v1/settings/reset,0
https://slack.net/,0
http://amazon-6uqbys.xyz/login/verify/update/dc7j0z0atyjapkd8,1
http://w0nb8gpv15.vbhguv8rib.qtfkej.697qz0cshq.gq/g9cs0/7epn35l/0z2wvtp4cuetw/ic00jpxwibf8go,1
https://amazon.org/index,0
http://amazon-nfrvrb5q.tk/login/verify/update/m934w1jy9zzmqdw8,1
http://google-aa8iwds.gq/login/verify/update/1wwr21ijbm0t,1
http://google-login.xyz/prize,1
http://ctu3.3ejxf.jynmk.kp65jop05f.click/ygq3bqdznhee/0ec3ahmtf/h3oj6i/6in5f/dpj44nmdz/i8ox4sbb97sw,1
http://git-hub.ga/verify,1
https://api.medium.io/checkout/v1/reset,0
http://you-tube.gq/support,1
https://spotify.io/?id=6852,0
http://paypal-lqu2f1.top/login/verify/update/pmombt1rgui,1
https://app.reddit.io/page/profile,0
https://stackoverflow.edu/page,0
http://micr-osoft.gq/login/login,1
http://paypal-obxmwl.xyz/login/verify,1
https://wikipedia.edu/v1/dashboard,0
https://wikipedia.org/dashboard/signin,0
https://stackoverflow.org/,0
https://github.in/auth/signin/index,0
https://amazon.com/signin/signin,0
https://wikipedia.net/?id=4022,0
http://241.4.214.66/bank/confirm/support/free,1
http://apple-zof5ef.ga/login/verify/update/sjgaaqv9nf36tpd7amhv,1
https://232.98.217.196/free/secure,1
http://178.6.125.82/support/secure/update,1
http://paypal-itjzaqq.click/login/verify/update/loa5kerrwgza1tw5r6,1
http://paypal-ep8ez.org/login/verify/update/e9xo3ev6e5wj9q0hfgzq,1
https://api.instagram.net/signin,0
https://amazon.com/index/api/verify?id=6943,0
https://169.158.166.77/verify/verify,1
http://b17niw.8ve287d.ine0k37x.top/c2l02b2i1wme/ox5ue915wpj208/xwc9nd5tq25dxb/7b9f9vevk426,1
http://h5qnizx.4brp2kbnd7.igqwkvr1.d9vku.tk/i87imfd1k78ekl/smdnbhvmuu162vz/kk7sn2suxzls3oc,1
https://linkedin.org/checkout/reset,0
http://qu-ora.ga/paypal/confirm/free,1
http://you-tube.gq/free,1
https://app.zoom.io/v1/auth/profile,0
https://zoom.net/v1/index/page,0
https://app.facebook.io/api/signin/api,0
https://amazon.org/index,0
https://twitter.org/,0
https://dropbox.com/profile,0
https://github.com/?id=7584,0
https://google.org/reset/page/verify,0
https://mail.linkedin.co/settings/page/dashboard?id=2145,0
https://facebook.io/dashboard/verify,0
http://amaz0n.ga/bank,1
http://6b0ogi.fl3t.t0tg3hbnj.rrpe4.tw5qmmqo.ml/38vjk6fglgbawy/gc2je7/nfa6kxjwpp4f/ayu8eleii/aj98qmf/5kqefj63uq0c2b,1
https://stackoverflow.org/profile/auth?id=4551,0
https://facebook.in/page/settings,0
https://mail.dropbox.org/index?id=6653,0
https://netflix.net/,0
https://wikipedia.net/page/verify?id=3645,0
http://paypal-kh02hw2p8h.top/login/verify,1
https://spotify.net/,0
https://facebook.org/api/verify?id=5649,0
http://twitter8.xyz/login/bank/paypal,1
https://instagram.com/v1/verify/dashboard,0
http://7rak85pf.vh5z.rl7dpxnq4.7chl8b2.click/rvn2oo/9eclttac/ti418bcnq8d3n,1
http://zedx.3869ue.uyjs5r7o.top/5iee7gza7/5lftspd5refnrj/rd5fzf8enbm/e99stv4/dcydggyogd7s0/mn3j5ax2g/3y19g,1
https://slack.co/reset/dashboard/api,0
https://www.netflix.net/checkout?id=4299,0
https://app.youtube.com/,0
https://quora.edu/,0
https://docs.github.org/verify/profile/api,0
https://apple.org/,0
http://paypal-9ygjjx.org/login/verify/update/z30sa6k7pa1op5ai2y,1
https://instagram.edu/,0
http://82.202.140.229/verify/secure,1
https://mail.google.org/api/reset?id=9691,0
https://mail.twitter.co/reset,0
https://linkedin.edu/,0
http://5wy1bc.6689zlkfy7.urh7ns.d5z1lj8.tk/l9yvfpwi8/ufa41cwdf/g1zgcmkwa74699/51agp5xno,1
https://28.170.76.174/update/update,1
https://wikipedia.co/signin/index/dashboard,0
http://quorarre.top/update,1
https://amazon.edu/index,0
https://mail.quora.net/checkout,0
https://wikipedia.com/settings,0
http://pbimnl8vuc.ic4fnsrg9.cm9y1kiv.gq/6d6paov/w6vlr5c9aytqv6z/7wpnnz0di0oyr3p/lqyoyusxg/lk6y7kp5o,1
https://wikipedia.edu/profile/settings?id=9286,0
https://api.zoom.io/profile/page/reset,0
https://wikipedia.com/index/auth,0
https://facebook.edu/auth/reset/dashboard?id=7275,0
https://slack.io/v1,0
https://mail.quora.in/page/index,0
https://mail.amazon.in/checkout/dashboard/settings,0
https://docs.zoom.edu/page/api,0
https://api.spotify.io/settings,0
https://spotify.co/dashboard/profile,0
http://bcntdzoi.b3qcih.qxhn.prx01g707.top/31loo9cagi/e9jbw/2stlk8gwqbe/mkx608rud/5kcunf24191sc,1
https://spotify.edu/verify/v1,0
http://173.137.136.173/confirm/login,1
https://facebook.edu/auth/index,0
http://ama-zon.cf/support,1
https://amazon.io/?id=7861,0
http://63.177.174.7/support/paypal/support/service,1
https://www.wikipedia.in/page,0
https://mail.stackoverflow.com/,0
http://spo-tify.ga/account/free,1
https://apple.in/auth/api/page,0
https://www.amazon.net/reset/v1/checkout,0
http://cbkxxuyd.wxubwozz.1zb853tm0w.ml/5bw5o/hv7ajpxxnzrt/9xz2vkkcukh4j/qg5mfc0zdu/1r56zq2/3efjfjud,1
https://mail.github.org/reset,0
https://www.linkedin.co/,0
http://apple-30m.org/login/verify/update/1r7uaw79ih399r,1
https://29.121.6.220/account/prize,1
https://app.twitter.org/index/settings?id=5449,0
https://mail.facebook.org/auth/settings/page,0
https://reddit.net/?id=4489,0
http://login-c4u6a.xyz/login/verify,1
https://docs.linkedin.co/verify/dashboard/index,0
https://microsoft.org/profile/settings/reset?id=8723,0
http://apple-0g4t.com/login/verify/update/yqoj7gy10172h,1
http://google-rrao.gq/login/verify/update/q5zb1wt9vk1vq4k9n8,1
http://you-tube.gq/update/verify,1
https://www.dropbox.net/profile,0
https://zoom.net/,0
https://api.reddit.edu/,0
http://microsoft-tu39euws.org/login/verify/update/8miq4xs3eh9ye6vy23,1
http://linkedins.ml/bank,1
https://amazon.co/settings/page/auth,0
https://docs.facebook.io/auth,0
https://stackoverflow.in/api,0
http://h0of.h84zxbajw.ktzb.tk/smsmlbws/xwdrl80/n4ce2qs86h8tqmd/3fbo7t/20am5cn1zuk0a6r,1
https://docs.wikipedia.co/signin/auth,0
https://youtube.co/dashboard,0
http://bank-4z2d1y59kj9.ml/login/verify,1
http://apple-9rlszy.org/login/verify/update/7mp4awn3tykzue,1
http://login-18hww5j.tk/login/verify,1
https://stackoverflow.in/,0
http://goo-gle.cf/verify,1
https://reddit.net/reset/settings/signin,0
https://apple.in/profile?id=7694,0
https://github.io/settings?id=1479,0
http://54.121.123.166/update/verify/prize,1
https://app.dropbox.net/page,0
https://app.netflix.com/auth/v1/settings?id=8864,0
https://spotify.in/signin/page/api,0
https://api.twitter.org/settings/verify?id=289,0
https://spotify.net/reset/auth/page,0
https://spotify.in/,0
http://netflix-login.click/verify/account,1
https://medium.com/dashboard,0
https://stackoverflow.edu/dashboard/auth/reset,0
https://youtube.com/checkout/index,0
https://stackoverflow.org/api/v1/checkout?id=2615,0
https://twitter.net/profile/index/index?id=8968,0
https://netflix.io/verify/v1,0
https://reddit.com/settings/api/auth,0
https://reddit.edu/,0
https://linkedin.net/page,0
https://medium.com/,0
https://reddit.co/profile,0
https://stackoverflow.net/verify/checkout?id=7003,0
https://wikipedia.edu/reset/settings/settings?id=3117,0
http://86.52.8.235/paypal/confirm/update/support,1
https://docs.apple.net/reset/profile/auth,0
https://slack.in/page/settings/signin,0
https://mail.dropbox.io/?id=4778,0
https://apple.in/reset/verify/reset,0
https://api.microsoft.co/profile/auth,0
https://github.in/reset/settings/signin,0
https://13.214.231.54/secure/verify,1
https://medium.com/auth/profile/dashboard?id=605,0
https://slack.co/,0
https://apple.edu/api,0
https://youtube.org/dashboard/settings,0
http://snnvd.7r7r4t9jcu.jgvwlmm.41su.top/zf59wkus784/945tvchs45/4c5j1047ekg/qnx3odme4l3j,1
http://account-px812uy4o8vem5c.xyz/login/verify,1
https://64.227.158.146/paypal/free,1
https://spotify.io/,0
http://apple-f4c.top/login/verify/update/6mupumd4i6,1
https://apple.in/?id=1783,0
https://dropbox.com/,0
https://slack.org/reset/reset/verify,0
https://www.wikipedia.in/api/page,0
https://mail.youtube.com/api/signin,0
https://apple.co/index/page?id=1095,0
https://youtube.edu/reset/page/signin,0
https://spotify.com/,0
https://mail.wikipedia.co/page/settings/profile?id=5000,0
https://dropbox.co/reset/checkout/page,0
https://mail.reddit.in/profile/reset/reset,0
https://netflix.org/verify,0
https://dropbox.in/profile/v1/auth,0
https://instagram.edu/profile/dashboard?id=456,0
https://mail.instagram.com/checkout/reset,0
https://api.slack.com/,0
https://dropbox.io/profile/reset,0
https://slack.net/auth/checkout/index,0
http://google-2olsl.click/login/verify/update/zjvwk14h1p4p,1
https://wikipedia.io/signin,0
https://app.netflix.io/,0
https://github.io/index,0
https://netflix.org/profile/index,0
https://dropbox.in/,0
https://youtube.org/checkout/api/dashboard?id=123,0
https://twitter.io/?id=8583,0
https://google.co/verify/profile/auth?id=6732,0
https://spotify.io/?id=1473,0
http://dropboxpw.xyz/service/service,1
https://wikipedia.in/api/verify,0
http://microsoft-r2yb595t.click/login/verify/update/6efvuso7gqeb,1
https://www.twitter.co/,0
http://google-login.click/update/confirm,1
http://prize-ts2j24k.click/login/verify,1
https://google.io/v1/v1,0
http://faceb00k.gq/login/secure/update,1
https://youtube.com/checkout/signin,0
https://amazon.in/auth,0
https://reddit.co/settings,0
https://mail.zoom.edu/?id=9917,0
http://iw9lw.kam2f4irc5.c3f0btq6.2idm.izn7du4u2.click/piubbefh5mci/1pksvl3e/57lbg58fv/mwi3tpvjtbchi,1
https://docs.reddit.net/,0
https://api.google.edu/,0
http://k0x7t.hegldsam.y78qz.gq/tjw3heln/lxqakfowwl/p82qztysu51/lo1upwzold8/56mberqb8nl6gie,1
https://mail.facebook.co/api/signin/verify,0
http://applee7.top/bank/support/free,1
https://linkedin.org/,0
http://account-7qk27z5etg.ga/login/verify,1
https://mail.stackoverflow.org/signin/reset,0
https://amazon.co/checkout/settings/signin,0
http://69.39.183.132/free/bank/bank/verify,1
https://www.twitter.co/signin/profile,0
http://sp0tify.top/service/login/paypal,1
https://app.medium.org/dashboard/v1/index,0
https://dropbox.org/reset/dashboard?id=7904,0
https://apple.co/index/signin/verify,0
http://microsoft-0tngo1j.ga/login/verify/update/lm7aysyfdz,1
https://www.instagram.edu/profile,0
https://reddit.edu/v1/checkout/api,0
https://zoom.in/auth/page?id=7783,0
https://191.131.14.15/support/service/account,1
https://google.net/checkout/index/page,0
http://confirm-ia66c5mud.tk/login/verify,1
https://apple.net/auth/profile,0
https://facebook.net/settings/verify?id=7688,0
https://app.apple.com/signin,0
http://google-oivu2z.xyz/login/verify/update/k9tt0f637epllkug72f,1
https://apple.com/reset/reset?id=9127,0
http://verify-d4f1jlbca8x.click/login/verify,1
https://microsoft.edu/verify,0
https://instagram.edu/?id=2083,0
http://1o2d7x.bgkld8zr.plsovtmw4z.5uq22vsn.wb56g7dwtv.xyz/cvty72jtwkh29y7/wusywses8lyel/dsx168plpk1wqsk/js9vb60s/dsyfmvdbc3d/26m5110y3f3if2w/vb4fetlh64,1
https://github.io/?id=1974,0
https://docs.google.in/?id=2472,0
https://183.155.136.139/support/confirm/free,1
http://paypal-e2qx0.com/login/verify/update/mzkx6f8pmkwb3,1
https://app.stackoverflow.co/index/reset?id=3119,0
https://facebook.io/settings,0
https://app.twitter.in/verify,0
https://docs.google.io/verify?id=3736,0
http://githubvw.top/support,1
https://netflix.in/v1/dashboard,0
https://zoom.net/checkout,0
http://sp0tify.top/support/account,1
https://apple.edu/checkout/dashboard/v1,0
http://zoom-login.xyz/account/prize/bank,1
http://apple-7z9e.top/login/verify/update/573x1cjf7,1
https://dropbox.net/verify/verify,0
https://www.microsoft.com/auth,0
https://github.org/checkout,0
https://wikipedia.io/api,0
http://free-ixpqvgj2.cf/login/verify,1
http://hjpb.gbw4dp.u1lmq.j1m7f.cf/dopsz5ffebbcf4/ej0xvycp3dphxp0/tttsrm/61e1y/umf2i2a3/5wjuzo/8yo6k,1
http://2urkj8zdj.p3c7.9djm.g1o3jlq3a.cf/u5rmurzee41m/kaxmr/21vtktmxxqe3/njv4mqan8a0v7/95t0ckx2e6hsd,1
http://face-book.tk/support,1
http://login-gow94h376apk0v.top/login/verify,1
http://rw2bmphs5.5uyqy6.9wy3m2p0zk.click/z76ob1t/pdhtz5memk/5r2ot9e6r/5vayt8f/c48oqoevk1/ck3evmuyu1d/wgiwcid,1
http://f658q5.sxkgxxnxk.obxj5qjvf0.cf/aoaqb/l2wihp/2jll3jndtg3,1
https://mail.twitter.net/signin/index,0
https://slack.io/checkout/reset,0
https://www.netflix.com/signin/signin,0
https://instagram.net/signin/settings,0
https://linkedin.in/settings,0
https://amazon.edu/,0
https://instagram.org/v1/auth,0
https://twitter.io/api/api,0
https://reddit.co/,0
https://docs.stackoverflow.com/signin?id=1761,0
http://226.19.99.33/secure/update,1
https://dropbox.io/v1/index,0
https://facebook.net/api,0
http://143.228.102.240/free/account/account,1
http://31.176.140.232/prize/verify,1
https://mail.dropbox.in/v1/reset/profile?id=1362,0
https://stackoverflow.edu/api/verify,0
https://youtube.edu/,0
https://reddit.net/dashboard/api,0
https://mail.zoom.com/,0
https://slack.co/dashboard?id=5950,0
https://amazon.com/,0
https://www.youtube.io/auth,0
https://reddit.in/reset/reset/signin,0
http://google-login.xyz/prize,1
https://github.io/profile,0
https://zoom.net/,0
https://youtube.com/,0
https://google.org/?id=9108,0
https://wikipedia.io/dashboard,0
https://docs.amazon.co/settings/checkout/settings?id=5208,0
https://wikipedia.org/,0
https://amazon.org/page/api/auth,0
http://free-u9b176hhv01k0a1.ga/login/verify,1
https://netflix.org/settings?id=155,0
https://instagram.in/,0
https://dropbox.in/page/signin,0
https://api.instagram.com/,0
https://mail.apple.co/,0
https://dropbox.net/api,0
https://dropbox.net/api/api/settings,0
https://google.org/page/signin/reset,0
http://wikipedia-login.cf/support/support,1
https://reddit.in/profile/verify/profile,0
https://app.spotify.io/page?id=7720,0
http://6ok9o3owo2.r4ivkq.khd9.xr69jn.click/0k9m5hgqv7/hv07uoeq/sewsnj4mvj48/98ddf1/e8os352fz081epr/yj2jfpyd7s6d7l4,1
https://slack.net/verify/checkout,0
https://docs.reddit.net/auth/checkout,0
https://api.instagram.io/?id=7457,0
https://amazon.org/index,0
http://free-i1u1xri.ml/login/verify,1
http://98.183.107.48/service/paypal/bank,1
https://mail.github.com/checkout/verify/signin,0
https://docs.linkedin.com/verify,0
https://docs.google.in/dashboard/verify?id=5147,0
https://microsoft.org/profile,0
http://mediumvk.ga/update,1
https://apple.co/signin,0
https://twitter.org/page/auth/page,0
https://www.instagram.com/?id=5558,0
https://reddit.com/,0
https://mail.quora.com/,0
https://dropbox.com/checkout/profile,0
http://paypal-xhirp55.org/login/verify/update/bdezioxx8yzwf0s45br1,1
http://free-dvrvpc8puua37w.ml/login/verify,1
http://verify-18opgc4lhy8luzb.xyz/login/verify,1
http://ulmb22.g3w1w92.tekbx6v.fx253cy1oq.09n5l.click/gu4wy8/ge5ey4t/mbvib5hp6k/5uytaugyivbs/ejazzruln5/8qj8pfdi2gp,1
https://docs.github.edu/,0
https://reddit.in/?id=2416,0
https://quora.edu/,0
https://mail.github.com/index,0
https://docs.google.edu/profile/signin/profile,0
http://verify-j6pfy.ml/login/verify,1
https://youtube.in/?id=5400,0
http://twitter-login.gq/support,1
https://facebook.co/signin,0
https://netflix.edu/dashboard/api,0
http://secure-1bl0mvo4g8gl.xyz/login/verify,1
https://instagram.edu/?id=8554,0
https://facebook.net/checkout/v1/settings?id=2366,0
http://micr0s0ft.ml/free/confirm/free,1
https://mail.slack.edu/auth/api,0
http://69.152.141.166/verify/update,1
https://twitter.co/,0
http://service-wux5e6s7c1.ga/login/verify,1
https://microsoft.io/verify/checkout?id=5956,0
http://instagram-login.ml/secure/paypal/prize,1
https://docs.linkedin.edu/verify/index/index,0
https://api.slack.org/v1/signin/page?id=1996,0
https://app.quora.co/api/verify,0
https://microsoft.io/index/dashboard/reset,0
https://app.quora.io/profile/verify/checkout,0
https://netflix.edu/,0
https://microsoft.org/,0
https://zoom.org/,0
https://microsoft.net/,0
https://slack.com/dashboard,0
http://youtube-login.cf/bank/secure/prize,1
https://google.org/page/profile/profile,0
http://paypal-ckf9q.xyz/login/verify,1
https://wikipedia.edu/checkout/reset/page,0
http://apple-c9vhngds.top/login/verify/update/hy5yjqcir3e50,1
http://faceb00k.tk/free/bank/account,1
https://medium.edu/auth,0
https://app.github.io/signin,0
https://instagram.net/reset,0
https://google.com/profile/api/auth,0
https://zoom.co/profile/profile,0
https://stackoverflow.co/checkout,0
http://amazon-jj3.tk/login/verify/update/5q1qnj7nq,1
http://secure-2wrnqb4s51hvx.xyz/login/verify,1
https://medium.in/checkout/reset,0
https://apple.co/signin,0
https://mail.slack.co/settings/index,0
http://twitter-login.top/free/support/confirm,1
http://bank-498jq3grsov3t5y.click/login/verify,1
http://githubs.click/secure/update/confirm,1
https://reddit.net/index/settings/settings?id=3463,0
https://linkedin.org/verify/settings/verify,0
https://app.twitter.org/settings,0
https://zoom.co/verify,0
https://google.edu/?id=936,0
https://medium.io/page/page/signin,0
https://quora.org/?id=5736,0
https://netflix.net/profile/signin,0
https://slack.org/index/checkout,0
https://spotify.edu/,0
https://facebook.com/v1/api,0
https://app.medium.in/signin/profile/auth,0
https://stackoverflow.in/,0
https://spotify.in/,0
http://netflix-login.ga/update,1
https://google.net/v1?id=6821,0
https://instagram.io/page/api/page,0
https://twitter.org/signin/dashboard/api?id=9414,0
https://linkedin.edu/auth/page,0
https://apple.com/?id=3240,0
http://stacko-verflow.ml/service/support/free,1
http://microsoft-mrv.ga/login/verify/update/ji4xhtq1f61a8xfgi,1
https://twitter.io/api/v1,0
http://verify-g2nt5v9ry48zd.ml/login/verify,1
https://twitter.co/api/profile,0
http://154.38.16.238/paypal/login/confirm/update,1
https://mail.twitter.in/auth/verify/profile,0
https://facebook.net/dashboard/profile/auth,0
https://netflix.org/reset/dashboard/auth,0
http://stackoverflow7.ga/verify/support,1
https://www.instagram.com/dashboard,0
https://apple.net/profile/page/auth?id=8985,0
https://quora.net/v1/auth/settings?id=5078,0
https://youtube.io/?id=566,0
https://instagram.co/reset,0
http://service-5xkkq5s05y.top/login/verify,1
https://youtube.org/settings/signin,0
https://mail.spotify.io/profile/page/settings,0
https://mail.quora.net/signin/api/index,0
https://quora.com/auth,0
https://amazon.in/auth?id=7868,0
https://reddit.io/auth/profile/api,0
https://instagram.edu/checkout/settings,0
http://paypal-iadg.org/login/verify/update/ch2isl0yq6,1
https://docs.microsoft.co/api?id=5312,0
http://y6j3a6o2.k7sbt.4d23.ot71ty03.top/a8xylk3m/yqlkjqpte50dg/xraqzvr1u63,1
https://zoom.co/signin,0
https://twitter.io/auth/signin/checkout?id=4104,0
https://google.co/api/settings,0
https://apple.net/auth,0
https://twitter.org/checkout/page?id=7545,0
https://quora.edu/api/profile/signin,0
https://app.apple.org/,0
http://240.5.236.108/update/support/bank/confirm,1
https://wikipedia.com/index/api/reset,0
https://stackoverflow.net/settings/page?id=7411,0
https://facebook.in/?id=8586,0
http://account-h9yhui5.cf/login/verify,1
http://spf474k9f0.5h6o03v23b.0g0umqkj6n.h6g7gg9g.cf/nnu0z0xe15xfjcg/gqmu4i/hii3g/eqapq,1
https://146.45.124.55/account/confirm/prize/secure,1
https://facebook.io/page?id=1738,0
https://youtube.com/,0
http://lse0jn7o2.z0cc88fnzc.m2i5.v7jylcs6z.gq/twn3ws9fwj/u536feo/ymfbqxlngz52i/qy322r4sq,1
http://yjy2e.60eocaxln.tnn8.xyz/stw7adqzn59t/sxn2nkk/xvufni89yo1n/4eshmq5ei7ao5/81qkwz/zf7mybnqy/x604oako65y627h,1
https://api.youtube.net/settings/signin/reset,0
http://97.152.16.222/account/free/service/bank,1
http://secure-grdktkoq.ml/login/verify,1
http://paypal-lupnu0.cf/login/verify,1
https://mail.youtube.com/settings/signin,0
https://amazon.co/checkout/checkout/reset,0
https://facebook.org/settings,0
https://youtube.io/settings/dashboard/checkout,0
https://reddit.edu/,0
https://docs.twitter.in/settings/verify,0
https://mail.instagram.in/reset,0
https://docs.medium.edu/reset?id=5819,0
https://docs.medium.net/api/v1/reset,0
https://slack.com/settings,0
https://amazon.org/profile/page,0
http://paypal-pxec80ly.click/login/verify/update/t18o6cgj,1
http://owey3z.drkk9p.yaz3f.ss5aym.r9vf0.top/isakja0qqb/j38yqsrr8jw/i5z2s28lhy/fmkfegsfyityhbv/9da6xe8zzery/ux1dh6ct8g0ea,1
https://wikipedia.edu/settings,0
https://github.com/index,0
http://apple-3kow.click/login/verify/update/gni1fvrvi,1
https://netflix.edu/settings/api/v1,0
http://cnni9wog.sfag8yw.k74l.tk/tuvaqdfs3w52hu/quo0y/bp9hp/ewhc899o3o2/7w8146re/tiroon89tkqy2/iywbafogb32,1
https://linkedin.in/verify/verify?id=361,0
https://mail.github.org/profile/checkout/settings,0
https://api.github.edu/page/signin/checkout,0
http://microsoft-94on8.top/login/verify/update/nkzuiafavm4ob4zbk6,1
https://google.io/verify/reset,0
http://prize-mf7ywm1mgqin.xyz/login/verify,1
http://zo-om.ga/login/account/free,1
https://spotify.io/profile,0
https://youtube.in/,0
https://netflix.org/?id=39,0
http://bank-9f4mwd62st5pelu.xyz/login/verify,1
https://youtube.com/signin/verify/profile,0
https://docs.quora.io/verify/verify,0
http://vln9nbb.fycwi41y.abopw8.u868rsjd36.cf/xmzsq/3zmru7/i322shq,1
http://service-l54qwj3szzktd.click/login/verify,1
http://sgrmrdd.pnngnf.0k4cap0ch.ml/24k5xs5j5w6/pa3774ht24u/4tvzqy0cxyj9rq/srwhpy5sr5ouk2,1
http://185.58.93.216/bank/support/service,1
http://104.75.75.105/paypal/service,1
http://update-jro3500sjfxi0.click/login/verify,1
https://apple.io/signin/signin/v1,0
https://app.instagram.org/settings/page/settings,0
https://instagram.org/api/settings/reset?id=6440,0
https://netflix.in/?id=2285,0
https://twitter.co/v1/page,0
https://dropbox.edu/?id=910,0
https://api.slack.net/page/api,0
https://zoom.io/signin/reset/api,0
https://docs.microsoft.org/page/api/auth,0
https://slack.org/checkout/settings,0
https://reddit.com/index/index,0
http://instagram7.click/free/paypal/secure,1
http://git-hub.gq/update,1
https://api.wikipedia.org/index/reset/profile?id=7888,0
https://amazon.org/,0
https://amazon.io/,0
https://apple.org/checkout,0
http://microsoft-klbr.xyz/login/verify/update/6io1h9hsd0muz,1
https://twitter.net/api/index/index,0
http://link-edin.xyz/account,1
https://docs.github.io/,0
http://zoom8.xyz/secure/free,1
https://mail.medium.in/auth/settings/dashboard,0
http://9l4bp.da8m.4tg61.t5i7n.cf/si0o1/du7sd5/pna5udivl3359/qanz0pg5y4p/ny3glc0sgp5/mktrft52dgt7/g6o5v2ye,1
http://service-f4wl1o.ga/login/verify,1
https://www.dropbox.org/api,0
https://www.netflix.net/settings/index/index,0
http://amazon-3f9bnhc.ga/login/verify/update/714qski3fn4ke4bq9c,1
https://www.quora.edu/signin/profile,0
https://medium.co/settings,0
https://api.reddit.io/dashboard/checkout/reset,0
https://spotify.org/,0
https://amazon.io/checkout/verify/dashboard,0
http://v4ads3.suvb.u6s0217ay.u7z98wqlt0.tk1bx.top/by21jw54/o6q9tic/brwsg8ttsp/u2x24l3d3e/dhhqc07ux2fnnxm/lxtfl,1
http://179.97.165.42/prize/bank/verify/paypal,1
https://slack.com/,0
http://update-iwmeyj.gq/login/verify,1
https://spotify.edu/profile,0
https://twitter.net/signin/settings?id=3673,0
https://spotify.com/?id=365,0
https://reddit.edu/api/reset/v1?id=6615,0
https://app.wikipedia.edu/checkout,0
https://quora.net/verify/v1,0
https://youtube.io/,0
http://netflix-login.cf/login/service/login,1
http://bank-eb7k9kif7.ml/login/verify,1
https://microsoft.io/verify/page/auth?id=8653,0
https://api.microsoft.org/signin,0
https://apple.io/dashboard,0
https://app.amazon.edu/checkout/v1/profile,0
https://app.medium.in/page/settings,0
https://stackoverflow.net/v1,0
http://githubs.ga/free/service,1
https://apple.co/v1,0
https://www.zoom.net/,0
http://dr0pb0x.ga/verify/account/prize,1
http://free-fdpww2d.xyz/login/verify,1
https://docs.medium.io/checkout/index,0
http://quora-login.ml/confirm,1
http://wikipedias.click/update,1
http://update-csgoy.gq/login/verify,1
https://instagram.org/dashboard,0
http://bank-a7564mb3jw6237q.xyz/login/verify,1
https://github.in/profile,0
https://twitter.org/?id=8513,0
http://193.83.4.220/login/update/login,1
http://bank-07r0dqfkeryjpjj.cf/login/verify,1
https://medium.net/v1,0
http://confirm-h1a3k24.gq/login/verify,1
https://microsoft.edu/page,0
https://github.io/profile,0
https://netflix.net/index/auth,0
http://service-apzlimga48xcs.cf/login/verify,1
http://95.32.171.52/login/secure/login/paypal,1
http://qu0ra.top/free/confirm/free,1
https://netflix.in/,0
https://docs.facebook.net/,0
https://www.github.co/,0
https://dropbox.in/?id=1212,0
https://www.stackoverflow.co/?id=2809,0
https://microsoft.org/,0
https://www.amazon.org/auth/reset,0
https://api.twitter.co/v1,0
http://puukvtb.ku6q9n.4dfumoex.25g3z.top/3edi624sbtlu/tt9rf6jr/7ochk5q,1
https://www.amazon.in/profile/auth?id=579,0
https://google.edu/?id=3491,0
https://www.stackoverflow.com/?id=13,0
https://dropbox.com/?id=7506,0
https://api.google.net/verify/dashboard/profile,0
https://github.in/?id=9740,0
http://paypal-dgyqnbxo6lseai7.gq/login/verify,1
http://goo-gle.gq/verify/paypal/prize,1
https://instagram.net/v1/v1,0
https://slack.net/profile/auth,0
https://google.co/settings/checkout/settings,0
http://nfrj88q0x.q66qr.gzakj4y.tk/cagnwqniub5h9zo/uwizvm/g0ol6uyvnhxcl,1
https://twitter.com/signin,0
https://dropbox.net/verify/dashboard/dashboard?id=5414,0
https://apple.in/reset/checkout,0
http://amazon-login.ga/update,1
https://quora.in/,0
https://www.stackoverflow.com/checkout/checkout/auth?id=2461,0
https://microsoft.co/profile,0
https://microsoft.co/v1,0
https://apple.net/v1/settings,0
https://stackoverflow.in/profile/signin/signin?id=5092,0
https://linkedin.net/,0
http://micr-osoft.gq/confirm/account/prize,1
http://google-huu9.tk/login/verify/update/pooqamj6zlsoebn2a,1
https://12.235.184.204/confirm/free,1
http://169.21.184.193/paypal/bank/secure/support,1
https://wikipedia.io/api,0
https://instagram.co/v1,0
http://faceb00k.tk/prize,1
http://google-5pd1nl.gq/login/verify/update/bw2ig2qiftjil,1
https://dropbox.org/v1/signin/index?id=4494,0
http://free-t02rytf9or.xyz/login/verify,1
https://apple.org/signin/api/settings,0
https://google.org/index/reset/api,0
https://facebook.co/api/profile/reset?id=4469,0
https://quora.net/?id=5538,0
https://docs.linkedin.com/,0
https://reddit.co/api/checkout/api,0
http://150.66.146.182/prize/prize/account,1
https://wikipedia.edu/page?id=7557,0
http://githubs.ml/login/secure,1
http://incezrupw.jek207nj.kk8sxal.nc5pjqdo.jg6q.cf/pnc38zl4qhsz/on3x7scd/mrs6c8a89ymdfka,1
http://google-d1amcypu.cf/login/verify/update/9hspltrlykv7ml910m0,1
https://apple.net/profile/index/verify,0
https://quora.edu/api?id=2851,0
https://slack.org/,0
https://www.youtube.co/api,0
http://dropbox4n.tk/prize/bank,1
https://google.co/?id=3977,0
https://reddit.io/?id=7433,0
https://facebook.com/v1/index,0
http://twitter5.gq/prize/update,1
https://wikipedia.co/signin/index,0
https://spotify.com/signin/profile,0
https://linkedin.co/,0
http://dropbox-login.cf/free,1
https://dropbox.org/profile/settings,0
http://amazon-chxn8.click/login/verify/update/8hlpd85luo8cbfpw,1
http://microsoft-ua75n8x.tk/login/verify/update/fda49iw4,1
https://mail.zoom.co/index/verify/dashboard,0
https://youtube.co/checkout,0
https://quora.net/signin,0
https://quora.org/index/verify?id=688,0
https://docs.google.edu/checkout/verify/dashboard,0
https://linkedin.edu/verify/index,0
https://apple.com/auth,0
https://instagram.org/settings/auth,0
https://mail.medium.org/api/reset,0
https://stackoverflow.com/reset/api,0
https://apple.co/api,0
https://instagram.in/signin/reset,0
http://mediumi.ga/paypal/free/free,1
http://linkedin-login.tk/account,1
https://medium.co/index,0
https://wikipedia.in/reset/auth/v1,0
https://facebook.in/auth/settings/settings,0
http://qu-ora.cf/verify/update,1
http://80ycyjqc.vn0trmfj.2fky3tp4.f25iwprs.bjlrs0n.gq/b6s03g/ugyr665yndrj88w/aroy5tqkmyty4/ap1u3c7f2/6ke5rt1/pyj2tz5x4l9jfg/40hcuaogo,1
https://www.medium.in/page/checkout,0
https://stackoverflow.net/profile/settings/verify,0
https://instagram.edu/settings,0
http://paypal-3rc.gq/login/verify/update/utv99uxughvv3,1
https://medium.io/auth,0
https://medium.in/,0
https://amazon.net/?id=7757,0
http://githubo.top/confirm,1
https://quora.io/index/v1/profile,0
https://youtube.org/,0
http://login-7u95r7c.gq/login/verify,1
https://google.co/checkout/dashboard/dashboard?id=6862,0
https://www.spotify.org/checkout/signin,0
https://microsoft.io/signin/v1,0
https://mail.stackoverflow.org/v1,0
http://secure-xqi3chr3c.click/login/verify,1
https://quora.in/,0
https://quora.net/checkout,0
https://linkedin.net/v1/profile,0
https://slack.net/verify,0
http://166.141.89.45/account/account/free,1
http://g1e54oc.oruj.zcaukp8u.tk/a5c5e/lnigp1gn5h0c0/zv5bhg/6bc1nou/rtaii2ot3zfqf1i,1
http://125.147.227.29/confirm/update/confirm,1
https://quora.in/auth,0
https://docs.dropbox.edu/profile?id=7088,0
https://mail.twitter.net/index?id=7373,0
https://43.164.193.26/paypal/paypal,1
http://confirm-im7fdefmx1.gq/login/verify,1
http://spotifyo.click/free/confirm/secure,1
http://net-flix.xyz/bank/verify,1
https://docs.google.net/v1/verify,0
https://wikipedia.net/v1,0
https://spotify.in/checkout,0
http://242.213.199.164/bank/prize/update,1
https://linkedin.io/,0
http://google-r3fo8.org/login/verify/update/03kxnwirser6miza,1
http://paypal-g405e6o.com/login/verify/update/tqdu7edvndhc,1
https://docs.slack.in/dashboard/api,0
https://api.linkedin.org/checkout/verify?id=271,0
https://amazon.in/,0
https://wikipedia.net/verify?id=3853,0
https://medium.org/v1/index/dashboard,0
https://twitter.edu/signin/auth,0
http://nhwa.0d2qsx.54p578p.gq/rb6r18lhygb66w/nhtrw2gxy/cncigzgg9m/tiv6wwz/13qrydz4lrj9/yi5ecq/c1dr8nplkb6m,1
http://j0rk98.mwid4c9.qpbe.mlsv.top/gvrfdlbc/mn3rmny0w/jy8xktju110/d8tff/sqc7d/r72oki8j2fs,1
https://mail.stackoverflow.org/profile?id=3396,0
https://docs.wikipedia.io/signin,0
https://247.93.206.169/service/bank/secure/update,1
https://dropbox.io/,0
http://p8kkj7.ewy2m57.xu2w6hm.gq/nxkc23gqtkyxb0/2ks1uzv/kn9btvd2xa,1
http://56.197.75.20/secure/support/login,1
https://linkedin.io/reset/verify/v1,0
https://app.linkedin.net/index?id=871,0
http://110.137.31.50/free/secure,1
https://youtube.edu/profile/v1,0
https://dropbox.net/,0
https://slack.io/,0
http://microsoft-42qfq7w.cf/login/verify/update/3tf4sf71mjgrvn9hl6xn,1
https://dropbox.io/api/checkout/dashboard?id=5286,0
https://netflix.in/checkout,0
https://mail.wikipedia.co/auth,0
https://google.org/verify,0
https://docs.twitter.net/dashboard/profile/page,0
https://twitter.io/verify/profile,0
https://youtube.net/?id=8585,0
http://56jiy.e447zgtv.lui20qx0.top/jx74d4i/mzai4xviwtu0eq/i7jbyc/g1ik2p/2m8k8hgef83/0un82x95fjttzuw/mjglybzehit,1
http://microsoft-jeh.tk/login/verify/update/a4gwxnwihhc5,1
http://microsoft-w8bim7p.gq/login/verify/update/vz7ugyl4,1
https://zoom.net/profile/api/signin,0
http://paypal-85jb9.xyz/login/verify/update/qo9x2nbvfileajk0wt,1
http://login-u70ij0y.gq/login/verify,1
https://linkedin.edu/auth/signin/signin,0
http://nno64qotu.i27i3qd5.5ectqpkmrn.lvuzb.p7ks.click/qoilhbpc4z/b3mna5fvkwnnt/szvfmjs4jmq/eutgoow6b5/i1vcbvyy5g4,1
https://www.netflix.co/reset/dashboard/settings?id=869,0
http://mengflp5k.27ijh95.ff0bie7n.ml/tkmq96j7my6/xej0961c42u51u/3q2b6dy,1
https://instagram.org/,0
https://twitter.io/checkout/api,0
https://mail.github.io/settings/reset/reset,0
http://z77nr.qvpg.ubyitjud37.nvahkaejm.gq/61ik2g0v431to/lqwfp0wag/r9vbz5wrsxd/b34p6crjb3/x8j3z8xt8j0oo/8c2dpeuub,1
https://twitter.edu/,0
https://reddit.org/,0
https://mail.reddit.io/verify/profile,0
https://reddit.in/signin/v1,0
http://google-dn3.click/login/verify/update/xv3tzef7ej1cmb81ww8,1
https://dropbox.in/signin/dashboard/signin,0
https://github.com/dashboard,0
http://microsoft-9bxblzfw.ml/login/verify/update/nr5n3m4v1spebjst2,1
https://youtube.net/profile/reset/checkout,0
https://medium.in/verify/verify/auth?id=6050,0
http://apple-psx0g3.com/login/verify/update/ol2wmix3ajoimw6ic,1
https://mail.slack.org/?id=1146,0
https://docs.microsoft.co/page,0
http://redditc.click/prize,1
http://confirm-sucz63ves.tk/login/verify,1
https://reddit.edu/auth/v1?id=1701,0
https://www.youtube.net/v1/profile?id=6494,0
https://mail.stackoverflow.net/page/api,0
http://paypal-7azadn.ml/login/verify/update/avpvp11vf,1
https://www.spotify.io/?id=7148,0
http://microsoft-ncpyc7.ga/login/verify/update/2stut10ybx6szc0n,1
https://mail.slack.com/,0
http://apple-jgaje.top/login/verify/update/ui240f49bu7vm,1
https://twitter.io/,0
https://microsoft.io/v1/checkout,0
https://dropbox.io/page/checkout/v1,0
http://h5sljn0.utds2g6.6y69z9.36j2y5.7vm9fqz.top/t0f0xo/6juf3w9cz73/quxdyx,1
https://191.61.243.67/bank/update/confirm,1
http://microsoft-aag.ga/login/verify/update/4yxa4kclt3j,1
https://dropbox.edu/reset/verify/page,0
https://linkedin.com/profile/dashboard/api,0
http://prize-j1ukt9sjorg3n30.tk/login/verify,1
https://252.235.98.72/confirm/update/account,1
https://reddit.co/auth,0
https://62.201.115.211/paypal/support,1
https://spotify.in/api/dashboard/settings,0
https://quora.io/api?id=6360,0
http://microsoft-p7q64.ml/login/verify/update/ye3wr5329i,1
http://amazon-0qjk.top/login/verify/update/pwlsycmuv2,1
https://docs.spotify.co/page?id=8760,0
https://slack.edu/verify/page,0
http://amazon-te9mq.org/login/verify/update/t63pg3blach,1
https://github.io/auth/v1/dashboard,0
https://docs.amazon.com/dashboard/signin,0
https://mail.github.com/auth/profile/reset?id=5985,0
http://238.21.179.49/account/confirm/login/support,1
https://netflix.co/signin,0
https://app.zoom.com/signin/auth,0
https://slack.edu/index/dashboard/checkout,0
https://microsoft.com/auth/auth?id=614,0
https://youtube.net/,0
http://googlef.gq/confirm,1
http://29ezkkrlp0.qu480w5.ka1r.tgpw.qs7n.click/ykosoooiesx/vm2p9qtnf/i5x6m8f3pa/rvznnz9wbgv1tr/x6zsmjnikcl85,1
http://prize-sb5kpkc2e14.gq/login/verify,1
https://docs.reddit.edu/page,0
http://244.75.137.83/service/free/verify,1
https://reddit.co/dashboard/dashboard,0
https://mail.spotify.in/auth?id=2940,0
https://facebook.in/auth,0
https://docs.netflix.edu/profile/auth/checkout,0
http://service-qrrwi22.ml/login/verify,1
https://linkedin.io/v1/v1?id=9281,0
http://google-jc3vc.tk/login/verify/update/s974xlmp,1
http://0ty2n13oul.kfco7d7fv5.1zdj0t.cf/58wma/w7d73jf/r98yv/cuti9nr6b4v/tta3s9naejinr/y9480vkjh1wfnx/y3vbyxcz32gi3,1
http://cdf1h4u2ox.w4715vci.avdhsaxq5.nq563.71xn.xyz/av6rljbbft1cywm/xc1zt0ajja550/1y9b5/4ipy1q4w4z,1
http://githubs.click/update/account,1
https://www.apple.edu/settings,0
http://hj6vpskkn.ztteakj17m.yw9lbtp.xyz/pdmaiu/57tbdg/t8dt86un4v/2g5mmnfp/upexaj84okib3/afk6q7yvz0ie/vlvf90,1
https://microsoft.co/checkout/page,0
https://116.254.152.124/free/account/verify/prize,1
https://google.net/,0
https://github.com/?id=3105,0
https://twitter.org/profile/dashboard,0
http://70s8tmrr.5yu0.as5hsp.8bl2j.xyz/uef5cjext4qxrz/gnb3qtjxl0oirg/cp9d8ilj/sm6a1f,1
http://paypal-83qzm.xyz/login/verify/update/w608li7ncug68,1
http://a6fwzcfyq.52wp5z6.sqnru.1tfzfzqbug.tc9s3km.top/bwt3ob3yda/nkxx5y1pp9ll/tovpxc,1
https://spotify.com/checkout/page,0
https://api.slack.edu/page/api/checkout,0
https://docs.linkedin.in/,0
https://facebook.io/verify,0
https://zoom.org/,0
https://api.zoom.co/settings/settings/profile,0
https://app.spotify.net/checkout/verify,0
https://facebook.com/,0
https://mail.facebook.edu/auth/profile,0
https://google.com/api/profile/checkout,0
https://docs.netflix.io/verify/reset/signin,0
http://paypal-iq51rffqj.ml/login/verify,1
https://125.0.192.114/support/secure/paypal,1
https://api.youtube.in/dashboard,0
https://youtube.org/auth/v1,0
http://bank-d2zyn1hk8479q.tk/login/verify,1
http://gg6zqh.otsga.rhofvkzhim.ga/ck14i0lhvr3/kb2zn/18f9l7fh647/9dqp3ez1su1s9ks/byz3qutrp,1
https://apple.in/verify/settings/signin,0
http://q7g2qxhw6.sewzxu6z.281lg.top/1gvn9jb/p8k676stjs/ljgkp6qy4/atibaeln5i6yni/0sy5v21m1c3/bi6zpyauteqamrd,1
https://docs.spotify.co/dashboard/page/checkout,0
https://docs.linkedin.net/signin/auth/checkout,0
https://mail.spotify.in/settings/signin/v1?id=3891,0
http://service-i9v47.top/login/verify,1
http://140.138.114.74/bank/secure/bank,1
https://api.wikipedia.edu/v1,0
https://medium.com/signin/reset?id=9951,0
http://support-y5uqizv.tk/login/verify,1
https://www.youtube.org/reset,0
https://mail.amazon.org/checkout/page/settings,0
http://google-i3scc7b0.click/login/verify/update/58r0ksyg4benr9dxm,1
https://stackoverflow.io/auth,0
http://wiki-pedia.ga/service,1
http://reddit-login.click/support,1
http://qu-ora.top/verify,1
https://app.slack.edu/page/signin,0
https://www.instagram.edu/checkout,0
https://youtube.in/v1/profile/settings,0
https://app.dropbox.net/signin/signin/profile,0
https://github.in/verify/profile?id=4888,0
https://youtube.io/?id=9614,0
http://a31qwxveyg.v79tqdr1p.hr2p37.uvyv16bdp.q9pwhin.click/z9cjyd3ks/m9cnj0/pj0g1zrmh0nf,1
https://spotify.co/settings,0
http://qkvym9ke.nvc8.x1u619jyq.djy5.top/03juaicsf/p9dr55r1bbs/emvgbnyzetl94qp/j8680g0l6mbck,1
http://microsoft-mqj.org/login/verify/update/ua3r8vcf9,1
https://docs.amazon.com/page/auth,0
https://docs.twitter.com/checkout/v1,0
https://www.quora.net/settings,0
https://netflix.net/dashboard,0
https://reddit.in/index/verify,0
https://amazon.co/dashboard/profile/index,0
http://apple-5xvc0.ga/login/verify/update/mb92k7ddayzkwbs2,1
https://api.wikipedia.io/api,0
https://57.65.131.156/service/secure,1
https://slack.io/,0
https://app.github.com/checkout/checkout/profile,0
https://google.edu/api/dashboard,0
http://google-4kz10s.com/login/verify/update/0tcp2o3a235j0h9899yt,1
https://google.in/checkout/api/profile?id=9433,0
https://mail.stackoverflow.net/dashboard,0
http://apple-6seigxpj.gq/login/verify/update/omghbvdgas3b,1
http://secure-jhab2ji.ml/login/verify,1
https://www.linkedin.edu/,0
https://slack.co/reset/profile,0
https://youtube.edu/,0
https://spotify.org/page/index?id=1296,0
https://slack.in/index/v1/index,0
https://www.facebook.co/api,0
http://amazon-ym20q27.xyz/login/verify/update/d8iz00r34c2grp5y,1
http://microsoft5.ml/support,1
http://instagram-login.cf/account,1
https://netflix.co/api,0
https://mail.medium.io/api/settings,0
https://mail.reddit.io/,0
https://mail.quora.edu/dashboard/index/settings,0
https://stackoverflow.co/v1,0
https://youtube.org/page?id=1648,0
http://twitter-login.gq/confirm/prize,1
https://amazon.org/,0
https://medium.io/settings/verify/checkout,0
http://link-edin.click/paypal,1
http://service-fbfwzka1vm.tk/login/verify,1
https://reddit.io/reset,0
https://reddit.io/,0
http://2p8s3.e44imu4am7.9pj7yalv.vbh6ejc.ga/l2z22n98h/epmhzeibg3q4a13/4kpi3lp6fam8/iq8yg45sqfy6so/595597j/j8vwg,1
https://github.in/,0
https://medium.io/checkout?id=2946,0
https://instagram.com/,0
https://www.wikipedia.com/profile/page,0
https://spotify.in/,0
https://41.2.120.76/prize/secure/bank/support,1
https://microsoft.co/profile/checkout,0
http://hxu9ge.2pfnb.4mrq.1l8vauad.amqlg.click/cz49zc1q3bh/8kob5mqo6/pmvw9jq/3gj8b3scy7vnb/chz5kaodd1jkwcq,1
https://docs.zoom.co/,0
https://reddit.com/reset/reset?id=5085,0
http://wikipediap.click/account/secure,1
https://apple.in/checkout/signin/v1?id=8087,0
https://linkedin.com/checkout/checkout?id=8713,0
http://apple-rssfgg1.click/login/verify/update/spqvs2s8ytsmlodoq0k,1
https://stackoverflow.net/profile/v1?id=6635,0
https://youtube.org/signin/v1?id=6540,0
http://yx3tc5hwp.yoh7ys.mlowbw.e7j0ddh.y0t0gwt72.gq/e0lq739/55ivj2k1bu/4q03hezfpaiug/oxe2kdj7dj6rlwy/dmr231gxj/0u92gmwym,1
https://instagram.in/page?id=1937,0
https://dropbox.io/page/v1/settings,0
http://apple-pi74.click/login/verify/update/bf7qzlt8824mzvhg,1
https://medium.net/profile/profile/dashboard,0
https://zoom.org/auth/page/dashboard?id=7239,0
http://dro-pbox.gq/paypal/paypal/update,1
https://amazon.org/index/auth,0
https://quora.co/api/index/settings,0
http://google-s5svdloo.org/login/verify/update/sh4i2ghqopgsy,1
https://reddit.io/page/dashboard/auth,0
http://githubs.ml/bank,1
http://git-hub.xyz/paypal,1
https://amazon.co/settings/checkout,0
http://paypal-ygvik70.ml/login/verify/update/chfybpuo7t4o1,1
https://wikipedia.com/dashboard/reset,0
https://amazon.net/profile/auth?id=2012,0
https://github.edu/dashboard/settings,0
https://netflix.io/,0
http://support-yph8us.xyz/login/verify,1
https://twitter.net/auth,0
http://verify-gdj8p.ga/login/verify,1
https://173.212.237.13/secure/bank,1
https://www.facebook.io/profile/profile/verify?id=6685,0
https://app.apple.edu/reset/index,0
http://link-edin.ga/account,1
https://spotify.co/profile/settings,0
https://248.57.9.21/free/secure/bank/account,1
https://reddit.org/verify/checkout?id=4318,0
https://wikipedia.org/checkout/dashboard,0
https://linkedin.in/verify,0
http://uubuok.rw4zb.gx5zwn2y4b.wk28i.top/v3qph/4l6lyrsc8e80up1/6q3dbi4y9exx2/4sw8ff/3ah1y6nkb33d,1
https://medium.edu/page,0
http://instagrams.ml/paypal,1
http://f1c4p.0xt5.mtbd0y.5qa63el.xyz/5xl4s/z1qiu7ktp/2arvhgy37ko8w,1
http://ulv0uorj.ts1a78z3l.dlx4aaom2.doly0fwoew.y3dmwp8pgm.gq/2t2rv9/9hc2ih3l1jmba/6p2jgaze8m/l354ebgactbu5t4/6xrt5ebzyvvkkd6,1
https://instagram.in/dashboard/verify/checkout,0
http://pfh7r5j7.st7qeb7tb1.8ocsw.r3sem7.d9ha9.xyz/2i0dqcdpk0/47hab0c7pag8v5/fk4uvauti026ac/qj25m4dr/r6casfjlq0by1qe/sd3505km8q3r/3zpkdol0d,1
http://z00m.tk/paypal/free/paypal,1
https://youtube.in/,0
https://microsoft.net/index/api,0
http://r2sfee.h0rzpv.wcclwk2fp.ml/kkys5hl8f/zaq80b9aj/emx0athc5yyn0/dkcyxih4q4ddhfi/h5orwe06b1xu4k,1
http://update-adb07mrke2y.xyz/login/verify,1
https://docs.linkedin.io/,0
http://microsoft-login.ml/bank/bank,1
https://linkedin.in/verify/api/auth,0
https://wikipedia.org/v1/signin/dashboard,0
https://reddit.com/,0
https://netflix.in/profile,0
https://wikipedia.io/verify/verify/profile,0
https://google.net/verify,0
https://google.com/?id=9391,0
http://dro-pbox.xyz/paypal,1
https://spotify.co/api/api/dashboard,0
https://dropbox.in/v1/auth/auth,0
https://microsoft.com/,0
https://wikipedia.io/dashboard,0
https://mail.facebook.com/api/verify,0
https://amazon.co/,0
https://wikipedia.in/index/profile/verify,0
http://qu-ora.ga/login/free/verify,1
http://hxdx.xuqh4s.w1wlpp.guu8xant1.c0fda.gq/8upziw/c6xwfu/emmsic4mkka88c/x35t9md1/givd96fc86g8,1
https://medium.com/index,0
http://login-vrg6c1avs.xyz/login/verify,1
https://wikipedia.io/signin/reset/index,0
https://3.23.88.8/account/service/support,1
https://microsoft.in/auth/v1/v1,0
https://wikipedia.edu/profile/v1/page,0
https://youtube.com/reset/settings/api?id=7037,0
https://google.edu/api/settings,0
https://slack.edu/profile/signin,0
http://stackoverflow-login.gq/confirm/service/bank,1
http://amazon3gv.ml/prize,1
https://zoom.io/?id=1166,0
http://apple-y7l17fs.com/login/verify/update/qlcxh9zh55acaotcouw8,1
https://quora.com/settings/signin/checkout,0
https://www.reddit.org/signin/profile/auth,0
https://www.instagram.io/signin/checkout/dashboard?id=4556,0
http://bank-8wcbc.cf/login/verify,1
https://twitter.io/dashboard/checkout,0
http://prize-k8ywge51c3e6.cf/login/verify,1
https://spotify.org/api/v1/settings,0
https://medium.edu/index,0
http://88ad.41k5b.mqd4clr.click/u8dzhxlep526/nyh08vg9li8s1/0e2865ujpksm/95sovmtogvts0h/j8owl0,1
https://stackoverflow.co/dashboard/checkout?id=2574,0
http://service-n2efh2.click/login/verify,1
https://slack.in/reset,0
https://14.237.179.109/secure/support,1
http://xr5u25.lign.tjkssfh.wjb9.botu3xbv2.click/zb7w8oclq0su/xxs4to886rqh/tk30noltqznyzy/0ltpy0rj3adwg/a2yzq4heao9g08/trb33gm633wxt1s/mpokl,1
https://reddit.net/index/v1/checkout,0
https://docs.twitter.net/v1/page,0
http://google-wn6.cf/login/verify/update/74hymr79qlpmkn1,1
http://microsoft-xwwkbfk.com/login/verify/update/91w0xn80umh7wia9pyr,1
http://paypal-9llr9.ml/login/verify/update/80cms8op8e,1
http://apple-i89je4x.tk/login/verify/update/cptx7wbe,1
http://227.25.186.113/bank/verify/update,1
https://www.quora.com/dashboard/reset?id=7371,0
https://mail.instagram.io/v1/v1?id=918,0
http://apple-yr7.top/login/verify/update/0x6o5q88mija7yvjzsd,1
https://quora.in/reset,0
https://docs.twitter.edu/?id=9378,0
https://quora.in/page/checkout/profile,0
http://165.182.250.247/paypal/verify,1
https://amazon.net/verify/profile?id=2512,0
https://linkedin.edu/,0
http://amazon-odw0mu.tk/login/verify/update/1jey6q6y6i0ydioppm,1
https://medium.com/profile/checkout/checkout,0
https://app.netflix.net/reset/settings,0
https://www.reddit.net/settings?id=1557,0
http://microsoft-kkiy.org/login/verify/update/57cnyp9idbyveu,1
http://gpludq14.hz4sgemrrt.w96ge5i.xyz/vhb8va6dihvu1/bq4mrx464/09uek77cftdgq9/fbr0s5/7yxyl3f36o2n/yebpq4af4f9h,1
http://account-tn3ay7ht3du0.ml/login/verify,1
https://app.twitter.edu/v1,0
https://249.119.108.158/verify/account/service/login,1
https://slack.net/?id=7844,0
https://api.youtube.org/reset/reset,0
https://app.facebook.io/verify/settings/api,0
http://52.221.30.161/prize/update/verify/bank,1
https://85.109.247.165/bank/support,1
https://wikipedia.org/index/v1,0
https://app.zoom.net/reset,0
http://login-le6yy8ozjx82e.top/login/verify,1
https://quora.com/signin,0
https://linkedin.co/reset/auth,0
http://v400zgk.vstss90q.thk3l.xyz/1gf0bf527a/jj59yoipsl8efn/vdr48d/ou5i5pe4yacu1/553m7dr,1
https://quora.net/v1,0
https://api.twitter.org/settings/profile/page?id=9393,0
https://reddit.org/page/reset/api,0
https://www.twitter.net/settings/index/api,0
https://facebook.co/api/verify/page?id=5691,0
https://wikipedia.io/checkout,0
https://slack.com/signin/signin/page,0
https://spotify.com/?id=6277,0
http://paypal-unj.org/login/verify/update/nv1iwgxigwyvgf,1
https://zoom.com/index/reset/verify,0
https://dropbox.org/dashboard,0
https://reddit.in/,0
https://mail.twitter.org/verify/page,0
https://mail.linkedin.net/signin/v1,0
https://46.23.114.167/update/verify/account/free,1
https://api.youtube.io/profile/profile/dashboard,0
http://amazon-vdqeux4.top/login/verify/update/3gg0xs7v0fj4,1
https://apple.net/index/dashboard/reset,0
http://ff43urww1.ygrter6.8auhg38bhd.umi2xplb.s3pxmew4q.top/czmvu/enrd6tm9d8h/9fvf9ip6,1
https://stackoverflow.edu/dashboard/reset,0
http://github-login.ga/prize/login/support,1
https://quora.com/profile,0
https://linkedin.net/checkout,0
https://spotify.co/v1/auth/api?id=6733,0
https://quora.io/reset/profile/reset?id=5826,0
https://facebook.co/index/auth,0
https://zoom.co/index/index/auth,0
http://netflix-login.click/confirm/free,1
https://slack.io/signin?id=4067,0
https://microsoft.edu/api/settings,0
https://dropbox.net/?id=686,0
http://193.108.99.20/service/bank,1
https://instagram.in/api/signin,0
https://stackoverflow.org/,0
https://zoom.io/,0
https://mail.wikipedia.org/index/settings,0
https://api.twitter.in/index/auth/dashboard,0
http://zoomffs.top/prize/confirm,1
http://account-6y3cd25wso.ga/login/verify,1
https://spotify.edu/auth/verify/page,0
https://wikipedia.net/v1?id=5266,0
http://twi-tter.ga/confirm/account/verify,1
https://youtube.in/api/auth,0
https://zoom.in/profile/profile/checkout,0
http://247.11.123.1/service/service,1
https://zoom.com/reset/page/reset,0
http://red-dit.click/login/account,1
https://slack.io/?id=6785,0
https://130.144.82.103/service/prize/account,1
https://80.210.228.123/update/free/paypal/account,1
https://medium.co/settings/profile/dashboard,0
https://instagram.edu/reset,0
http://google-idb0650.ga/login/verify/update/9hvnodralqs9gihyghx,1
https://instagram.io/settings/v1,0
http://free-37ioxy95ufy.ml/login/verify,1
https://microsoft.org/auth/checkout/verify,0
https://netflix.net/auth/profile/auth,0
https://youtube.edu/profile,0
https://instagram.io/,0
https://github.net/index/checkout,0
https://docs.spotify.io/?id=8798,0
https://youtube.com/index/index?id=5762,0
https://dropbox.in/verify,0
https://app.quora.edu/,0
https://dropbox.com/index/v1/verify,0
https://google.net/settings,0
https://slack.com/api/index,0
https://stackoverflow.com/signin/settings?id=6293,0
https://docs.google.in/,0
http://wtx0mep.2zvxmua.cwpm4xo.vvkxj7k2.xyz/h5we42fyy4nqp/bdt9facc6odog/cwnf6il8,1
http://paypal-uoc6.xyz/login/verify/update/dly7qfloqa,1
http://241.172.224.10/prize/account,1
https://stackoverflow.net/auth,0
https://docs.amazon.io/settings/api,0
https://slack.edu/index,0
http://apple-eyhoskt9.ml/login/verify/update/ypraaauy0jl156hzb,1
https://spotify.edu/page/dashboard/v1,0
https://instagram.net/,0
https://zoom.org/settings/verify,0
https://microsoft.edu/checkout,0
https://facebook.net/signin/dashboard/profile,0
https://wikipedia.co/,0
https://twitter.co/profile/page/api,0
https://wikipedia.com/settings/verify,0
https://docs.wikipedia.co/,0
https://stackoverflow.in/settings/checkout,0
http://tk84rne.unc4.qzqs.ga/bpkw8fa6r/csjtk5t5vdm/2by5zzvjwd/6mm6nhzvap2,1
http://link-edin.tk/service/prize/secure,1
https://dropbox.co/profile/reset?id=6036,0
https://api.instagram.io/reset/signin,0
https://twitter.co/v1,0
https://docs.facebook.io/,0
https://facebook.net/index/checkout,0
https://instagram.edu/profile,0
https://amazon.co/index?id=7127,0
http://amazon-nkn.ga/login/verify/update/ggccr619po2rs2f,1
http://xs3zk.cvqk02lmk.k9bw9n0l2f.wj7l5zg.top/8t4e5s/gv7jz/0lwn7qf0h68qzg,1
http://ap-ple.ml/update,1
https://twitter.com/,0
http://account-dottuj3xc2.top/login/verify,1
https://72.96.251.114/bank/account/paypal/paypal,1
https://slack.edu/profile/auth/v1,0
