forgery_score_heuristic,utr_valid,utr_length,ela_tamper_regions,font_consistent,color_authentic,ocr_confidence,app_detected_encoded,label
0.0013365402135911142,1.0,12.0,0.09384137438581441,1.0,1.0,0.8244445358166841,0.0,0
0.016154169961021536,1.0,12.0,0.004263320928703274,1.0,1.0,0.8114225702950422,0.0,0
0.22060409210183468,1.0,12.0,0.08036035354415352,1.0,1.0,0.8515620320729914,0.0,0
0.18397615329900058,1.0,12.0,0.08481280954668835,1.0,1.0,0.7368330668988126,2.0,0
0.7109912334575098,0.0,0.0,0.7758795622157245,1.0,1.0,0.6118252120885497,3.0,1
0.5418056459969258,0.0,8.0,0.38965690060257485,0.0,0.0,0.3557488250739834,3.0,1
0.701705837199452,1.0,12.0,0.4926968858628141,0.0,1.0,0.3523369856270761,0.0,1
0.09691839868759855,1.0,12.0,0.0402327124686556,1.0,1.0,0.9622787411830713,0.0,0
0.8561869906626544,0.0,12.0,0.7366470237150741,0.0,1.0,0.5844161276992728,3.0,1
0.20661615237304573,1.0,12.0,0.055768869118545276,1.0,1.0,0.7163830909640406,0.0,0
0.05408100575913838,1.0,12.0,0.05182603666763922,1.0,1.0,0.8791822217291023,0.0,0
0.007236079185841765,1.0,12.0,0.023964578495755662,1.0,1.0,0.7097167413327985,0.0,0
0.6513575343624514,0.0,11.0,0.7389656036422768,1.0,1.0,0.20833905511745,0.0,1
0.6049042664104262,0.0,10.0,0.7904254922655861,1.0,1.0,0.23145131534957647,3.0,1
0.23155130047108627,1.0,12.0,0.08713152472468536,1.0,1.0,0.9355250971719271,0.0,0
0.5607656500641087,0.0,10.0,0.15995188130748852,0.0,0.0,0.382888343450962,3.0,1
0.10189605214345424,1.0,12.0,0.08275189221063031,1.0,1.0,0.9293583383964152,2.0,0
0.8887322722119981,0.0,0.0,0.1666263390768593,0.0,0.0,0.5199183365365475,2.0,1
0.09753005867208481,1.0,12.0,0.03551316477538126,1.0,1.0,0.7135747567056663,2.0,0
0.701578069372752,1.0,11.0,0.15934241865555546,1.0,0.0,0.35375355821830434,3.0,1
0.10806019597312808,1.0,12.0,0.08401215027412189,1.0,1.0,0.817645363433559,2.0,0
0.04120616883669051,1.0,12.0,0.017058191155709,1.0,1.0,0.9844324960514327,1.0,0
0.014040502475828276,1.0,12.0,0.025563909379536155,1.0,1.0,0.8582690946998259,0.0,0
0.02765089971829021,1.0,12.0,0.003559023080647639,1.0,1.0,0.9982990908057144,1.0,0
0.9978703030600535,0.0,8.0,0.6851758600149912,0.0,0.0,0.5668428699045425,0.0,1
0.534555029890739,1.0,12.0,0.514111732118783,1.0,0.0,0.6117184714831772,1.0,1
0.13724511236041045,1.0,12.0,0.021927396192387573,1.0,1.0,0.7101007534641618,2.0,0
0.23607590873945747,1.0,12.0,0.010219361969371898,1.0,1.0,0.9562629323384697,2.0,0
0.8278101014402675,1.0,0.0,0.25182079593636175,0.0,0.0,0.3517489594596017,0.0,1
0.21503170410448094,1.0,12.0,0.04574320977737073,1.0,1.0,0.817350929824114,2.0,0
0.08570974120136268,1.0,12.0,0.011148768783878195,1.0,1.0,0.8711228474210925,1.0,0
0.13331284981977562,1.0,12.0,0.06367617170443272,1.0,1.0,0.9244698493995688,0.0,0
0.14927394254667994,1.0,12.0,0.059480321467778964,1.0,1.0,0.8116601175475657,2.0,0
0.22705712217508073,1.0,12.0,0.07587153211639208,1.0,1.0,0.8791465917970905,1.0,0
0.1544828899615745,1.0,12.0,0.03418472854980921,1.0,1.0,0.9621624866563054,2.0,0
0.08720513349236983,1.0,12.0,0.011099809879131485,1.0,1.0,0.9424705630027667,0.0,0
0.8674563660290622,0.0,8.0,0.1767917298686047,0.0,1.0,0.47167702289080893,3.0,1
0.7621514725949234,0.0,12.0,0.7692373632243993,0.0,0.0,0.6371823605618627,1.0,1
0.14091499275719055,1.0,12.0,0.04506864749389131,1.0,1.0,0.901616811625676,1.0,0
0.8486203084078537,1.0,0.0,0.486439652284975,1.0,0.0,0.3304661431848629,3.0,1
0.11391418819642823,1.0,12.0,0.06201325978015368,1.0,1.0,0.7832143548943398,1.0,0
0.5499257260992866,0.0,8.0,0.7929706236621092,0.0,1.0,0.6398160773499362,3.0,1
0.05599563646627029,1.0,12.0,0.02391425454345232,1.0,1.0,0.8536901040661242,2.0,0
0.051671089969186346,1.0,12.0,0.027396112732113377,1.0,1.0,0.7643767359125122,1.0,0
0.9866046484772245,0.0,11.0,0.7073654149285432,1.0,0.0,0.53192139321549,3.0,1
0.5805713658469529,0.0,11.0,0.3588065705625816,0.0,0.0,0.3145741981828877,3.0,1
0.06063606914574268,1.0,12.0,0.029169345072158605,1.0,1.0,0.9772928701157674,0.0,0
0.16667141297312826,1.0,12.0,0.06233795659599071,1.0,1.0,0.8807407511371799,0.0,0
0.24887012267606426,1.0,12.0,0.04463523511976422,1.0,1.0,0.8000708648416601,1.0,0
0.40318850149291724,0.0,10.0,0.6247689393731652,0.0,0.0,0.3619613162969135,3.0,1
0.02263986690023012,1.0,12.0,0.0668003250743014,1.0,1.0,0.7399980449027725,1.0,0
0.17099094234953527,1.0,12.0,0.06158511643899139,1.0,1.0,0.9831674813682272,1.0,0
0.5120684842974225,0.0,10.0,0.590972513613913,0.0,0.0,0.31939089814812865,1.0,1
0.5002794503881527,0.0,11.0,0.36457266860590676,0.0,0.0,0.5875788497396437,1.0,1
0.7671424508603946,0.0,11.0,0.6932190378211164,0.0,0.0,0.40639608177156666,3.0,1
0.4063309820895403,1.0,10.0,0.7297175345054664,1.0,0.0,0.2520225247751805,2.0,1
0.760151819760103,1.0,0.0,0.4177960931699122,0.0,0.0,0.4599810965723789,3.0,1
0.24763650819253336,1.0,12.0,0.020065101740376123,1.0,1.0,0.9983945924679993,2.0,0
0.048283216146823266,1.0,12.0,0.008409822446798465,1.0,1.0,0.7979300729509878,0.0,0
0.9670224792181626,1.0,0.0,0.5401182638043116,1.0,0.0,0.34726263855761763,1.0,1
0.813260509575491,0.0,0.0,0.15505958067482864,0.0,1.0,0.2370571147839285,0.0,1
0.07098024368436642,1.0,12.0,0.030536386034439346,1.0,1.0,0.845684126075868,2.0,0
0.5097358318412012,0.0,8.0,0.7772035909761869,1.0,0.0,0.6422870530349392,3.0,1
0.019644624288755186,1.0,12.0,0.03969232762015961,1.0,1.0,0.7398147262129181,2.0,0
0.9869952858670284,0.0,10.0,0.3678100822744227,1.0,0.0,0.545801555206828,1.0,1
0.7478598744605639,0.0,0.0,0.7316649804585879,1.0,0.0,0.5248101896974352,0.0,1
0.5616158203981226,0.0,8.0,0.5858513292289591,0.0,0.0,0.6458206513803972,1.0,1
0.07833697939628578,1.0,12.0,0.07889324717760073,1.0,1.0,0.9675616434432204,0.0,0
0.1430121608423252,1.0,12.0,0.05126677259564164,1.0,1.0,0.7880466469624364,1.0,0
0.12119459178758654,1.0,12.0,0.05124576558819216,1.0,1.0,0.9225060832685996,1.0,0
0.23145684361087934,1.0,12.0,0.06599934501353172,1.0,1.0,0.816630523858479,1.0,0
0.49816505250622733,0.0,0.0,0.5942324165850461,0.0,0.0,0.5500750373616445,3.0,1
0.98086734184367,0.0,0.0,0.5399257622343036,0.0,0.0,0.2252010390225501,3.0,1
0.09809843038211863,1.0,12.0,0.09562221906489483,1.0,1.0,0.739943501253429,0.0,0
0.038445926378304046,1.0,12.0,0.08861712940559931,1.0,1.0,0.8375555686561046,2.0,0
0.031984231127945795,1.0,12.0,0.0347507082425181,1.0,1.0,0.8306180938527207,0.0,0
0.9417208140592901,0.0,0.0,0.3282066244869951,0.0,0.0,0.5610121306558014,2.0,1
0.8453792540403666,0.0,8.0,0.5539871706221315,1.0,0.0,0.6047356349752964,0.0,1
0.1341203378711487,1.0,12.0,0.037882156555691576,1.0,1.0,0.8371000657845035,2.0,0
0.1743023454774092,1.0,12.0,0.07143266357349976,1.0,1.0,0.8385148431439358,0.0,0
0.1757358602446692,1.0,12.0,0.0052803960468528095,1.0,1.0,0.8459792986731259,1.0,0
0.8394648754782695,0.0,10.0,0.5458688140594953,0.0,0.0,0.4127715312033361,3.0,1
0.7351734021197136,0.0,0.0,0.26512894744157267,0.0,1.0,0.45483326467583934,2.0,1
0.464846496199833,0.0,12.0,0.17440900803902964,0.0,0.0,0.4850588536560977,0.0,1
0.0371266954109202,1.0,12.0,0.05964670754135437,1.0,1.0,0.9443151762007245,1.0,0
0.887307752375651,0.0,0.0,0.7028325737850933,0.0,0.0,0.49528056630020917,2.0,1
0.024294123442692134,1.0,12.0,0.06150072266991698,1.0,1.0,0.997016155031279,1.0,0
0.48966175511097654,0.0,8.0,0.2680604242212342,0.0,1.0,0.41073526615537337,3.0,1
0.23618300557285257,1.0,12.0,0.04674015112498697,1.0,1.0,0.8840234167632123,0.0,0
0.193129071519851,1.0,12.0,0.07024883415884689,1.0,1.0,0.8845760959847242,1.0,0
0.5928106601138328,0.0,0.0,0.639107509108244,1.0,0.0,0.4243850778981255,0.0,1
0.688402067383046,0.0,0.0,0.4269749312400066,1.0,1.0,0.3269700128162627,1.0,1
0.09772935671029057,1.0,12.0,0.09764565294354102,1.0,1.0,0.9863999070637206,2.0,0
0.7038738262219084,0.0,0.0,0.41988894184481496,0.0,0.0,0.40677601995664286,2.0,1
0.6275700350365268,1.0,0.0,0.7713370620523186,1.0,0.0,0.42643062517310504,3.0,1
0.21268186500411368,1.0,12.0,0.07459745255487181,1.0,1.0,0.822555487880775,0.0,0
0.007663125551451516,1.0,12.0,0.025768288851121368,1.0,1.0,0.8387868870217949,1.0,0
0.6220887510102502,1.0,12.0,0.7273234694267218,0.0,0.0,0.41611430048876963,1.0,1
0.2330295706209031,1.0,12.0,0.0565133183589209,1.0,1.0,0.9089952471630677,0.0,0
0.019803287502092703,1.0,12.0,0.00470583794600189,1.0,1.0,0.7058344151104243,1.0,0
0.9339782230823487,0.0,0.0,0.6644674485240925,1.0,0.0,0.5039550281104628,0.0,1
0.1511043448194543,1.0,12.0,0.05398410913016732,1.0,1.0,0.7609183674204307,0.0,0
0.1404659474523796,1.0,12.0,0.0671406072643737,1.0,1.0,0.9778924830763588,1.0,0
0.05800995722527649,1.0,12.0,0.04582346503928339,1.0,1.0,0.9344046521843219,1.0,0
0.04402386783264867,1.0,12.0,0.021395703868823692,1.0,1.0,0.7039088703271251,1.0,0
0.24388532892068907,1.0,12.0,0.04589889880170131,1.0,1.0,0.8671916106670143,1.0,0
0.2155507434145472,1.0,12.0,0.03138754967224705,1.0,1.0,0.8614068116091709,2.0,0
0.05685237396534473,1.0,12.0,0.04039778763265483,1.0,1.0,0.8627637410186269,2.0,0
0.13801734116334446,1.0,12.0,0.041579750068745015,1.0,1.0,0.9158961449831591,0.0,0
0.04879929114297063,1.0,12.0,0.06784911686505812,1.0,1.0,0.7969299104999011,1.0,0
0.9635561373469143,1.0,11.0,0.5770923686464146,0.0,0.0,0.5692234000960348,0.0,1
0.22634549410481591,1.0,12.0,0.009128667678613357,1.0,1.0,0.7957940912771244,1.0,0
0.6695559351585034,0.0,12.0,0.3366356941716432,1.0,0.0,0.6024723843673352,0.0,1
0.10197240212682002,1.0,12.0,0.027963631849320627,1.0,1.0,0.7409110982402697,1.0,0
0.9359599817602465,0.0,11.0,0.6802833401209285,0.0,0.0,0.48965565618072404,3.0,1
0.09970569522422512,1.0,12.0,0.05801723692273323,1.0,1.0,0.8600807640180635,2.0,0
0.15655508040785385,1.0,12.0,0.013124487768238758,1.0,1.0,0.7097578538473756,1.0,0
0.2253957513217669,1.0,12.0,0.02152044797331928,1.0,1.0,0.965306545136726,2.0,0
0.41118795184886975,0.0,0.0,0.6543849523799076,0.0,0.0,0.3393568812408282,0.0,1
0.4230553873834352,0.0,11.0,0.48975322201494054,0.0,1.0,0.2595487502540411,3.0,1
0.8332584677607284,1.0,10.0,0.601928186413871,0.0,0.0,0.5978933083231934,3.0,1
0.1370363006820055,1.0,12.0,0.017464718589632954,1.0,1.0,0.7887796088309849,2.0,0
0.02029105611592863,1.0,12.0,0.045220247910353874,1.0,1.0,0.9217274265978859,2.0,0
0.58565948258169,0.0,10.0,0.16591217277857997,0.0,1.0,0.3319201740139858,0.0,1
0.06633153438886674,1.0,12.0,0.06015538792998241,1.0,1.0,0.7889679736617792,0.0,0
0.5403536924676309,1.0,11.0,0.3547188402471937,0.0,1.0,0.31878898386942345,3.0,1
0.1284666314283179,1.0,12.0,0.07966448690151381,1.0,1.0,0.8013944651409508,0.0,0
0.03570357611821684,1.0,12.0,0.057982957604772505,1.0,1.0,0.7847650802555917,0.0,0
0.07137719502962789,1.0,12.0,0.053157739677499316,1.0,1.0,0.8531685386228014,2.0,0
0.2447328589039903,1.0,12.0,0.08397888594565706,1.0,1.0,0.9600981280034571,0.0,0
0.18311218295952245,1.0,12.0,0.05483205837264243,1.0,1.0,0.7383964625600759,2.0,0
0.1827045071779522,1.0,12.0,0.014798414736583478,1.0,1.0,0.955767334570466,0.0,0
0.2088700564355486,1.0,12.0,0.0014693388654953843,1.0,1.0,0.8137282146015808,1.0,0
0.9469709233020569,0.0,12.0,0.7620626538476897,0.0,0.0,0.2634067746595926,1.0,1
0.10686663204167227,1.0,12.0,0.0645218575844664,1.0,1.0,0.9235644228072504,2.0,0
0.13920031561458754,1.0,12.0,0.0936154774160781,1.0,1.0,0.9088089390024918,1.0,0
0.7809578380706463,0.0,8.0,0.40369210568830083,0.0,0.0,0.5217287705982998,1.0,1
0.20127921282904443,1.0,12.0,0.013684516658635681,1.0,1.0,0.7209158277501188,2.0,0
0.17510794978912597,1.0,12.0,0.07704472210739899,1.0,1.0,0.8011908509402459,2.0,0
0.10954417916658882,1.0,12.0,0.08992603589246896,1.0,1.0,0.988678433982747,2.0,0
0.6807912196623651,1.0,10.0,0.19748365492692935,0.0,0.0,0.20901059053386795,3.0,1
0.5566170349215089,0.0,11.0,0.16146935411609378,0.0,0.0,0.3803969608075597,1.0,1
0.7976714396461981,0.0,8.0,0.28057016709114835,0.0,0.0,0.49334064214142265,3.0,1
0.017507426436867757,1.0,12.0,0.0009485433628498075,1.0,1.0,0.7158051507931685,0.0,0
0.8238212631101846,1.0,0.0,0.7489318588658948,0.0,0.0,0.411914371887936,3.0,1
0.7832357093495318,0.0,0.0,0.350750728608053,0.0,0.0,0.24300850144817054,0.0,1
0.11749706703948415,1.0,12.0,0.08901411373960147,1.0,1.0,0.9123164050802582,1.0,0
0.7306848017168404,0.0,0.0,0.348531297957116,0.0,0.0,0.308721107918018,3.0,1
0.1673271522904698,1.0,12.0,0.08918931032565626,1.0,1.0,0.7918154390568364,1.0,0
0.8860752566313141,1.0,0.0,0.6864956856148317,0.0,0.0,0.32512193675000267,2.0,1
0.028076086102804793,1.0,12.0,0.0002584014844982385,1.0,1.0,0.8913955617379893,0.0,0
0.2023402888696284,1.0,12.0,0.08101133946791808,1.0,1.0,0.960121695574031,0.0,0
0.025780967208983152,1.0,12.0,0.09025529066795668,1.0,1.0,0.8515757117343571,0.0,0
0.01566330086383863,1.0,12.0,0.0906437453344411,1.0,1.0,0.7417736113352785,1.0,0
0.12209365724573468,1.0,12.0,0.07375657490928268,1.0,1.0,0.857571927256048,0.0,0
0.008112769197668929,1.0,12.0,0.02355882282446775,1.0,1.0,0.7930921347375092,0.0,0
0.0008045659010696704,1.0,12.0,0.061958933745984074,1.0,1.0,0.8066479031324072,0.0,0
0.209427526476832,1.0,12.0,0.06756901170392808,1.0,1.0,0.9205648357722316,1.0,0
0.8532586603732165,1.0,8.0,0.6847135765121933,1.0,1.0,0.5065909334065479,3.0,1
0.11176388595160636,1.0,12.0,0.046035827120192635,1.0,1.0,0.959369082856801,1.0,0
0.11855355416436594,1.0,12.0,0.08620426509893135,1.0,1.0,0.9533648195605211,1.0,0
0.24278772684207145,1.0,12.0,0.05621888110645251,1.0,1.0,0.9144259829331838,0.0,0
0.10029697850974567,1.0,12.0,0.036695607920480065,1.0,1.0,0.8030681424327112,2.0,0
0.2093157517846272,1.0,12.0,0.012736947344788108,1.0,1.0,0.7378813411323195,2.0,0
0.6790741594886678,0.0,10.0,0.15654788029560043,0.0,0.0,0.24802123699719592,3.0,1
0.014613653527138476,1.0,12.0,0.014177439352710187,1.0,1.0,0.7823620762000376,2.0,0
0.06999477341507104,1.0,12.0,0.0769492933191937,1.0,1.0,0.756113124567257,1.0,0
0.06968996810363826,1.0,12.0,0.021070496386720317,1.0,1.0,0.9872344057114288,2.0,0
0.1737588072146383,1.0,12.0,0.09836789252634137,1.0,1.0,0.7717540312647777,2.0,0
0.6594135952880589,0.0,12.0,0.3500207230868411,1.0,0.0,0.6487266131415761,1.0,1
0.5071976832034618,0.0,11.0,0.5182666020995913,0.0,0.0,0.29882857046570177,3.0,1
0.7235146477081797,1.0,11.0,0.6386664817887167,0.0,1.0,0.24365819820669027,0.0,1
0.1832900945341999,1.0,12.0,0.09954215129254562,1.0,1.0,0.7862533598151277,2.0,0
0.5306373398097601,0.0,0.0,0.46432348070751384,1.0,0.0,0.6392387108898072,1.0,1
0.1902720765059689,1.0,12.0,0.03542677648410466,1.0,1.0,0.9847213588944532,1.0,0
0.02392863888004043,1.0,12.0,0.00236385860463364,1.0,1.0,0.8925914501329798,2.0,0
0.03523105624369066,1.0,12.0,0.08021969807540397,1.0,1.0,0.7223651931039312,2.0,0
0.14111463563066032,1.0,12.0,0.03787726259512894,1.0,1.0,0.8012340501615753,1.0,0
0.08259786841640412,1.0,12.0,0.05892146143478555,1.0,1.0,0.8362835190369468,0.0,0
0.6125476019135465,0.0,12.0,0.32099531399180176,0.0,0.0,0.27408226095443683,0.0,1
0.8245212626472662,0.0,11.0,0.2667694553116856,0.0,0.0,0.3537063348249238,3.0,1
0.10851304402023917,1.0,12.0,0.012757017457137088,1.0,1.0,0.8227255445904629,1.0,0
0.2409049942723132,1.0,12.0,0.085300945546736,1.0,1.0,0.7883346676208757,0.0,0
0.08272234074729298,1.0,12.0,0.04487775738314031,1.0,1.0,0.9008171204378084,0.0,0
0.1798086047610367,1.0,12.0,0.02715504551774857,1.0,1.0,0.794864536768999,2.0,0
0.13613883116366887,1.0,12.0,0.01598797633664414,1.0,1.0,0.9073739991357967,1.0,0
0.05615061001872121,1.0,12.0,0.006915356771850123,1.0,1.0,0.948249622490702,2.0,0
0.7323041753372417,0.0,0.0,0.5677887440737055,0.0,0.0,0.41589711100207005,3.0,1
0.9795962454449957,0.0,8.0,0.6668068494291688,1.0,0.0,0.5344846275381405,1.0,1
0.2302181001329533,1.0,12.0,0.006107795985486376,1.0,1.0,0.7830632944441611,0.0,0
0.21877951113951175,1.0,12.0,0.07905205102716735,1.0,1.0,0.7423322782064052,1.0,0
0.05634531700169146,1.0,12.0,0.019583308413427005,1.0,1.0,0.7422408846678028,1.0,0
0.015471425420118812,1.0,12.0,0.05353679411816512,1.0,1.0,0.8698214939344495,2.0,0
0.9588873955580084,0.0,12.0,0.7876791604654028,0.0,0.0,0.5372955038994884,3.0,1
0.4474775736848102,0.0,0.0,0.6907272414418743,1.0,0.0,0.3176718066774287,3.0,1
0.9506635914966637,0.0,10.0,0.4930453424686909,0.0,0.0,0.5479254612861315,0.0,1
0.026027412346041584,1.0,12.0,0.07243388171287411,1.0,1.0,0.8735160751019228,2.0,0
0.24683403964488648,1.0,12.0,0.04441035569066187,1.0,1.0,0.8595615299515049,1.0,0
0.07130145067010352,1.0,12.0,0.06307704201726207,1.0,1.0,0.8366948648319632,2.0,0
0.05144859424735543,1.0,12.0,0.07415661084668296,1.0,1.0,0.8640031794691935,2.0,0
0.19814870330228368,1.0,12.0,0.0627328935090678,1.0,1.0,0.9250797291816526,1.0,0
0.14063880031826184,1.0,12.0,0.07651603288167663,1.0,1.0,0.9821257621902241,1.0,0
0.04865595917621798,1.0,12.0,0.005764758219902489,1.0,1.0,0.802734393650414,0.0,0
0.13637258512370892,1.0,12.0,0.020705708338303288,1.0,1.0,0.8631919333854903,0.0,0
0.08483070891392777,1.0,12.0,0.07088991127733162,1.0,1.0,0.9981351926134516,1.0,0
0.1286224005780097,1.0,12.0,0.08568353497231763,1.0,1.0,0.8400634297369313,1.0,0
0.4678815626044142,0.0,12.0,0.7277476326300457,1.0,0.0,0.49152003717099607,1.0,1
0.24600329080261607,1.0,12.0,0.028840543781874575,1.0,1.0,0.9883406456222779,0.0,0
0.1357561459894158,1.0,12.0,0.02277497361032096,1.0,1.0,0.9892086541496541,0.0,0
0.12401068150414576,1.0,12.0,0.0007766642153968717,1.0,1.0,0.8476276031050294,0.0,0
0.9244654708154982,1.0,0.0,0.7055387768997713,0.0,0.0,0.2942379518698344,3.0,1
0.9363836010546576,0.0,0.0,0.3812531547304291,1.0,0.0,0.4880872408416644,0.0,1
0.014794267965885455,1.0,12.0,0.06328026106615069,1.0,1.0,0.9306760133713505,0.0,0
0.09706709599746804,1.0,12.0,0.02293947457049497,1.0,1.0,0.7797813774892717,0.0,0
0.21222845606652097,1.0,12.0,0.07217295211648732,1.0,1.0,0.7707954759246867,1.0,0
0.20733310128532093,1.0,12.0,0.03175314478767371,1.0,1.0,0.9858392582803883,1.0,0
0.4108227457027867,0.0,0.0,0.6695047612322479,0.0,0.0,0.5903646605731876,1.0,1
0.030139604100922562,1.0,12.0,0.09024533072858418,1.0,1.0,0.7199331533067325,1.0,0
0.9502469193192873,0.0,11.0,0.3364282061027664,0.0,0.0,0.6358311005974391,3.0,1
0.11900453234219163,1.0,12.0,0.037588828514576934,1.0,1.0,0.8183428835710106,1.0,0
0.19345863080033507,1.0,12.0,0.036275789466594544,1.0,1.0,0.9583204059924164,2.0,0
0.556241865272745,0.0,11.0,0.5965119327522818,0.0,0.0,0.3277090743686971,3.0,1
0.2127935652131927,1.0,12.0,0.06714246695306145,1.0,1.0,0.9428589927305325,2.0,0
0.920584968832134,1.0,10.0,0.41173628536509854,1.0,0.0,0.5342740744095607,3.0,1
0.09230762037747403,1.0,12.0,0.04542679722190997,1.0,1.0,0.864580935381446,1.0,0
0.931553268666055,0.0,11.0,0.6682689236724758,1.0,0.0,0.261786518813722,2.0,1
0.14210798858262583,1.0,12.0,0.07919930334057097,1.0,1.0,0.9960062834851072,1.0,0
0.03844778741700777,1.0,12.0,0.022361443449631126,1.0,1.0,0.9871968663683761,1.0,0
0.23201293755721203,1.0,12.0,0.009114063944467754,1.0,1.0,0.7857701601313607,2.0,0
0.0031010090693286974,1.0,12.0,0.046876796546450585,1.0,1.0,0.7903795782280001,2.0,0
0.24400817465005095,1.0,12.0,0.034481760774616975,1.0,1.0,0.8011932862453682,2.0,0
0.5804134405762662,0.0,0.0,0.5487395571691936,0.0,0.0,0.217072240821171,0.0,1
0.046876114279745085,1.0,12.0,0.07505984567441265,1.0,1.0,0.7707989817727712,2.0,0
0.109083957901639,1.0,12.0,0.08021092490267341,1.0,1.0,0.9933702006262812,0.0,0
0.04734835447121152,1.0,12.0,0.0005026552609803114,1.0,1.0,0.718028923113451,0.0,0
0.005554620506395103,1.0,12.0,0.09885399870457068,1.0,1.0,0.7124284266458163,1.0,0
0.12794511414237017,1.0,12.0,0.07694425794215569,1.0,1.0,0.980438655247835,2.0,0
0.5370453769404632,0.0,0.0,0.6084857490828433,0.0,0.0,0.2808239324722863,3.0,1
0.07748423156715273,1.0,12.0,0.03973181154575979,1.0,1.0,0.8280366716010248,2.0,0
0.16285509708796606,1.0,12.0,0.08297418037072017,1.0,1.0,0.7619263815281809,1.0,0
0.6678127476579556,0.0,12.0,0.28798038493558437,0.0,0.0,0.31627669154166654,3.0,1
0.023275691951474803,1.0,12.0,0.08972157579533269,1.0,1.0,0.9701254171489991,2.0,0
0.13394367101868962,1.0,12.0,0.00902897700544083,1.0,1.0,0.9505907486767714,2.0,0
0.0005793869762034665,1.0,12.0,0.004416193617783126,1.0,1.0,0.8025347214210284,0.0,0
0.05786880344132453,1.0,12.0,0.08684095239469342,1.0,1.0,0.9779391393868555,1.0,0
0.6536552662529429,0.0,0.0,0.4246111878649166,0.0,0.0,0.226831485974271,3.0,1
0.8449103513961942,0.0,0.0,0.6553396583647173,0.0,0.0,0.4016338182117355,2.0,1
0.8171178758219267,1.0,0.0,0.3779792439628007,0.0,0.0,0.5100499932448557,3.0,1
0.11935404737008842,1.0,12.0,0.06018067339454473,1.0,1.0,0.874520994226356,1.0,0
0.0945251924468627,1.0,12.0,0.014339537001089253,1.0,1.0,0.7055158426454792,1.0,0
0.10864899021467794,1.0,12.0,0.07738796557301564,1.0,1.0,0.8805770293045394,1.0,0
0.21867541817104985,1.0,12.0,0.0528937134027212,1.0,1.0,0.9817203095538689,2.0,0
0.6113814126260559,1.0,10.0,0.1554376789896937,1.0,1.0,0.28343531802222843,3.0,1
0.09572078682104587,1.0,12.0,0.07190756205108118,1.0,1.0,0.8642553652179983,0.0,0
0.03047152333423689,1.0,12.0,0.018114934953468033,1.0,1.0,0.9043353561894948,1.0,0
0.5709136785764558,1.0,10.0,0.31416956343949654,0.0,0.0,0.6121674857467015,3.0,1
0.012908869468628209,1.0,12.0,0.0018242481428361046,1.0,1.0,0.9090884387099265,2.0,0
0.1203360379088309,1.0,12.0,0.0019192276823056687,1.0,1.0,0.7779439626235103,1.0,0
0.1315235033128855,1.0,12.0,0.06877692063657348,1.0,1.0,0.7820423546124939,0.0,0
0.0877047773337539,1.0,12.0,0.03625597965590945,1.0,1.0,0.9417143577004654,0.0,0
0.11946961200556061,1.0,12.0,0.05322575311489761,1.0,1.0,0.750501086775739,0.0,0
0.16334587461967015,1.0,12.0,0.01923098960336275,1.0,1.0,0.7886963624837455,1.0,0
0.5130209392402418,0.0,12.0,0.6697909688748409,0.0,0.0,0.3195242559498867,3.0,1
0.8404441186035267,1.0,10.0,0.6444298723153442,0.0,0.0,0.5185463128564409,3.0,1
0.10335411232381536,1.0,12.0,0.07581850110765374,1.0,1.0,0.9230271358229828,2.0,0
0.018657453584270428,1.0,12.0,0.07826960407441493,1.0,1.0,0.7796162227564584,2.0,0
0.23643742555648253,1.0,12.0,0.031291954802882264,1.0,1.0,0.9575519363654663,0.0,0
0.020381622388106674,1.0,12.0,0.040326136112383185,1.0,1.0,0.766168337476697,1.0,0
0.04856839275045036,1.0,12.0,0.044720103221643805,1.0,1.0,0.9489463794151856,1.0,0
0.42843914675869843,0.0,0.0,0.7380264405657393,0.0,1.0,0.5839153924513663,1.0,1
0.2377321486256371,1.0,12.0,0.057712258603832084,1.0,1.0,0.8071363477901508,1.0,0
0.21249384287016548,1.0,12.0,0.06690223373291083,1.0,1.0,0.8386886683001822,2.0,0
0.2481208755395938,1.0,12.0,0.09270009679242953,1.0,1.0,0.8619871390841678,0.0,0
0.12012673681445724,1.0,12.0,0.010493017841817488,1.0,1.0,0.7726135047587582,0.0,0
0.8312849409694987,0.0,12.0,0.1825144734957626,1.0,0.0,0.3613284340379002,0.0,1
0.09904317290231385,1.0,12.0,0.06954672066898622,1.0,1.0,0.8165674303811037,0.0,0
0.17066315126104975,1.0,12.0,0.02356228511916484,1.0,1.0,0.9830722432105532,2.0,0
0.2310717676986653,1.0,12.0,0.03258234607704848,1.0,1.0,0.7383323958369971,2.0,0
0.23172908658277702,1.0,12.0,0.021369814157032842,1.0,1.0,0.8260012222244215,2.0,0
0.19307525379133572,1.0,12.0,0.06252047695304423,1.0,1.0,0.8120664403143045,0.0,0
0.7737837326128574,1.0,0.0,0.7375870058862966,0.0,0.0,0.5773254456994157,3.0,1
0.0037942205717067246,1.0,12.0,0.05814171055820205,1.0,1.0,0.7317559707633726,2.0,0
0.8781686533451349,1.0,10.0,0.3881969984895744,0.0,0.0,0.25154538481391703,2.0,1
0.1331543166137558,1.0,12.0,0.024247050363472966,1.0,1.0,0.7807729692848142,0.0,0
0.872156863537997,0.0,0.0,0.6855872529520926,0.0,1.0,0.23588235084325762,3.0,1
0.02120942852129798,1.0,12.0,0.09866395785011756,1.0,1.0,0.8122812387268361,0.0,0
0.6297455969078714,1.0,10.0,0.7219038312251654,0.0,0.0,0.3829814828974928,3.0,1
0.12714482236189462,1.0,12.0,0.03875952314827696,1.0,1.0,0.8385840810012867,2.0,0
0.04115512830912621,1.0,12.0,0.01811718508500201,1.0,1.0,0.9372073305700503,1.0,0
0.16415776842696903,1.0,12.0,0.02403989128935069,1.0,1.0,0.7574778837204477,0.0,0
0.18620626888247827,1.0,12.0,0.044595554509210183,1.0,1.0,0.7060069689196562,1.0,0
0.13032516685339235,1.0,12.0,0.00867052118621836,1.0,1.0,0.9874512379011791,2.0,0
0.1673000657345196,1.0,12.0,0.08292867993167556,1.0,1.0,0.9636936700846802,0.0,0
0.1591226627622885,1.0,12.0,0.014899973614924344,1.0,1.0,0.908624694498416,1.0,0
0.20138147839401424,1.0,12.0,0.03978841755570231,1.0,1.0,0.9417936702602752,0.0,0
0.0209312344613371,1.0,12.0,0.038593951093692735,1.0,1.0,0.8121841403437202,0.0,0
0.07843192279852401,1.0,12.0,0.060637094443337564,1.0,1.0,0.7417594073852589,1.0,0
0.6871869223303149,1.0,8.0,0.3399969802606444,0.0,1.0,0.5625539205692169,3.0,1
0.1958468049989596,1.0,12.0,0.09092526944369925,1.0,1.0,0.8110696557053729,0.0,0
0.7945562993463262,0.0,10.0,0.1702115042629864,0.0,0.0,0.4447093226620735,3.0,1
0.07932636935512163,1.0,12.0,0.09119595841996332,1.0,1.0,0.7182786165162159,0.0,0
0.5525066285833945,0.0,12.0,0.6909546620147985,1.0,0.0,0.4090305127268349,3.0,1
0.582781499376146,0.0,0.0,0.48921882174282505,0.0,1.0,0.4605217292924107,3.0,1
0.15048384888524005,1.0,12.0,0.02238490659063206,1.0,1.0,0.9465371910533348,1.0,0
0.15027567390608207,1.0,12.0,0.09903617819983719,1.0,1.0,0.7975761717773655,2.0,0
0.5413864236528532,0.0,0.0,0.2884893581613981,1.0,0.0,0.4315158389589638,3.0,1
0.16058138147630685,1.0,12.0,0.006485359448296835,1.0,1.0,0.8739951362284394,2.0,0
0.649593764785145,0.0,0.0,0.4831795370361318,0.0,0.0,0.5293429638782241,2.0,1
0.4167098665496535,0.0,0.0,0.6899482433787092,1.0,0.0,0.47174326032178554,3.0,1
0.7797996663081568,1.0,0.0,0.6670502487939538,1.0,0.0,0.4961731144368501,3.0,1
0.09846610141353962,1.0,12.0,0.06512329770414921,1.0,1.0,0.7319779090923971,1.0,0
0.1552965805485208,1.0,12.0,0.012074663589668012,1.0,1.0,0.9930896638379867,1.0,0
0.23141870772017795,1.0,12.0,0.04381723464119877,1.0,1.0,0.9704126948765333,0.0,0
0.1580660719798826,1.0,12.0,0.0013094456588333637,1.0,1.0,0.8990612116050132,2.0,0
0.9042401988936043,0.0,8.0,0.45548598252756634,0.0,0.0,0.6156844090699918,1.0,1
0.1491213687463554,1.0,12.0,0.054568688849547346,1.0,1.0,0.8333258358253605,1.0,0
0.11221326791867706,1.0,12.0,0.008439238054454234,1.0,1.0,0.8198106245184072,0.0,0
0.07682249123157164,1.0,12.0,0.08030258978326635,1.0,1.0,0.8617483830025763,1.0,0
0.13356055149411128,1.0,12.0,0.08825334858196,1.0,1.0,0.7247525603321263,0.0,0
0.05896439978592177,1.0,12.0,0.037142200187304575,1.0,1.0,0.7187626680692105,2.0,0
0.24268748941766755,1.0,12.0,0.09423153896731928,1.0,1.0,0.9351528030303021,2.0,0
0.06474566290045342,1.0,12.0,0.05885542289732454,1.0,1.0,0.9946991545240245,2.0,0
0.44287082836565345,1.0,11.0,0.23667880438984876,1.0,1.0,0.22241354491253984,1.0,1
0.06768616828588844,1.0,12.0,0.06439995432390158,1.0,1.0,0.822620251329429,2.0,0
0.2353662021941313,1.0,12.0,0.038610263780077425,1.0,1.0,0.9883571691471742,1.0,0
0.01806923689329415,1.0,12.0,0.05757858627744116,1.0,1.0,0.9560963646823335,0.0,0
0.04814975694640761,1.0,12.0,0.011528202124728437,1.0,1.0,0.8265287979191538,0.0,0
0.43748785681469254,0.0,0.0,0.5953809449504129,0.0,0.0,0.5974368738156238,3.0,1
0.014056073712743061,1.0,12.0,0.04856342984133404,1.0,1.0,0.9738402401223585,0.0,0
0.10275526881638644,1.0,12.0,0.0907611002556555,1.0,1.0,0.9142097933400569,0.0,0
0.055111501061354734,1.0,12.0,0.08861817721293452,1.0,1.0,0.980291234250247,2.0,0
0.5797337917689384,0.0,0.0,0.7337951891330655,0.0,0.0,0.590848773853627,1.0,1
0.05711368533282468,1.0,12.0,0.09963339160567419,1.0,1.0,0.9924379486440349,2.0,0
0.04114981842489368,1.0,12.0,0.006387976743090285,1.0,1.0,0.7952166550083655,2.0,0
0.027799370576537835,1.0,12.0,0.049262510429085915,1.0,1.0,0.7034060934302256,1.0,0
0.45186745190403915,0.0,8.0,0.44873970726484536,1.0,0.0,0.33566978690946175,3.0,1
0.2241525657435052,1.0,12.0,0.057599841780566,1.0,1.0,0.9752186839256595,2.0,0
0.10378641349818643,1.0,12.0,0.04221922338806781,1.0,1.0,0.9355191763139293,2.0,0
0.5960638588930272,0.0,0.0,0.1815657701421801,0.0,0.0,0.6030398688787257,0.0,1
0.45953733764960597,0.0,12.0,0.359589438620155,0.0,0.0,0.6150960249516965,3.0,1
0.5139115961625815,1.0,11.0,0.2516774972340524,0.0,0.0,0.5788214139643681,1.0,1
0.23848214425064684,1.0,12.0,0.09148643902204485,1.0,1.0,0.8110476100766333,0.0,0
0.06460790507295452,1.0,12.0,0.05440165791827516,1.0,1.0,0.8908212291189475,1.0,0
0.7839738310687423,0.0,12.0,0.7544080253253647,0.0,1.0,0.2773431661426611,0.0,1
0.032485343066985306,1.0,12.0,0.05600916974433955,1.0,1.0,0.9342195559602703,2.0,0
0.21119939529703652,1.0,12.0,0.007960507699250564,1.0,1.0,0.9120868955480268,2.0,0
0.43364810155820255,0.0,12.0,0.46248159306631975,1.0,1.0,0.34569603905058477,3.0,1
0.20809088491524874,1.0,12.0,0.0805648805363342,1.0,1.0,0.7672955676560579,0.0,0
0.2311734045696407,1.0,12.0,0.0877339353380981,1.0,1.0,0.7773824883145466,1.0,0
0.07062401649321307,1.0,12.0,0.03530503916003024,1.0,1.0,0.9682282907599753,2.0,0
0.1301359593262146,1.0,12.0,0.04406648834242936,1.0,1.0,0.9639743880181044,2.0,0
0.17680965857834965,1.0,12.0,0.015253904291426135,1.0,1.0,0.872886508050044,1.0,0
0.2433456547912053,1.0,12.0,0.046500951752642766,1.0,1.0,0.9542163791714121,1.0,0
0.1285502600023348,1.0,12.0,0.07362288825285501,1.0,1.0,0.8309258796188779,0.0,0
0.07774558042891555,1.0,12.0,0.03251833220267471,1.0,1.0,0.9188818535014192,1.0,0
0.21146238761499192,1.0,12.0,0.04009417624730467,1.0,1.0,0.9289325090803925,2.0,0
0.1993238414448884,1.0,12.0,0.014991742734877378,1.0,1.0,0.7687754185697924,0.0,0
0.11522458455164547,1.0,12.0,0.08287089838180065,1.0,1.0,0.9488688147049149,2.0,0
0.5465402202184472,0.0,0.0,0.48837085379446266,0.0,0.0,0.5160878876676641,3.0,1
0.04912174173905279,1.0,12.0,0.021174586205241954,1.0,1.0,0.7124491976529719,0.0,0
0.20418080063963615,1.0,12.0,0.0067384554785522525,1.0,1.0,0.8162177757005977,2.0,0
0.90803319423804,0.0,12.0,0.17510079364796308,1.0,1.0,0.5649977180900718,3.0,1
0.7779523024367557,1.0,10.0,0.20751648220435912,1.0,0.0,0.31639243797168526,2.0,1
0.801981954457994,1.0,0.0,0.6140356067077887,0.0,0.0,0.26815593008018657,3.0,1
0.5863462093304724,0.0,10.0,0.4126964806550866,0.0,0.0,0.3812492604567499,0.0,1
0.14364684557944166,1.0,12.0,0.05665753621714186,1.0,1.0,0.8173128289174523,2.0,0
0.6050493053955563,1.0,0.0,0.45356161323913213,0.0,1.0,0.25931307345350574,3.0,1
0.6351058077597115,0.0,0.0,0.373223400484938,0.0,1.0,0.3011937913125632,1.0,1
0.020028711596168786,1.0,12.0,0.08948166560605277,1.0,1.0,0.8642777128461209,1.0,0
0.05559032618704257,1.0,12.0,0.05192245707802051,1.0,1.0,0.8823258049286957,1.0,0
0.14272612546104108,1.0,12.0,0.001836763694054,1.0,1.0,0.8447069144654774,0.0,0
0.10444024481877492,1.0,12.0,0.09841103190364979,1.0,1.0,0.900375999641088,0.0,0
0.7990721068681694,0.0,11.0,0.22562649240731247,0.0,0.0,0.615318535145273,3.0,1
0.19061467143517263,1.0,12.0,0.08767656367617495,1.0,1.0,0.8026245246147722,1.0,0
0.034799175336423877,1.0,12.0,0.04440437492022029,1.0,1.0,0.8878702964263191,2.0,0
0.18583820572340604,1.0,12.0,0.006498640948289403,1.0,1.0,0.8204740709276462,0.0,0
0.05595440370565577,1.0,12.0,0.05369744228934136,1.0,1.0,0.8778819804525109,1.0,0
0.6804143729989671,0.0,11.0,0.7798744570966597,0.0,0.0,0.4001624727764518,3.0,1
0.20046004211320148,1.0,12.0,0.04345309633044954,1.0,1.0,0.960860101544494,1.0,0
0.007288796505522249,1.0,12.0,0.09072489443564058,1.0,1.0,0.7468851128649329,1.0,0
0.10954465331208613,1.0,12.0,0.08391803949802987,1.0,1.0,0.7482038754135535,2.0,0
0.017230384841804697,1.0,12.0,0.007732106548878726,1.0,1.0,0.7312740898155428,0.0,0
0.4218552659810321,0.0,0.0,0.7312184031007714,1.0,0.0,0.3393799620257054,3.0,1
0.40631562778582087,0.0,10.0,0.568290704243223,1.0,0.0,0.2654711512615219,3.0,1
0.1001907652188315,1.0,12.0,0.055964033130821794,1.0,1.0,0.7465720737792138,0.0,0
0.13312601660399545,1.0,12.0,0.011539464217891739,1.0,1.0,0.8816913667970234,0.0,0
0.0035953089960382434,1.0,12.0,0.08029813013091039,1.0,1.0,0.9942381416243755,0.0,0
0.01856021824709661,1.0,12.0,0.022635149434148596,1.0,1.0,0.9190738441270437,0.0,0
0.44738835961973905,0.0,11.0,0.6871948740957371,0.0,0.0,0.6498835725161417,1.0,1
0.17024370680956113,1.0,12.0,0.01896948481746772,1.0,1.0,0.8856844579023164,0.0,0
0.07082619060623266,1.0,12.0,0.07867695033571274,1.0,1.0,0.8192344470697275,1.0,0
0.08260200096894346,1.0,12.0,0.03404058433495647,1.0,1.0,0.9967085075050521,2.0,0
0.6920506290113893,0.0,12.0,0.381795793368351,1.0,0.0,0.526836575165968,1.0,1
0.7432327835088288,0.0,8.0,0.619285025169045,0.0,1.0,0.2087761914247341,3.0,1
0.10628896862281118,1.0,12.0,0.020794166286818884,1.0,1.0,0.8703100983459975,0.0,0
0.19595813835471548,1.0,12.0,0.04809038314489849,1.0,1.0,0.7122262318277418,1.0,0
0.1698874817834771,1.0,12.0,0.02248902168159125,1.0,1.0,0.8294141946322224,2.0,0
0.16991182067326746,1.0,12.0,0.021825388786506417,1.0,1.0,0.9849883551850676,0.0,0
0.22931701664442017,1.0,12.0,0.04065905373594723,1.0,1.0,0.7429844376107922,0.0,0
0.2097749246999029,1.0,12.0,0.05506604592365643,1.0,1.0,0.7459433500251869,2.0,0
0.13612227449021239,1.0,12.0,0.0005758660498121571,1.0,1.0,0.797375748970081,1.0,0
0.21818256262115046,1.0,12.0,0.08419335667918088,1.0,1.0,0.7558304253538831,0.0,0
0.5998522788030862,0.0,0.0,0.16447709579369552,0.0,0.0,0.4739253239801974,3.0,1
0.0588088962004962,1.0,12.0,0.08692596246510526,1.0,1.0,0.8418675896899546,0.0,0
0.1763463985280509,1.0,12.0,0.04463686465125856,1.0,1.0,0.9592648533022506,1.0,0
0.44308875025834943,0.0,0.0,0.5029021529148598,1.0,0.0,0.31759777817340584,3.0,1
0.8422381105865051,1.0,12.0,0.47471820119435637,0.0,0.0,0.4808864328033217,0.0,1
0.7848359492339899,0.0,0.0,0.6921815316107098,1.0,1.0,0.47724154451749706,2.0,1
0.11344738534590981,1.0,12.0,0.0236050463346464,1.0,1.0,0.7220490241990037,1.0,0
0.16549223619846715,1.0,12.0,0.08149397285405392,1.0,1.0,0.9334075729433959,2.0,0
0.10881556991413846,1.0,12.0,0.09206914007786196,1.0,1.0,0.8035050519773698,0.0,0
0.07256377634313235,1.0,12.0,0.05619352535196634,1.0,1.0,0.7335803734404367,0.0,0
0.19540386979909977,1.0,12.0,0.031370651205206525,1.0,1.0,0.774362007618527,1.0,0
0.017751916133313866,1.0,12.0,0.008018001408190345,1.0,1.0,0.8064313875507952,2.0,0
0.8670570440688399,1.0,8.0,0.28679878691474725,0.0,0.0,0.3306628484150065,0.0,1
0.1697755797861224,1.0,12.0,0.07891712386073384,1.0,1.0,0.8495326596787172,2.0,0
0.8550451844798228,1.0,0.0,0.6768357162811418,0.0,0.0,0.3250401050647524,3.0,1
0.9817341251339112,0.0,0.0,0.19194832449903954,0.0,0.0,0.3239560595621766,3.0,1
0.1560253860454594,1.0,12.0,0.05397810619146331,1.0,1.0,0.8316234026165017,0.0,0
0.7160555726153292,0.0,0.0,0.4377972219602314,1.0,0.0,0.2457895378254571,0.0,1
0.18843351760700114,1.0,12.0,0.021550075886755105,1.0,1.0,0.8008021176970326,0.0,0
0.7168408485592473,1.0,0.0,0.39920211136079903,0.0,0.0,0.4712808711780364,3.0,1
0.16382060242291455,1.0,12.0,0.0991742617167839,1.0,1.0,0.7218012614830048,2.0,0
0.8324350672160074,0.0,10.0,0.5607221035104754,0.0,0.0,0.5077046904004436,3.0,1
0.9771329432354248,0.0,8.0,0.40855267849517574,0.0,0.0,0.2606362693089083,2.0,1
0.46202680432117593,1.0,0.0,0.36297572639435016,1.0,0.0,0.414209318096054,3.0,1
0.07147669730979003,1.0,12.0,0.08159469389686173,1.0,1.0,0.9584109989090308,0.0,0
0.7109678324132267,0.0,0.0,0.5054727629618314,0.0,0.0,0.21218651015152298,3.0,1
0.6672866098500074,0.0,8.0,0.1637749600481043,1.0,0.0,0.3909783317368411,3.0,1
0.08350221968630947,1.0,12.0,0.023869003130101752,1.0,1.0,0.9790271051529216,2.0,0
0.08943869082342856,1.0,12.0,0.006390094204837382,1.0,1.0,0.7223003826658214,0.0,0
0.43344975908219685,1.0,12.0,0.618817640156986,0.0,0.0,0.5518786776374685,1.0,1
0.22105161583710195,1.0,12.0,0.022807977194893247,1.0,1.0,0.763613451972468,1.0,0
0.052665547251416645,1.0,12.0,0.06229665835634828,1.0,1.0,0.8894680660277562,2.0,0
0.20087023259621214,1.0,12.0,0.02820345725713065,1.0,1.0,0.7532318631339168,0.0,0
0.04115710706466719,1.0,12.0,0.04151249395347211,1.0,1.0,0.7042992717601003,0.0,0
0.2200899921596042,1.0,12.0,0.023668519368207876,1.0,1.0,0.9723081119045639,0.0,0
0.18740405800214685,1.0,12.0,0.003047215273359416,1.0,1.0,0.960164494322417,1.0,0
0.1874649828220672,1.0,12.0,0.09130414668898561,1.0,1.0,0.8716368891166619,2.0,0
0.019096236247863996,1.0,12.0,0.03825803235706354,1.0,1.0,0.8103200952415329,0.0,0
0.1433908200066775,1.0,12.0,0.03416411126906018,1.0,1.0,0.8945393670700711,1.0,0
0.5021614822771566,0.0,8.0,0.4803064637978136,1.0,0.0,0.5530275210332978,1.0,1
0.18785582938282566,1.0,12.0,0.09413343927869017,1.0,1.0,0.902985170065752,1.0,0
0.054888480807450485,1.0,12.0,0.09598628027134554,1.0,1.0,0.8848901457777172,0.0,0
0.6712531062033835,0.0,0.0,0.24653632576712634,0.0,0.0,0.3185782190843856,2.0,1
0.23273227642182315,1.0,12.0,0.09742482085344102,1.0,1.0,0.9987793726090988,1.0,0
0.08449878921288395,1.0,12.0,0.0375582952639944,1.0,1.0,0.7281945819522606,2.0,0
0.1303085331213336,1.0,12.0,0.08223934188170581,1.0,1.0,0.82925862746141,2.0,0
0.16575680093078685,1.0,12.0,0.06790666044956374,1.0,1.0,0.9795221209949525,1.0,0
0.6706535724800989,0.0,11.0,0.4877841327028545,0.0,0.0,0.27114155177728194,0.0,1
0.0967696900839077,1.0,12.0,0.09638222754823511,1.0,1.0,0.7745740773144826,1.0,0
0.07720056883740384,1.0,12.0,0.029353479245866045,1.0,1.0,0.7797993079277974,2.0,0
0.7509950492211512,0.0,8.0,0.6367378513425919,0.0,0.0,0.5209485522846973,1.0,1
0.11186703533061446,1.0,12.0,0.04742884204312606,1.0,1.0,0.8772602323813125,0.0,0
0.16467940968175554,1.0,12.0,0.053229187595145444,1.0,1.0,0.7309795026625144,1.0,0
0.10368395674186776,1.0,12.0,0.07538650738369251,1.0,1.0,0.9614405264129602,2.0,0
0.1999452738560054,1.0,12.0,0.0184585129537033,1.0,1.0,0.788583486766093,0.0,0
0.004050099334866802,1.0,12.0,0.08183804247795352,1.0,1.0,0.7120416577256099,0.0,0
0.19290672774465192,1.0,12.0,0.04988956645359419,1.0,1.0,0.7036309350328321,1.0,0
0.8370117024859371,0.0,10.0,0.7032848005390836,0.0,0.0,0.6008720391084208,3.0,1
0.0013764497901052053,1.0,12.0,0.0007664032649225328,1.0,1.0,0.7657206427305573,2.0,0
0.12722263889776397,1.0,12.0,0.03692807702155411,1.0,1.0,0.9798774587709016,1.0,0
0.11899193275291398,1.0,12.0,0.01109775245851481,1.0,1.0,0.890327243585975,2.0,0
0.40292104459330197,0.0,0.0,0.4809526776156917,1.0,0.0,0.2993145836534008,3.0,1
0.8317475348496153,0.0,10.0,0.3986148993786863,0.0,1.0,0.2017613475809258,1.0,1
0.03266308595586573,1.0,12.0,0.07905097942748851,1.0,1.0,0.7374462441900544,0.0,0
0.981590321961602,0.0,8.0,0.5621500897855676,1.0,0.0,0.4337493578994945,3.0,1
0.18475663944698967,1.0,12.0,0.02232633855051963,1.0,1.0,0.8925579876566065,2.0,0
0.6325747751214756,0.0,12.0,0.3861596718560456,0.0,1.0,0.5017009993771292,1.0,1
0.4023759658072857,0.0,8.0,0.7818515680584622,1.0,0.0,0.3887666682904189,2.0,1
0.8363610822714604,0.0,0.0,0.4379181569861563,0.0,0.0,0.39964058695935756,3.0,1
0.023468322520322937,1.0,12.0,0.018286599710730735,1.0,1.0,0.9803841992019129,0.0,0
0.14604987117854232,1.0,12.0,0.07368224753949129,1.0,1.0,0.8673226797851312,0.0,0
0.8437146605603347,0.0,0.0,0.5538999952479888,1.0,0.0,0.22142685240674828,3.0,1
0.10042422318994412,1.0,12.0,0.050275019160961235,1.0,1.0,0.9518359702628651,2.0,0
0.6594684157631283,0.0,0.0,0.28328581072224324,0.0,0.0,0.41248902737817894,3.0,1
0.06249322271720742,1.0,12.0,0.007336406745960267,1.0,1.0,0.8989438746925626,1.0,0
0.025473275218234198,1.0,12.0,0.0008319942227192012,1.0,1.0,0.8300748377897843,2.0,0
0.032872279974495405,1.0,12.0,0.027473152551951954,1.0,1.0,0.8183728226792939,2.0,0
0.508491087401437,0.0,0.0,0.6249139988208704,0.0,0.0,0.5286098748216158,3.0,1
0.20635391603098702,1.0,12.0,0.0844871347755229,1.0,1.0,0.7747026208327269,1.0,0
0.0814703356539476,1.0,12.0,0.09540422650780858,1.0,1.0,0.7365638505344151,1.0,0
0.7340393846555306,0.0,12.0,0.26974293454263354,0.0,0.0,0.3823468054846754,0.0,1
0.8095595678687832,0.0,0.0,0.7862977114779349,0.0,0.0,0.38968003212963076,0.0,1
0.7447447020838103,0.0,10.0,0.7768530168272192,1.0,0.0,0.36647485942451064,1.0,1
0.08290421227695849,1.0,12.0,0.05005793174308313,1.0,1.0,0.8937175130053161,1.0,0
0.5816485422827395,0.0,0.0,0.7712900392939436,0.0,0.0,0.44218746725798136,3.0,1
0.9461299929799867,1.0,10.0,0.16872076735523714,0.0,0.0,0.40235463973267405,2.0,1
0.2473763333460806,1.0,12.0,0.06843142489253448,1.0,1.0,0.9846942001141004,1.0,0
0.19737307460601308,1.0,12.0,0.07481608263876856,1.0,1.0,0.8683767034224772,0.0,0
0.9352353161258165,0.0,10.0,0.7946906651013598,1.0,0.0,0.3920556674872637,3.0,1
0.018895903463516744,1.0,12.0,0.0951423220845566,1.0,1.0,0.7891872370922001,1.0,0
0.44148000149049366,1.0,10.0,0.7301905133229014,0.0,1.0,0.2240361934622969,3.0,1
0.47542354390726943,0.0,11.0,0.7352029557234191,0.0,1.0,0.5024088929812408,3.0,1
0.048810746949511125,1.0,12.0,0.07224521152615053,1.0,1.0,0.7842317087322567,2.0,0
0.8929213467338117,1.0,10.0,0.37723037725985487,1.0,0.0,0.35391019891159176,3.0,1
0.06354091226743469,1.0,12.0,0.029529058841893874,1.0,1.0,0.7967652292715801,0.0,0
0.04725988118188293,1.0,12.0,0.0783016637316733,1.0,1.0,0.9145116156552051,1.0,0
0.6185744528041474,1.0,8.0,0.514621724673145,1.0,0.0,0.3436655173615536,2.0,1
0.6413648604588601,0.0,0.0,0.42953597437432833,0.0,0.0,0.46986698603364513,3.0,1
0.07025952034525706,1.0,12.0,0.07129600078588058,1.0,1.0,0.7034477419894346,0.0,0
0.18597629682553798,1.0,12.0,0.09192080310537253,1.0,1.0,0.827131035979277,1.0,0
0.8945607915537247,0.0,0.0,0.21484631250684755,1.0,0.0,0.563391314929097,3.0,1
0.9326346387359925,0.0,0.0,0.6348299722925634,0.0,0.0,0.48367897907367213,3.0,1
0.6045799380774908,0.0,8.0,0.18603144281180198,0.0,0.0,0.6205431105298371,3.0,1
0.9669802381840457,0.0,10.0,0.6865950351753872,1.0,1.0,0.5185027902631172,3.0,1
0.9708655833323991,0.0,11.0,0.6302208991243233,0.0,0.0,0.43871293423900654,3.0,1
0.011612603179999431,1.0,12.0,0.06075448519014384,1.0,1.0,0.7511572371061874,2.0,0
0.4488566132241613,0.0,10.0,0.41335153460600715,1.0,0.0,0.540163061581312,3.0,1
0.13032401191353474,1.0,12.0,0.09760138232792137,1.0,1.0,0.737665064428796,0.0,0
0.09303005381042467,1.0,12.0,0.05218843281579432,1.0,1.0,0.7203919899458211,1.0,0
0.05953666341642408,1.0,12.0,0.09084345518793753,1.0,1.0,0.840420716270287,0.0,0
0.8718898205775436,1.0,8.0,0.3651605686716817,0.0,0.0,0.5720632007514648,3.0,1
0.02823580210279339,1.0,12.0,0.008717946783183118,1.0,1.0,0.9157232342061566,2.0,0
0.016654778097704243,1.0,12.0,0.022902539092479635,1.0,1.0,0.8628547931840227,1.0,0
0.2148890992294842,1.0,12.0,0.05923013710620957,1.0,1.0,0.9083961318430526,0.0,0
0.14673412663972676,1.0,12.0,0.05809503798881793,1.0,1.0,0.9972037471197297,2.0,0
0.02307119801831431,1.0,12.0,0.059632151886036835,1.0,1.0,0.864875097016643,0.0,0
0.19268563272638792,1.0,12.0,0.042749565035675924,1.0,1.0,0.7618652215252419,2.0,0
0.2316123558974278,1.0,12.0,0.07215965507512771,1.0,1.0,0.7144283931892262,0.0,0
0.031488799094839565,1.0,12.0,0.09791515551006157,1.0,1.0,0.9021516694810013,0.0,0
0.16439007819450577,1.0,12.0,0.03109289300075542,1.0,1.0,0.9227044151717527,1.0,0
0.032378730320701044,1.0,12.0,0.08887480798689773,1.0,1.0,0.986695449468926,1.0,0
0.09836196164089789,1.0,12.0,0.08278683753221729,1.0,1.0,0.9363139046583127,1.0,0
0.18023498106303232,1.0,12.0,0.03080607918523892,1.0,1.0,0.8627620691664698,2.0,0
0.21965727884335956,1.0,12.0,0.04954236264039657,1.0,1.0,0.9224382733417136,2.0,0
0.9020378116862715,1.0,0.0,0.19276884156690532,0.0,1.0,0.3749036378019277,3.0,1
0.2391536552708645,1.0,12.0,0.006895801635642119,1.0,1.0,0.7171164163453763,1.0,0
0.10032650605492804,1.0,12.0,0.02925150910707418,1.0,1.0,0.7456988768393606,2.0,0
0.22419710247650296,1.0,12.0,0.04739616402628724,1.0,1.0,0.9002673215563082,1.0,0
0.14411810938943848,1.0,12.0,0.07618836118624439,1.0,1.0,0.9344516943226546,2.0,0
0.9975961894604198,0.0,11.0,0.5629222417834026,1.0,1.0,0.6162790504011748,2.0,1
0.10542598363832045,1.0,12.0,0.01322762111253304,1.0,1.0,0.9701716903709157,1.0,0
0.15034601767214084,1.0,12.0,0.03392202983917838,1.0,1.0,0.8633786346132248,0.0,0
0.5790958588449779,0.0,8.0,0.33077290890997224,1.0,0.0,0.3241769726707344,3.0,1
0.7181579353830092,0.0,11.0,0.43785262835888694,0.0,0.0,0.5607225544758694,3.0,1
0.1087950998138392,1.0,12.0,0.09373532942158645,1.0,1.0,0.9118057022992074,1.0,0
0.07497439824863406,1.0,12.0,0.06427950705063092,1.0,1.0,0.8802836453613156,0.0,0
0.20386535711370854,1.0,12.0,0.07068573438476171,1.0,1.0,0.9187021504122962,0.0,0
0.13152062960435074,1.0,12.0,0.07593108551502054,1.0,1.0,0.9137996856959634,1.0,0
0.14710315833515136,1.0,12.0,0.05987139801001076,1.0,1.0,0.8189979329030685,2.0,0
0.17147781776246593,1.0,12.0,0.09911264318213037,1.0,1.0,0.9241658763226113,2.0,0
0.47080361597162496,0.0,0.0,0.16785586563344015,0.0,0.0,0.2786977712876882,3.0,1
0.6901132404189829,0.0,11.0,0.16303426135960553,0.0,0.0,0.5653591017319571,3.0,1
0.12907508707529883,1.0,12.0,0.032295647294124596,1.0,1.0,0.9385558584306111,2.0,0
0.2318387951465743,1.0,12.0,0.036588580955688045,1.0,1.0,0.7954148717652756,0.0,0
0.4215794537280477,0.0,0.0,0.5137509561690705,1.0,0.0,0.6154259202893808,1.0,1
0.14146264007831166,1.0,12.0,0.09080185454216624,1.0,1.0,0.8188937876494662,0.0,0
0.19272805093645548,1.0,12.0,0.010659825313377181,1.0,1.0,0.7225413345207425,0.0,0
0.6968543437514826,1.0,0.0,0.5709306327211747,0.0,1.0,0.28100812027286304,3.0,1
0.4087204811595944,1.0,10.0,0.7585562520746821,0.0,0.0,0.43752531690257335,3.0,1
0.07356668415927858,1.0,12.0,0.011479692725128011,1.0,1.0,0.9824598730853323,0.0,0
0.045687791496858976,1.0,12.0,0.03190450743322398,1.0,1.0,0.8246542189186198,2.0,0
0.5023606747729866,0.0,8.0,0.662912472571692,0.0,0.0,0.649189958449528,0.0,1
0.15078753003073675,1.0,12.0,0.06825324595377216,1.0,1.0,0.8726077519387295,1.0,0
0.059217639743620515,1.0,12.0,0.07805255152438619,1.0,1.0,0.7824418106644409,2.0,0
0.1959345627688091,1.0,12.0,0.05661806912250709,1.0,1.0,0.7938333967631062,0.0,0
0.17592494490726274,1.0,12.0,0.0970257109726057,1.0,1.0,0.8312983984444611,2.0,0
0.09929469435730276,1.0,12.0,0.053973261875994286,1.0,1.0,0.8883850158317907,1.0,0
0.0716353130320711,1.0,12.0,0.05908332605690108,1.0,1.0,0.7091500749817148,1.0,0
0.22082006472971707,1.0,12.0,0.032434502100527396,1.0,1.0,0.736626386410202,0.0,0
0.5040376397236717,0.0,10.0,0.5919816115580946,1.0,0.0,0.6480285768302181,3.0,1
0.14083116050826167,1.0,12.0,0.042750183132811176,1.0,1.0,0.7979015292795961,2.0,0
0.7272740172354952,0.0,0.0,0.16652344536669117,1.0,0.0,0.2277388475465706,3.0,1
0.00952157514982982,1.0,12.0,0.06199685648741642,1.0,1.0,0.9094595292029499,0.0,0
0.5947652788581668,0.0,10.0,0.773422989797591,0.0,0.0,0.5255276099847178,1.0,1
0.17901249331053612,1.0,12.0,0.07062461625552623,1.0,1.0,0.8868068622849392,1.0,0
0.46490163253045563,0.0,10.0,0.5730631569151915,1.0,1.0,0.4967076363946626,3.0,1
0.24908394395168107,1.0,12.0,0.0897436148046204,1.0,1.0,0.839014224464686,0.0,0
0.19464298476268777,1.0,12.0,0.014312798554846962,1.0,1.0,0.761363377950839,1.0,0
0.1497801462600813,1.0,12.0,0.035346074054678246,1.0,1.0,0.8375399273707773,1.0,0
0.9967354843658438,0.0,10.0,0.21809564869343606,0.0,1.0,0.5760041593570557,3.0,1
0.8632913988958693,0.0,0.0,0.5949088162210106,1.0,0.0,0.4860296141294022,0.0,1
0.20201695427900565,1.0,12.0,0.03207245244599576,1.0,1.0,0.8687288122353762,1.0,0
0.03186348985571724,1.0,12.0,0.07076883263306187,1.0,1.0,0.9918328968676258,2.0,0
0.14723326873639103,1.0,12.0,0.07516761720229193,1.0,1.0,0.8870433491557889,1.0,0
0.411667755051728,0.0,0.0,0.6736453877293046,1.0,0.0,0.5934876516500053,3.0,1
0.629553294202552,0.0,0.0,0.49804790082357175,0.0,0.0,0.5349866213160053,3.0,1
0.6233888846645591,1.0,0.0,0.263554578423584,0.0,1.0,0.48521693280347516,3.0,1
0.13698987224342324,1.0,12.0,0.04543773345599609,1.0,1.0,0.9533071248218847,2.0,0
0.8849009483132655,1.0,12.0,0.5626435013864913,0.0,0.0,0.3495255816763985,3.0,1
0.09639939812833334,1.0,12.0,0.0071034889044002125,1.0,1.0,0.7632379304650085,1.0,0
0.03075082378093641,1.0,12.0,0.055864239645042536,1.0,1.0,0.8029502059517974,2.0,0
0.23139212822669408,1.0,12.0,0.04508393714041321,1.0,1.0,0.7339714137522265,0.0,0
0.07949563783508373,1.0,12.0,0.05797311661341921,1.0,1.0,0.8036874980729204,0.0,0
0.1381284036956813,1.0,12.0,0.00941519101256979,1.0,1.0,0.8030989577827309,0.0,0
0.01829898094211091,1.0,12.0,0.060344859338137796,1.0,1.0,0.9004638395665049,1.0,0
0.40745535627635937,0.0,0.0,0.6252937214176101,0.0,1.0,0.39633564072485794,3.0,1
0.1898121832652107,1.0,12.0,0.09036078443467951,1.0,1.0,0.7698289441303866,0.0,0
0.007341039775598079,1.0,12.0,0.08229584462214862,1.0,1.0,0.7629258843051043,1.0,0
0.06961438659339325,1.0,12.0,0.06547090753562991,1.0,1.0,0.9471302187397369,1.0,0
0.5254348772685197,0.0,12.0,0.5020379998190165,0.0,0.0,0.5603612095903361,3.0,1
0.585837533050798,0.0,8.0,0.6953312128381443,1.0,0.0,0.26164200003928756,3.0,1
0.012305228635190402,1.0,12.0,0.02310808528744962,1.0,1.0,0.9692157152391145,0.0,0
0.13388845371991814,1.0,12.0,0.03568859751711102,1.0,1.0,0.8061367476209308,0.0,0
0.18870945498521194,1.0,12.0,0.017047793817391754,1.0,1.0,0.8228433559015611,1.0,0
0.4725998605072399,1.0,8.0,0.5360179489841099,0.0,0.0,0.23502761889973134,2.0,1
0.14110414694493692,1.0,12.0,0.06005831969871361,1.0,1.0,0.7498765991049101,1.0,0
0.895362054944209,1.0,8.0,0.7516289559736767,0.0,0.0,0.6106697055161256,3.0,1
0.08720797686465753,1.0,12.0,0.03748249243499977,1.0,1.0,0.8863991872467122,1.0,0
0.025344960617465884,1.0,12.0,0.07918913237957292,1.0,1.0,0.9434716013054645,0.0,0
0.04662962759996356,1.0,12.0,0.004077514155476392,1.0,1.0,0.8772678829564725,2.0,0
0.6595607955741564,0.0,10.0,0.3424414964631808,0.0,1.0,0.5743955238996563,3.0,1
0.8284427056854009,0.0,0.0,0.5230677749456181,0.0,0.0,0.33607262275059213,3.0,1
0.21320545542297534,1.0,12.0,0.07155533152342419,1.0,1.0,0.8767325603412685,0.0,0
0.034813517696175994,1.0,12.0,0.001071529769535895,1.0,1.0,0.8632772011045753,0.0,0
0.2253240026936622,1.0,12.0,0.0651667918706426,1.0,1.0,0.7942182384978196,1.0,0
0.772491282103535,0.0,10.0,0.6299283301287766,1.0,0.0,0.4620779787838264,0.0,1
0.0818880412950331,1.0,12.0,0.05466852550992888,1.0,1.0,0.8726228161858445,0.0,0
0.20369841688091467,1.0,12.0,0.041739162400610035,1.0,1.0,0.7929006611203877,2.0,0
0.4328107724520194,0.0,0.0,0.2212635836478712,0.0,0.0,0.22465417156559697,3.0,1
0.17378613851189845,1.0,12.0,0.040431876810429215,1.0,1.0,0.8284598844776844,2.0,0
0.7534800418936229,0.0,8.0,0.779649442638478,1.0,0.0,0.38858360740644843,0.0,1
0.1597799844538751,1.0,12.0,0.08679182945200221,1.0,1.0,0.8364219566901577,2.0,0
0.5523285076744192,1.0,0.0,0.5255459938735099,1.0,0.0,0.26085253292982374,1.0,1
0.11004974948887264,1.0,12.0,0.014745252670628395,1.0,1.0,0.7984578260827935,2.0,0
0.019244977457198248,1.0,12.0,0.028975145291376805,1.0,1.0,0.7483663861762013,1.0,0
0.40933752775522964,0.0,8.0,0.2804983738885678,1.0,0.0,0.25548761239464113,3.0,1
0.5435553176508784,1.0,11.0,0.5298078256457609,0.0,0.0,0.528917616169865,1.0,1
0.17928014211804838,1.0,12.0,0.08561324990137435,1.0,1.0,0.8070306134869818,2.0,0
0.16663049417325873,1.0,12.0,0.008010572660960225,1.0,1.0,0.8325501114405863,2.0,0
0.6146709555050598,0.0,11.0,0.34216491565676355,0.0,0.0,0.5653158981256003,3.0,1
0.23126179383575363,1.0,12.0,0.06316435150828917,1.0,1.0,0.7163172245566933,2.0,0
0.7447493185311278,0.0,10.0,0.21969455623551684,0.0,0.0,0.5301392781640019,3.0,1
0.14958181628060674,1.0,12.0,0.060730644826267124,1.0,1.0,0.7742619866810125,0.0,0
0.18270524124518245,1.0,12.0,0.09812970904972468,1.0,1.0,0.7769590187332743,2.0,0
0.8758061845753596,1.0,10.0,0.6563938843336553,1.0,1.0,0.3515685999353556,3.0,1
0.8804700480243357,0.0,0.0,0.4346549965007911,0.0,0.0,0.5260062696542025,1.0,1
0.5720894483242187,1.0,8.0,0.7040797714199274,0.0,0.0,0.3763854831235084,1.0,1
0.13991217087172853,1.0,12.0,0.000977084741918366,1.0,1.0,0.7979383924731975,1.0,0
0.02353924706714003,1.0,12.0,0.031141330939129422,1.0,1.0,0.9938531585864525,0.0,0
0.16671184782641452,1.0,12.0,0.032302734575409386,1.0,1.0,0.9693757560872998,2.0,0
0.8163072317633597,0.0,10.0,0.3921428443218167,1.0,0.0,0.5481413277749003,3.0,1
0.03761806775149937,1.0,12.0,0.09680763814507336,1.0,1.0,0.8340143581775561,1.0,0
0.004060860802363425,1.0,12.0,0.07287780544506475,1.0,1.0,0.7970591237456475,0.0,0
0.14935327554257707,1.0,12.0,0.06005168604336534,1.0,1.0,0.8995110023638766,2.0,0
0.8289390628463731,0.0,8.0,0.7754383915753641,0.0,0.0,0.41583129353500614,3.0,1
0.06045954885383828,1.0,12.0,0.04259975194684282,1.0,1.0,0.9903228474501147,2.0,0
0.8179282385714224,1.0,0.0,0.6972837665140763,1.0,0.0,0.37724808572372764,1.0,1
0.12431398257867204,1.0,12.0,0.03397774715618851,1.0,1.0,0.961640710006743,1.0,0
0.813556981279573,0.0,0.0,0.4978283299877132,0.0,0.0,0.31352553180957643,3.0,1
0.1787966136950603,1.0,12.0,0.028191904290472913,1.0,1.0,0.80914289234228,1.0,0
0.8936418916260589,0.0,10.0,0.48853867485148206,0.0,0.0,0.2541531981093734,0.0,1
0.9197102253214177,0.0,0.0,0.32232361276984667,0.0,0.0,0.29914732704691216,0.0,1
0.6892561112768285,0.0,0.0,0.4698508212481699,0.0,0.0,0.22001473496142201,3.0,1
0.16241166224809211,1.0,12.0,0.060773679487885916,1.0,1.0,0.8538065533049526,1.0,0
0.4607656742986038,0.0,0.0,0.1600738571870237,1.0,0.0,0.5191072361686718,0.0,1
0.05787002397824706,1.0,12.0,0.06813530132413488,1.0,1.0,0.9820549573756248,0.0,0
0.18540065486294638,1.0,12.0,0.027941588417607202,1.0,1.0,0.7394960766379775,0.0,0
0.21704020101288674,1.0,12.0,0.024528553225533458,1.0,1.0,0.7472021979107577,0.0,0
0.609256748437653,0.0,0.0,0.7325830089064622,0.0,0.0,0.5175915729666432,3.0,1
0.015777258269787542,1.0,12.0,0.011764902847355863,1.0,1.0,0.7682071900288296,0.0,0
0.2185566810345879,1.0,12.0,1.8839955658189746e-05,1.0,1.0,0.7507243211067978,1.0,0
0.045570969618989515,1.0,12.0,0.05639650920188364,1.0,1.0,0.9522129957633794,1.0,0
0.9120793319215319,0.0,12.0,0.43202723151556166,0.0,0.0,0.5262190388838286,0.0,1
0.23994775510121255,1.0,12.0,0.004869484839992977,1.0,1.0,0.7294023054342222,1.0,0
0.673784746994904,0.0,11.0,0.19518070144158106,0.0,1.0,0.47059257095126805,3.0,1
0.09449689753056362,1.0,12.0,0.07050843642966599,1.0,1.0,0.7746172463290864,2.0,0
0.7212789697941725,1.0,8.0,0.6339880343759994,0.0,0.0,0.6466814968037916,3.0,1
0.13043251165905329,1.0,12.0,0.034265348812091534,1.0,1.0,0.8596734966478897,2.0,0
0.19072333388859103,1.0,12.0,0.004545250043579596,1.0,1.0,0.8939801331845986,2.0,0
0.9397603568579415,0.0,0.0,0.206386613075898,0.0,1.0,0.5027716498511379,3.0,1
0.06669525356882125,1.0,12.0,0.0976614955832653,1.0,1.0,0.8233111039954694,2.0,0
0.160243019336333,1.0,12.0,0.0822480563634361,1.0,1.0,0.7397574018225545,1.0,0
0.9470929561820457,0.0,8.0,0.6398465854606916,0.0,0.0,0.5790671002182449,3.0,1
0.21344623042616676,1.0,12.0,0.024197713031704537,1.0,1.0,0.9881880926539599,2.0,0
0.1708238441516263,1.0,12.0,0.04459027063767484,1.0,1.0,0.7820879998844997,0.0,0
0.034706193360505094,1.0,12.0,0.0002710899414329671,1.0,1.0,0.7350088192425044,2.0,0
0.5720774375131239,0.0,10.0,0.4096110781817368,0.0,0.0,0.5680080564407386,3.0,1
0.7382820346669865,1.0,12.0,0.36810161242124806,0.0,0.0,0.38780656413686365,3.0,1
0.028459598369150352,1.0,12.0,0.03452231428016921,1.0,1.0,0.8522235816153426,0.0,0
0.1579533817541671,1.0,12.0,0.025980358106415982,1.0,1.0,0.8902017109298834,0.0,0
0.4621077682036786,1.0,0.0,0.1573661855829169,0.0,0.0,0.39740811630490713,3.0,1
0.1803832152804764,1.0,12.0,0.06104046670079576,1.0,1.0,0.9847920391173297,2.0,0
0.10381024308351011,1.0,12.0,0.08884641099229207,1.0,1.0,0.9472980675637808,1.0,0
0.9577034232208893,1.0,10.0,0.5110912942407677,0.0,0.0,0.32252854731866043,1.0,1
0.008345900446595306,1.0,12.0,0.03636931247561403,1.0,1.0,0.9197905704102498,2.0,0
0.08885983434101544,1.0,12.0,0.06692190299248667,1.0,1.0,0.8451407619581941,2.0,0
0.06685050696438533,1.0,12.0,0.0015110684214475036,1.0,1.0,0.9895046108363416,2.0,0
0.6042646480596511,0.0,10.0,0.2830640659368159,0.0,0.0,0.20887658590842897,0.0,1
0.6963095174248601,0.0,11.0,0.46740126783679936,0.0,0.0,0.5367623750428789,3.0,1
0.021676641898910054,1.0,12.0,0.05383631021010228,1.0,1.0,0.9739689058837812,1.0,0
0.13887385602646504,1.0,12.0,0.0189815302972156,1.0,1.0,0.874654969027777,0.0,0
0.1470001158574071,1.0,12.0,0.03531028889383895,1.0,1.0,0.939935009333735,1.0,0
0.21740152061869436,1.0,12.0,0.04027758332328999,1.0,1.0,0.9910706033244631,0.0,0
0.8050279733739519,0.0,11.0,0.47060827235674074,0.0,1.0,0.4021831194033145,1.0,1
0.2198741426820316,1.0,12.0,0.04600023955807989,1.0,1.0,0.7285159136598078,2.0,0
0.09768209140340331,1.0,12.0,0.07983441882243283,1.0,1.0,0.8115798003750594,2.0,0
0.6088422225166841,0.0,10.0,0.7811339644090391,0.0,0.0,0.20048915891221966,3.0,1
0.6091054898692513,1.0,0.0,0.4349858992249914,1.0,0.0,0.47982105406568715,3.0,1
0.20095122262086879,1.0,12.0,0.013714848815274317,1.0,1.0,0.8742097253662855,1.0,0
0.06497624481070821,1.0,12.0,0.03451922084942105,1.0,1.0,0.975245752939597,1.0,0
0.022855497954284543,1.0,12.0,0.06256819122613526,1.0,1.0,0.8651595041788677,0.0,0
0.2140810729695231,1.0,12.0,0.04045081271221901,1.0,1.0,0.9663310296282879,2.0,0
0.7127042349481225,1.0,0.0,0.6241200416722513,0.0,0.0,0.5637610201241332,2.0,1
0.7665558324900867,1.0,12.0,0.48911267088849686,1.0,0.0,0.6169994992490915,3.0,1
0.23472374001031876,1.0,12.0,0.08939852050469609,1.0,1.0,0.8012440977024694,2.0,0
0.8421977870362134,1.0,11.0,0.3294771110882478,0.0,0.0,0.5859471786690155,1.0,1
0.14971135001985975,1.0,12.0,0.020109872744266746,1.0,1.0,0.8770697977452678,2.0,0
0.04155734051291468,1.0,12.0,0.09164891511155143,1.0,1.0,0.7983514596550102,0.0,0
0.8622888718714179,0.0,10.0,0.3401512785130204,0.0,0.0,0.25078617422466376,3.0,1
0.010915414426840298,1.0,12.0,0.016167254414680265,1.0,1.0,0.7062583417874614,2.0,0
0.7120117277737142,0.0,0.0,0.44959850239777877,0.0,0.0,0.5002356550891525,1.0,1
0.2466407785286026,1.0,12.0,0.0597839986845685,1.0,1.0,0.7245897203930987,1.0,0
0.5690784102378955,1.0,10.0,0.30234055894061906,1.0,1.0,0.4624742887125935,3.0,1
0.21652538634445867,1.0,12.0,0.028943952161948797,1.0,1.0,0.840304363745463,1.0,0
0.43785680870992943,1.0,10.0,0.3531174119928556,0.0,0.0,0.6403602776867183,3.0,1
0.08075279959655346,1.0,12.0,0.09970781570816617,1.0,1.0,0.9939347373563565,2.0,0
0.10739898589401617,1.0,12.0,0.030883442400734085,1.0,1.0,0.8446793083756576,0.0,0
0.9476206062142662,1.0,8.0,0.7612026706030386,0.0,0.0,0.23615158995626942,3.0,1
0.06851789733554775,1.0,12.0,0.0807070903866703,1.0,1.0,0.7585721808869476,0.0,0
0.18325090490708834,1.0,12.0,0.06761253975882903,1.0,1.0,0.7415306479988183,0.0,0
0.4094034243332355,0.0,0.0,0.21121030386070416,1.0,0.0,0.4384597738524272,0.0,1
0.5690749885055596,0.0,12.0,0.575150409421236,0.0,1.0,0.2240564206721682,3.0,1
0.7888880458293868,0.0,12.0,0.7113052455864287,0.0,1.0,0.48696628296886796,3.0,1
0.19149289371379477,1.0,12.0,0.041367867898526034,1.0,1.0,0.8958918765723818,0.0,0
0.033444536248492,1.0,12.0,0.09533071675823726,1.0,1.0,0.7217996762743469,0.0,0
0.217960881936308,1.0,12.0,0.0029247283034559146,1.0,1.0,0.9477450251694288,1.0,0
0.0058987411613822816,1.0,12.0,0.08985606046748394,1.0,1.0,0.9349595239895878,0.0,0
0.6681917740848508,1.0,10.0,0.38695228055777625,0.0,1.0,0.2523812830245857,1.0,1
0.9408680977230277,0.0,12.0,0.6923789279387326,0.0,0.0,0.3311368124042219,2.0,1
0.13458298581392836,1.0,12.0,0.02688535143821935,1.0,1.0,0.8105346759749736,1.0,0
0.18060284611588615,1.0,12.0,0.0007391901444293025,1.0,1.0,0.8527406238764798,0.0,0
0.016844217880481432,1.0,12.0,0.08315407863376656,1.0,1.0,0.7531979659671818,2.0,0
0.1541625786301845,1.0,12.0,0.07965372909761764,1.0,1.0,0.844456705453765,1.0,0
0.06382663118210796,1.0,12.0,0.06616323503711467,1.0,1.0,0.9935893862201591,2.0,0
0.04055835144561984,1.0,12.0,0.001260751997575904,1.0,1.0,0.8679267050915147,0.0,0
0.5059858179222817,1.0,12.0,0.6271705778000867,0.0,0.0,0.25740941101251186,3.0,1
0.73832021913506,0.0,11.0,0.5268922548827087,1.0,0.0,0.26006099567695784,3.0,1
0.04036445851606002,1.0,12.0,0.04717398375184391,1.0,1.0,0.8660415328629549,0.0,0
0.09957184599390889,1.0,12.0,0.009169933511143013,1.0,1.0,0.8009111391485266,0.0,0
0.015151226928727446,1.0,12.0,0.06853953434460057,1.0,1.0,0.7074898666360171,2.0,0
0.244257919136294,1.0,12.0,0.054477222698278885,1.0,1.0,0.7407064953376837,2.0,0
0.1586860352760074,1.0,12.0,0.018641980485397457,1.0,1.0,0.924810830993487,2.0,0
0.20913272269022587,1.0,12.0,0.07043353159571805,1.0,1.0,0.9785790644591915,0.0,0
0.1944005709338064,1.0,12.0,0.04803700818663547,1.0,1.0,0.9955858151996513,2.0,0
0.09955694848950292,1.0,12.0,0.04439038323199116,1.0,1.0,0.9680783759350395,2.0,0
0.2165440364437338,1.0,12.0,0.06011150117432088,1.0,1.0,0.9124217733388136,1.0,0
0.7830100390784385,0.0,0.0,0.702151879453561,0.0,0.0,0.6414939310310793,3.0,1
0.04896020314672972,1.0,12.0,0.08969579304235344,1.0,1.0,0.8560571569754662,1.0,0
0.4251823020436402,1.0,12.0,0.5158848871319135,0.0,1.0,0.3328672835386883,1.0,1
0.1787310100505619,1.0,12.0,0.05627502863433827,1.0,1.0,0.8414597380307538,2.0,0
0.12305807879560207,1.0,12.0,0.019500898043861584,1.0,1.0,0.8956279185644952,0.0,0
0.09732390351049414,1.0,12.0,0.028869373677069987,1.0,1.0,0.8067018149394847,0.0,0
0.04492077721756049,1.0,12.0,0.023754332492387766,1.0,1.0,0.9914185282124919,2.0,0
0.6322403880347759,0.0,11.0,0.4276361451814543,1.0,0.0,0.6304568858534718,3.0,1
0.19315568186234564,1.0,12.0,0.026489544723673344,1.0,1.0,0.893586951257715,2.0,0
0.10319838765168807,1.0,12.0,0.07049255496889531,1.0,1.0,0.8794858174804464,0.0,0
0.7425949427955871,0.0,10.0,0.7232371350962487,0.0,0.0,0.20653179253742396,3.0,1
0.22376415099995828,1.0,12.0,0.08532424691971176,1.0,1.0,0.9020639734394172,2.0,0
0.06079304774986352,1.0,12.0,0.07222669318556592,1.0,1.0,0.9567089404318857,2.0,0
0.12919748478203955,1.0,12.0,0.07401613687614632,1.0,1.0,0.8892101413476354,1.0,0
0.07604967990907022,1.0,12.0,0.030394251225502735,1.0,1.0,0.7691249986352049,2.0,0
0.057887108991262204,1.0,12.0,0.09425459396769054,1.0,1.0,0.7128512665357339,2.0,0
0.7868761614764497,0.0,10.0,0.7656599746087438,0.0,0.0,0.2287600944271135,1.0,1
0.12455900012481824,1.0,12.0,0.04066740699985832,1.0,1.0,0.9859060063536698,1.0,0
0.1553361243133824,1.0,12.0,0.05591848068293265,1.0,1.0,0.8884714331389844,0.0,0
0.09859133095458755,1.0,12.0,0.05494142384304534,1.0,1.0,0.9240627148407468,2.0,0
0.06803628430749067,1.0,12.0,0.05902306668690871,1.0,1.0,0.808292169082008,2.0,0
0.08914904399655141,1.0,12.0,0.025448133161826026,1.0,1.0,0.7038692409368575,2.0,0
0.013191314464900655,1.0,12.0,0.06920112559466547,1.0,1.0,0.8373786983302083,0.0,0
0.14757373562870194,1.0,12.0,0.026806364082287627,1.0,1.0,0.8872446723547402,1.0,0
0.11979546940743274,1.0,12.0,0.002564206580643569,1.0,1.0,0.8023743482878469,0.0,0
0.21301210395117323,1.0,12.0,0.05592181317684582,1.0,1.0,0.854422658127034,1.0,0
0.5512863735033662,0.0,0.0,0.5516133253678238,0.0,0.0,0.6294902511444833,3.0,1
0.19862140841212267,1.0,12.0,0.08843765470229714,1.0,1.0,0.803434426021794,2.0,0
0.07034774014438169,1.0,12.0,0.02526490939608851,1.0,1.0,0.7015246419454078,2.0,0
0.4390032936464838,0.0,11.0,0.3621081672590352,0.0,1.0,0.4967188343387718,2.0,1
0.19582449573901192,1.0,12.0,0.02659284506321188,1.0,1.0,0.9970996911380945,2.0,0
0.20149813744378953,1.0,12.0,0.05502265421562618,1.0,1.0,0.7130237598564457,1.0,0
0.9470639691032197,0.0,11.0,0.37857102717403784,0.0,0.0,0.3575320905237288,1.0,1
0.20024517510084122,1.0,12.0,0.01044545181001514,1.0,1.0,0.8730572143398101,2.0,0
0.875017059521048,1.0,10.0,0.2107541589878883,0.0,1.0,0.3873572744583943,3.0,1
0.022322381131393232,1.0,12.0,0.06870192665032428,1.0,1.0,0.8481442121370786,0.0,0
0.466981557637637,1.0,11.0,0.49410390387589675,0.0,0.0,0.5864787125364171,3.0,1
0.11998470867928088,1.0,12.0,0.060002054811930376,1.0,1.0,0.787498773612791,0.0,0
0.15245319038702926,1.0,12.0,0.024080381607317326,1.0,1.0,0.816042172615564,0.0,0
0.17394936941386122,1.0,12.0,0.04580222116682588,1.0,1.0,0.7276285759698706,1.0,0
0.03445572478980885,1.0,12.0,0.06630420045004923,1.0,1.0,0.7005639650574732,2.0,0
0.07524157990790542,1.0,12.0,0.018404477205021353,1.0,1.0,0.9269353263966735,0.0,0
0.22579769470860728,1.0,12.0,0.0603850982540278,1.0,1.0,0.8729842021389154,2.0,0
0.09133920491851441,1.0,12.0,0.048780980080873795,1.0,1.0,0.9552452553508439,1.0,0
0.0926180256978455,1.0,12.0,0.048452298519102134,1.0,1.0,0.8854764314590888,2.0,0
0.015631573935711435,1.0,12.0,0.045894051659682036,1.0,1.0,0.9198200424358496,1.0,0
0.08430164389143802,1.0,12.0,0.014284196481433187,1.0,1.0,0.9076220941073107,2.0,0
0.20521536828833814,1.0,12.0,0.07184572708365537,1.0,1.0,0.8605110196134731,1.0,0
0.006285489569318181,1.0,12.0,0.06944504561307088,1.0,1.0,0.7246621191135345,1.0,0
0.13797670969362139,1.0,12.0,0.05609379715353863,1.0,1.0,0.9629960807975035,0.0,0
0.2316469062903736,1.0,12.0,0.04921162930795382,1.0,1.0,0.7774733164896874,0.0,0
0.07792245712876036,1.0,12.0,0.00031409060481221165,1.0,1.0,0.7522730204936139,2.0,0
0.0616005083097767,1.0,12.0,0.08191023176741997,1.0,1.0,0.9398247636906938,2.0,0
0.019742290547707153,1.0,12.0,0.02395101699095381,1.0,1.0,0.938373483610057,1.0,0
0.4142660213811318,0.0,8.0,0.614326379011433,1.0,0.0,0.46060142144402244,3.0,1
0.19551269231593957,1.0,12.0,0.02400707404875665,1.0,1.0,0.7432927602164808,2.0,0
0.1264241859453435,1.0,12.0,0.00620414169565543,1.0,1.0,0.7213467036633728,2.0,0
0.21675787403061214,1.0,12.0,0.057867540857239344,1.0,1.0,0.8315846257568771,0.0,0
0.04138012759182244,1.0,12.0,0.01863208794941207,1.0,1.0,0.9512472367007476,0.0,0
0.21036188827118998,1.0,12.0,0.04712871673981646,1.0,1.0,0.9937314814045464,2.0,0
0.6479220283581153,0.0,0.0,0.7188863728912166,0.0,0.0,0.27288523298132317,3.0,1
0.051350352119507336,1.0,12.0,0.03814410414133115,1.0,1.0,0.9946148611047887,1.0,0
0.08899275812209859,1.0,12.0,0.0015813196232962068,1.0,1.0,0.7231435505618745,1.0,0
0.48515992645563916,0.0,11.0,0.2921812100176605,1.0,0.0,0.32423873982016804,1.0,1
0.24359870191654162,1.0,12.0,0.0986210744479603,1.0,1.0,0.9094485142059235,0.0,0
0.24795248783734086,1.0,12.0,0.009917809958721591,1.0,1.0,0.8204482947583864,1.0,0
0.853740153889728,1.0,12.0,0.6816029312196411,0.0,0.0,0.36037572468495693,0.0,1
0.19320569500420112,1.0,12.0,0.023005368303143394,1.0,1.0,0.7394005379228134,2.0,0
0.24811057234369474,1.0,12.0,0.038632317307646595,1.0,1.0,0.872152376231354,1.0,0
0.24273506240115464,1.0,12.0,0.017715352322262557,1.0,1.0,0.9166198192611356,1.0,0
0.4278417316090754,0.0,10.0,0.7292805183111762,0.0,1.0,0.3377881642169366,3.0,1
0.8318167428765024,1.0,10.0,0.3361379441266531,0.0,0.0,0.2580665545146965,3.0,1
0.05502783147618828,1.0,12.0,0.035052053428616184,1.0,1.0,0.8117599821278652,2.0,0
0.020153851292400438,1.0,12.0,0.09395685890251658,1.0,1.0,0.9265400852335588,2.0,0
0.017943951556628257,1.0,12.0,0.06826172212234025,1.0,1.0,0.7725795040946588,1.0,0
0.23166471644844855,1.0,12.0,0.0727271995856421,1.0,1.0,0.7979622306417505,1.0,0
0.5866724084557884,0.0,10.0,0.5550363984892451,0.0,1.0,0.37189256136063653,3.0,1
0.15647284410925227,1.0,12.0,0.08859777482361872,1.0,1.0,0.8847589564546914,1.0,0
0.6027673426271745,0.0,12.0,0.3115045408708823,0.0,0.0,0.4282147471881733,3.0,1
0.5566171991760696,0.0,12.0,0.7001828645997495,0.0,1.0,0.4408637305831891,3.0,1
0.43414088829857295,1.0,8.0,0.7556867199900529,1.0,0.0,0.24587021242217386,3.0,1
0.11280983604524703,1.0,12.0,0.09849896561408751,1.0,1.0,0.9316037428929971,2.0,0
0.11253084029548305,1.0,12.0,0.057926635382052685,1.0,1.0,0.927805307725784,2.0,0
0.6320178699924772,0.0,12.0,0.4450519886741674,0.0,0.0,0.6195566637351699,3.0,1
0.8834583509759988,0.0,12.0,0.4191854844764139,0.0,0.0,0.649701325992577,1.0,1
0.03659349804056228,1.0,12.0,0.036753442229153145,1.0,1.0,0.720451692815648,1.0,0
0.24814544887194084,1.0,12.0,0.01562015079305993,1.0,1.0,0.9965262981890444,2.0,0
0.034943094156572374,1.0,12.0,0.07952673118598902,1.0,1.0,0.7604881960143233,1.0,0
0.8252795589436923,1.0,12.0,0.4372400992363018,1.0,0.0,0.5554885250075479,3.0,1
0.18489529430543566,1.0,12.0,0.021096989061995045,1.0,1.0,0.9524866022628322,1.0,0
0.8168965475968755,0.0,8.0,0.15424151677877654,0.0,1.0,0.24139302980185998,2.0,1
0.5009266554601249,0.0,0.0,0.7301973632286956,0.0,0.0,0.4237583815462896,0.0,1
0.7121276132540976,0.0,12.0,0.2664275347020208,1.0,1.0,0.3962187123108276,3.0,1
0.19134084096451018,1.0,12.0,0.025302634092025322,1.0,1.0,0.959668714951661,2.0,0
0.4739703564714477,1.0,0.0,0.19662562957969043,0.0,0.0,0.5436213801896062,3.0,1
0.4060686589965015,1.0,11.0,0.4404093897303375,0.0,0.0,0.6138357086126334,2.0,1
0.24379499399387708,1.0,12.0,0.08332043565966744,1.0,1.0,0.7909052520946089,1.0,0
0.035492997440248475,1.0,12.0,0.03479414115821666,1.0,1.0,0.8351052936716238,1.0,0
0.014904331336164756,1.0,12.0,0.06920505530397449,1.0,1.0,0.7419962130165288,2.0,0
0.7115360465137166,0.0,0.0,0.3447352261303902,0.0,0.0,0.25247133489296036,2.0,1
0.9102261515798233,1.0,0.0,0.3921933173251019,1.0,0.0,0.2605205479229761,2.0,1
0.90757915365912,0.0,0.0,0.3997044926697506,0.0,1.0,0.40527143350392014,3.0,1
0.047652458268612446,1.0,12.0,0.018463245734736924,1.0,1.0,0.8026322862590782,0.0,0
0.5137333051221643,0.0,8.0,0.2787019696999098,0.0,0.0,0.39301353177216963,3.0,1
0.07104607392793219,1.0,12.0,0.028896852492105853,1.0,1.0,0.8131161793005096,1.0,0
0.12485794246670884,1.0,12.0,0.053502550459893286,1.0,1.0,0.7433162896401001,2.0,0
0.004015466245251537,1.0,12.0,0.07821712630912463,1.0,1.0,0.7373148493723972,1.0,0
0.20078493909497397,1.0,12.0,0.047030063444603844,1.0,1.0,0.9950269422684529,1.0,0
0.030472020633067615,1.0,12.0,0.04158613394079476,1.0,1.0,0.7189389727623899,2.0,0
0.2293283938655607,1.0,12.0,0.01368186309189614,1.0,1.0,0.9850712061462408,2.0,0
0.12065030891538017,1.0,12.0,0.021603144039307222,1.0,1.0,0.9901813571110893,0.0,0
0.004555456412887432,1.0,12.0,0.00944429607559284,1.0,1.0,0.904902032024907,0.0,0
0.125622719206733,1.0,12.0,0.02007709747566786,1.0,1.0,0.7945031117130195,1.0,0
0.09878882436807626,1.0,12.0,0.0728370854339646,1.0,1.0,0.8037418295231274,1.0,0
0.0826402505765727,1.0,12.0,0.074473672782921,1.0,1.0,0.8237209181403599,0.0,0
0.06250411230402617,1.0,12.0,0.058054401234390984,1.0,1.0,0.9601349821629166,0.0,0
0.21535451152387936,1.0,12.0,0.013730003271557024,1.0,1.0,0.9857160257196174,0.0,0
0.005236240257728203,1.0,12.0,0.008217166747642736,1.0,1.0,0.9903580104535091,2.0,0
0.834822565089135,0.0,8.0,0.5387916924908464,0.0,0.0,0.36031386930446063,3.0,1
0.06785964440855005,1.0,12.0,0.012535647579238564,1.0,1.0,0.8010894177152369,2.0,0
0.9557249046404103,1.0,12.0,0.7488599286129287,1.0,0.0,0.5659145256347013,3.0,1
0.7986542719556067,0.0,11.0,0.7750482929816341,0.0,0.0,0.4730568031196016,3.0,1
0.1742839514729523,1.0,12.0,0.06486389567688156,1.0,1.0,0.782586464035558,2.0,0
0.012787551405099407,1.0,12.0,0.03977934409290982,1.0,1.0,0.8535122341344102,2.0,0
0.1774178358761311,1.0,12.0,0.09837115832091518,1.0,1.0,0.7150526050959921,0.0,0
0.5762766823925966,0.0,11.0,0.3916225400006994,1.0,0.0,0.20976504287399375,3.0,1
0.8121630134000218,0.0,0.0,0.7443890433365355,0.0,0.0,0.342682948443661,3.0,1
0.09287148591485855,1.0,12.0,0.06185270587181856,1.0,1.0,0.8899217960498539,0.0,0
0.01674340300631788,1.0,12.0,0.08773504531328387,1.0,1.0,0.8168214816936625,0.0,0
0.02998842325597248,1.0,12.0,0.09167916907023352,1.0,1.0,0.916196543584934,2.0,0
0.034155332860507204,1.0,12.0,0.07089109969101186,1.0,1.0,0.8658459930723723,1.0,0
0.017313576571464984,1.0,12.0,0.09598265180759291,1.0,1.0,0.8434765883727771,2.0,0
0.8754344652152881,1.0,10.0,0.3148501579650667,0.0,0.0,0.2836701383934731,1.0,1
0.11790659129881542,1.0,12.0,0.022748160369354,1.0,1.0,0.7498554998829248,2.0,0
0.4328159047457606,1.0,0.0,0.2619283616253615,0.0,0.0,0.26326636317801455,3.0,1
0.003030193660973318,1.0,12.0,0.02412014575995415,1.0,1.0,0.9927621264730162,1.0,0
0.47657391174265196,0.0,8.0,0.24739478722217928,1.0,0.0,0.36520977588961934,3.0,1
0.16899556889658884,1.0,12.0,0.04960478386798866,1.0,1.0,0.703814466996068,0.0,0
0.5839594459149253,0.0,8.0,0.41660644999991425,0.0,1.0,0.21750311551107177,3.0,1
0.14014495225026216,1.0,12.0,0.09426591769666305,1.0,1.0,0.7248202118871012,2.0,0
0.042265444609929065,1.0,12.0,0.03518050064103525,1.0,1.0,0.9285027628640987,0.0,0
0.17948317273502545,1.0,12.0,0.028360792341713625,1.0,1.0,0.7978846454706839,1.0,0
0.8168733991592709,1.0,10.0,0.5330946422212762,0.0,0.0,0.4020408983287279,2.0,1
0.18932074456887518,1.0,12.0,0.08979646468477887,1.0,1.0,0.7252382986778149,1.0,0
0.5827452197731411,1.0,11.0,0.3531533739538694,0.0,0.0,0.5814381482791648,3.0,1
0.19862020446337653,1.0,12.0,0.027812915548661245,1.0,1.0,0.7426765719330446,2.0,0
0.6501007691336762,0.0,8.0,0.7779364862973793,0.0,0.0,0.6213561263619876,3.0,1
0.18262311937057485,1.0,12.0,0.013535543497328406,1.0,1.0,0.7592917661773391,1.0,0
0.18085502842214624,1.0,12.0,0.049587573507877084,1.0,1.0,0.7243138647722943,0.0,0
0.9726381412200845,0.0,12.0,0.42814454862206053,1.0,0.0,0.5081479212256393,0.0,1
0.18461230231283163,1.0,12.0,0.08785155613013479,1.0,1.0,0.8212420964953099,1.0,0
0.20753774574947953,1.0,12.0,0.09482515377900794,1.0,1.0,0.7913807067322571,0.0,0
0.18811708439662359,1.0,12.0,0.005129384898121559,1.0,1.0,0.8477606142142867,0.0,0
0.9183728932057064,1.0,0.0,0.22551737326515792,0.0,0.0,0.28460707273833,3.0,1
0.6632006632189453,1.0,0.0,0.158175578116027,1.0,0.0,0.30963735620551236,3.0,1
0.9290335141097563,0.0,10.0,0.3117306049698444,0.0,0.0,0.20481139555107564,3.0,1
0.20237901868121952,1.0,12.0,0.06552419806390218,1.0,1.0,0.8652572111827418,2.0,0
0.21587953515323924,1.0,12.0,0.09229602317984849,1.0,1.0,0.8397100366956439,2.0,0
0.06639570823965152,1.0,12.0,0.001755236336662891,1.0,1.0,0.7879925832341694,0.0,0
0.1293990753288805,1.0,12.0,0.026884674245284335,1.0,1.0,0.8885302142256997,1.0,0
0.5267710225419626,0.0,8.0,0.5020370508189229,0.0,0.0,0.40812059468251705,3.0,1
0.04295736508941461,1.0,12.0,0.05180774980403448,1.0,1.0,0.764198403609494,0.0,0
0.593394894681655,0.0,0.0,0.5792523640572865,0.0,0.0,0.4237531377589981,3.0,1
0.7531516584095526,0.0,10.0,0.6491783925763733,0.0,0.0,0.25044432965784147,3.0,1
0.6912985841695981,0.0,8.0,0.2642594802897482,1.0,0.0,0.6115367692109253,0.0,1
0.7131609784387463,1.0,10.0,0.5434733581637499,1.0,1.0,0.47912989366486325,1.0,1
0.6211105947030285,1.0,11.0,0.6072802936574215,0.0,0.0,0.21447437164518413,3.0,1
0.15154365861272,1.0,12.0,0.022864280550346273,1.0,1.0,0.901510205321757,1.0,0
0.9647549176254416,0.0,12.0,0.2082489205969597,1.0,0.0,0.5891401530217322,3.0,1
0.05813533290521375,1.0,12.0,0.02260331967886521,1.0,1.0,0.8653152859884796,1.0,0
0.8419911251348728,1.0,11.0,0.3145848630675323,1.0,0.0,0.23155312058614536,0.0,1
0.10048272840231054,1.0,12.0,0.04798756203039089,1.0,1.0,0.8882516389655111,2.0,0
0.15813602749145697,1.0,12.0,0.06444702771210337,1.0,1.0,0.9459393414954183,0.0,0
0.12527197006554927,1.0,12.0,0.07061931829633587,1.0,1.0,0.8602871655681027,2.0,0
0.10071832065815928,1.0,12.0,0.029529049404794328,1.0,1.0,0.7697152969168143,2.0,0
0.01550919090719538,1.0,12.0,0.03393052673095675,1.0,1.0,0.8517794962958676,1.0,0
0.5954244010521994,0.0,0.0,0.7443862403401308,1.0,0.0,0.4080600204205981,3.0,1
0.5996404923903134,1.0,0.0,0.4319558783646499,0.0,0.0,0.33717717616532017,3.0,1
0.14439834147028938,1.0,12.0,0.06345824175503038,1.0,1.0,0.9393742478847682,2.0,0
0.1812889318877787,1.0,12.0,0.0191190701464789,1.0,1.0,0.8014789315997045,2.0,0
0.15353329404687951,1.0,12.0,0.03258245840194487,1.0,1.0,0.75752086521708,2.0,0
0.17443906901835737,1.0,12.0,0.0006088748239839071,1.0,1.0,0.7302823599932564,1.0,0
0.2217798293059246,1.0,12.0,0.04198486976863176,1.0,1.0,0.8490686555500147,2.0,0
0.1461670225414562,1.0,12.0,0.013365058141051801,1.0,1.0,0.8331577565263903,2.0,0
0.6726533914957247,0.0,0.0,0.15693698710174217,0.0,0.0,0.2267660733987753,3.0,1
0.12741411270094016,1.0,12.0,0.09088654063190037,1.0,1.0,0.9355569653268524,2.0,0
0.01852635564371677,1.0,12.0,0.03754689284665004,1.0,1.0,0.941144363558034,2.0,0
0.432828504900184,0.0,12.0,0.5384485741060993,0.0,0.0,0.6194580949012938,3.0,1
0.16098914486190338,1.0,12.0,0.0380951845023475,1.0,1.0,0.7163696224848096,2.0,0
0.17753385794951645,1.0,12.0,0.09373784381643208,1.0,1.0,0.8809875417144829,0.0,0
0.1455175327810559,1.0,12.0,0.07978046813410726,1.0,1.0,0.959309879936792,1.0,0
0.0746957177635629,1.0,12.0,0.08912000730636024,1.0,1.0,0.7040902071717464,2.0,0
0.1202863485140733,1.0,12.0,0.06877847170960831,1.0,1.0,0.8534971040641783,2.0,0
0.16433837054253214,1.0,12.0,0.04722818041629817,1.0,1.0,0.9640470213764456,0.0,0
0.8272708338004812,0.0,10.0,0.31837548657833453,1.0,0.0,0.4078001701012205,1.0,1
0.2009942448502244,1.0,12.0,0.05384014903807876,1.0,1.0,0.8984965525241624,0.0,0
0.11491114934643434,1.0,12.0,0.06757612928952238,1.0,1.0,0.8855830867281816,1.0,0
0.7687846714327011,1.0,12.0,0.6782919546431537,0.0,0.0,0.2317272300057158,3.0,1
0.18448194224970008,1.0,12.0,0.059742924257342005,1.0,1.0,0.9642685481634257,0.0,0
0.0019911011863627814,1.0,12.0,0.0924561055376805,1.0,1.0,0.8329919528551526,1.0,0
0.08283675177576269,1.0,12.0,0.04820410581120826,1.0,1.0,0.7588293138215179,2.0,0
0.05316109409277403,1.0,12.0,0.003318935456242622,1.0,1.0,0.7911839203722171,1.0,0
0.08748446339267851,1.0,12.0,0.07824258122127879,1.0,1.0,0.9977543860485913,0.0,0
0.10325779366192425,1.0,12.0,0.006913278618661945,1.0,1.0,0.8311496166450479,1.0,0
0.8359514594958719,0.0,10.0,0.40698173205989907,0.0,0.0,0.4058577409636199,3.0,1
0.15630403125785955,1.0,12.0,0.09376397799579021,1.0,1.0,0.9039114335730501,1.0,0
0.9719003060627004,0.0,0.0,0.4614905673317856,0.0,0.0,0.23583872283006044,3.0,1
0.1651996324227276,1.0,12.0,0.07463628843132415,1.0,1.0,0.7934715218746686,0.0,0
0.10749630353026493,1.0,12.0,0.05969106905466562,1.0,1.0,0.9998673109751316,1.0,0
0.42230844096475895,0.0,0.0,0.2750425099706049,0.0,0.0,0.239352087965999,3.0,1
0.07395602437413401,1.0,12.0,0.00011120941961874077,1.0,1.0,0.7815863678194596,2.0,0
0.1327336458292841,1.0,12.0,0.04477831645730917,1.0,1.0,0.8658679267213983,2.0,0
0.09680578530255174,1.0,12.0,0.028276545706009862,1.0,1.0,0.791347127306209,2.0,0
0.9907866216240198,1.0,8.0,0.42613997881815224,0.0,0.0,0.4204226272460251,3.0,1
0.17032052763310845,1.0,12.0,0.07159846935417241,1.0,1.0,0.8821973250379198,2.0,0
0.11168161717566014,1.0,12.0,0.012344986581035512,1.0,1.0,0.7617940107630885,1.0,0
0.020505921302867713,1.0,12.0,0.0034939246405988446,1.0,1.0,0.9969269240228004,0.0,0
0.0994664257543568,1.0,12.0,0.08275530522740471,1.0,1.0,0.751212508993744,0.0,0
0.1398947136163355,1.0,12.0,0.06870391505824806,1.0,1.0,0.8974247754247571,0.0,0
0.030061806627918908,1.0,12.0,0.00683409355322604,1.0,1.0,0.77899473512596,0.0,0
0.0296651536186347,1.0,12.0,0.017187651213592427,1.0,1.0,0.8429579412496712,0.0,0
0.8308610427736135,0.0,12.0,0.18490310108954944,1.0,1.0,0.5105769817719494,3.0,1
0.928528854264842,0.0,10.0,0.34228476707821104,0.0,0.0,0.41279569499474533,0.0,1
0.09822377722329476,1.0,12.0,0.0028652427577654516,1.0,1.0,0.874975717693767,1.0,0
0.23907297037834033,1.0,12.0,0.03766764404294625,1.0,1.0,0.8017721983521509,0.0,0
0.01802108399966834,1.0,12.0,0.0071256727765258605,1.0,1.0,0.7036325425704661,0.0,0
0.7114130161471335,0.0,10.0,0.5867844896525832,1.0,0.0,0.5376223232622973,2.0,1
0.15930789494737171,1.0,12.0,0.09805768001799882,1.0,1.0,0.9710091437908075,2.0,0
0.17252413955946086,1.0,12.0,0.09306068048465371,1.0,1.0,0.8491937338506916,0.0,0
0.781274307771334,1.0,11.0,0.6193137431840189,0.0,1.0,0.3835961675613141,0.0,1
0.13532408382526762,1.0,12.0,0.07090605194509164,1.0,1.0,0.9612907371238257,1.0,0
0.8420830640325995,0.0,10.0,0.15563490839933516,0.0,1.0,0.36506264831300256,3.0,1
0.17851479994745706,1.0,12.0,0.052764773014478586,1.0,1.0,0.860336767377174,0.0,0
0.6573034091784344,0.0,0.0,0.40706201822057697,1.0,0.0,0.33418769504401946,3.0,1
0.21119735907150536,1.0,12.0,0.02681390200955134,1.0,1.0,0.7469145413210343,2.0,0
0.15399636256504476,1.0,12.0,0.018802473461541614,1.0,1.0,0.8066153706057217,0.0,0
0.8701503368457302,0.0,0.0,0.7743695486102329,1.0,0.0,0.5733630579876788,2.0,1
0.1971493028061327,1.0,12.0,0.015167487973275119,1.0,1.0,0.7935166203386644,0.0,0
0.9807818780619734,1.0,12.0,0.5051538036876285,0.0,0.0,0.45271296243510867,0.0,1
0.16841135436872692,1.0,12.0,0.017925325573928074,1.0,1.0,0.908184877153047,2.0,0
0.10559613054607647,1.0,12.0,0.03773136614063236,1.0,1.0,0.9808963461907471,2.0,0
0.6046102558715218,1.0,11.0,0.7445900358696739,0.0,0.0,0.2546591469082074,3.0,1
0.4283947180818528,1.0,0.0,0.5983060675370051,0.0,0.0,0.43945973281205863,3.0,1
0.9374757237368236,0.0,8.0,0.7780467217087833,0.0,0.0,0.3318163415314053,2.0,1
0.12347342879585865,1.0,12.0,0.017882270922132883,1.0,1.0,0.8099406353748579,2.0,0
0.210981153152931,1.0,12.0,0.028490802153096087,1.0,1.0,0.8388555865047551,0.0,0
0.9560840254660243,0.0,0.0,0.510663496049452,0.0,1.0,0.48411984637794314,3.0,1
0.04678106760262543,1.0,12.0,0.05555495698856199,1.0,1.0,0.7874083218513233,2.0,0
0.15344435470392476,1.0,12.0,0.04355054543981594,1.0,1.0,0.8731749192305839,0.0,0
0.8775478854520938,0.0,11.0,0.3839236885404606,0.0,0.0,0.46817657785667643,0.0,1
0.11981973214407182,1.0,12.0,0.061574202194224284,1.0,1.0,0.7987052313443986,1.0,0
0.7984916590326893,0.0,12.0,0.594497969919485,0.0,0.0,0.23563388409888164,3.0,1
0.15323489562363138,1.0,12.0,0.09430758377447077,1.0,1.0,0.7722078135497514,0.0,0
0.8110036519979072,0.0,8.0,0.19987020964641483,0.0,0.0,0.5009018982040518,2.0,1
0.9450191562478489,1.0,8.0,0.726902240022169,0.0,0.0,0.33176579003172596,2.0,1
0.17653962552976352,1.0,12.0,0.030895599006815266,1.0,1.0,0.7397933732802859,2.0,0
0.0030007568181706357,1.0,12.0,0.05528148757183491,1.0,1.0,0.9221990743199878,2.0,0
0.7384761662571979,0.0,12.0,0.1868679698086296,1.0,1.0,0.6439014767120315,3.0,1
0.18577038490784503,1.0,12.0,0.08479278837633486,1.0,1.0,0.8636755548007443,0.0,0
0.16120815100557845,1.0,12.0,0.03951309076115033,1.0,1.0,0.9139620649847853,1.0,0
0.7055335229962467,0.0,8.0,0.36026704506804497,1.0,0.0,0.41762405303824984,1.0,1
0.891540527261452,0.0,12.0,0.2884729578981217,0.0,1.0,0.48937744709301334,3.0,1
0.8007620467288392,0.0,0.0,0.43763116286399883,0.0,0.0,0.41679012337804167,2.0,1
0.18375629654745584,1.0,12.0,0.061010792203623467,1.0,1.0,0.8464533025932441,2.0,0
0.41159104212060427,0.0,10.0,0.37317970117043375,0.0,1.0,0.34281754988035323,3.0,1
0.9419144144336714,0.0,11.0,0.5837657022840007,1.0,0.0,0.29458638592348085,2.0,1
0.02528066903069756,1.0,12.0,0.008410680611499743,1.0,1.0,0.910290739437736,1.0,0
0.4277178899209773,0.0,12.0,0.26527838507883283,1.0,0.0,0.2345580579290303,3.0,1
0.22652775053312427,1.0,12.0,0.032149570124788196,1.0,1.0,0.8429310959031375,0.0,0
0.09924804055186853,1.0,12.0,0.015631697070886085,1.0,1.0,0.9213852842192776,0.0,0
0.16575183653544398,1.0,12.0,0.0548382036195654,1.0,1.0,0.9637765344539153,2.0,0
0.008827838735059768,1.0,12.0,0.07457337827312321,1.0,1.0,0.7607441680495712,1.0,0
0.16562098673540204,1.0,12.0,0.03469626597345584,1.0,1.0,0.8172265456988911,1.0,0
0.03230595002568734,1.0,12.0,0.0057741079467036,1.0,1.0,0.9535036711467327,0.0,0
0.06543777503362061,1.0,12.0,0.062424073699751816,1.0,1.0,0.9488155450427124,2.0,0
0.611209949501127,0.0,0.0,0.3258391571117003,0.0,0.0,0.5392012704888869,3.0,1
0.05337784157766798,1.0,12.0,0.0505852692951829,1.0,1.0,0.95221090840336,0.0,0
0.021336866248442,1.0,12.0,0.00516817211686077,1.0,1.0,0.8594063894704443,2.0,0
0.8232937291471808,0.0,11.0,0.6360332268529469,0.0,0.0,0.48126205451464804,3.0,1
0.208232428893557,1.0,12.0,0.054029653179030725,1.0,1.0,0.9533997727270673,1.0,0
0.06089278146615798,1.0,12.0,0.03060471662287715,1.0,1.0,0.719105430250755,2.0,0
0.16778936834492217,1.0,12.0,0.062047378505197065,1.0,1.0,0.9226759561597262,2.0,0
0.24235308058382188,1.0,12.0,0.025813343270112754,1.0,1.0,0.8970209993623877,2.0,0
0.15300213248986383,1.0,12.0,0.030630099688753756,1.0,1.0,0.797832355753772,2.0,0
0.4152682859770235,0.0,12.0,0.7251681804592484,0.0,0.0,0.4304142284111704,0.0,1
0.10838018439518551,1.0,12.0,0.07440426429991154,1.0,1.0,0.7752581582039983,1.0,0
0.11905267419725354,1.0,12.0,0.08313714900625013,1.0,1.0,0.7923331719313148,0.0,0
0.1585909222179218,1.0,12.0,0.02220758706933206,1.0,1.0,0.7965009968978646,1.0,0
0.03252156003265799,1.0,12.0,0.07582631959290226,1.0,1.0,0.7073760749376404,2.0,0
0.03487346516301046,1.0,12.0,0.029214464853521818,1.0,1.0,0.8099085529881075,1.0,0
0.05721886562087475,1.0,12.0,0.05968518768877595,1.0,1.0,0.9784546294341854,1.0,0
0.677155122523441,0.0,12.0,0.322022178249195,0.0,1.0,0.21509564213547103,3.0,1
0.45921113665595237,0.0,10.0,0.38739815206697326,0.0,0.0,0.5681468757447867,3.0,1
0.164182371180402,1.0,12.0,0.07087656552291542,1.0,1.0,0.702509104563057,2.0,0
0.16020657867255156,1.0,12.0,0.02160381825095996,1.0,1.0,0.8858763864693489,2.0,0
0.1514437048392218,1.0,12.0,0.02372267917359945,1.0,1.0,0.7305347417861211,1.0,0
0.06964758475798966,1.0,12.0,0.01770104842767468,1.0,1.0,0.7266107601271167,0.0,0
0.16788961090325932,1.0,12.0,0.009292914437938993,1.0,1.0,0.777114179929624,2.0,0
0.15916742054180183,1.0,12.0,0.06139335847600618,1.0,1.0,0.719995612168207,0.0,0
0.24922730464733883,1.0,12.0,0.01834524011502293,1.0,1.0,0.8782425588269372,0.0,0
0.5181600924645222,0.0,11.0,0.3848231524638932,1.0,0.0,0.5328235860500617,3.0,1
0.11064433648320385,1.0,12.0,0.004836271104878088,1.0,1.0,0.9461462753440825,2.0,0
0.9813537242312456,0.0,0.0,0.7104362664896055,0.0,0.0,0.4131062743585909,3.0,1
0.7500557290864547,0.0,11.0,0.5941621357080245,1.0,0.0,0.3929979752276196,1.0,1
0.14554261504406832,1.0,12.0,0.034588305695295675,1.0,1.0,0.8862746553302431,2.0,0
0.017482901427358533,1.0,12.0,0.06401682238281661,1.0,1.0,0.7813442309500555,1.0,0
0.6772236057037333,0.0,0.0,0.7113119219489014,0.0,0.0,0.6233959578536681,3.0,1
0.17227191343705742,1.0,12.0,0.08232732126800302,1.0,1.0,0.8668572077890034,2.0,0
0.1080047318986265,1.0,12.0,0.09803687409421852,1.0,1.0,0.7202507640051465,0.0,0
0.5248636207578237,0.0,0.0,0.7317997634551993,0.0,0.0,0.574712185857239,3.0,1
0.11889904795550207,1.0,12.0,0.040774810500273234,1.0,1.0,0.7483656435925368,1.0,0
0.014548398877110902,1.0,12.0,0.09152137276264805,1.0,1.0,0.8327056689193313,1.0,0
0.669605831501093,0.0,0.0,0.3919817769264402,1.0,0.0,0.32238429850013717,3.0,1
0.22534577416048374,1.0,12.0,0.015380702464160779,1.0,1.0,0.9970259128202446,1.0,0
0.6585927235943143,1.0,10.0,0.182235780343056,1.0,1.0,0.4246264249681978,3.0,1
0.23390874855523688,1.0,12.0,0.07853406511139437,1.0,1.0,0.9006964764142685,1.0,0
0.4232541613325095,0.0,11.0,0.3226124387080689,0.0,0.0,0.5706858745778602,0.0,1
0.5020781964301654,0.0,11.0,0.7188286450486214,1.0,0.0,0.296414945454433,2.0,1
0.1580048021056091,1.0,12.0,0.0726111259344637,1.0,1.0,0.8100884221021601,2.0,0
0.02292603681462027,1.0,12.0,0.0602440925901119,1.0,1.0,0.8661109157037402,0.0,0
0.0696607657787591,1.0,12.0,0.021870980032358323,1.0,1.0,0.7548513339606451,1.0,0
0.7556176399857266,0.0,12.0,0.4513543483232424,0.0,0.0,0.3238265506196306,2.0,1
0.503654053747726,0.0,12.0,0.7734047574835623,1.0,0.0,0.49895271497255705,2.0,1
0.05923333122666216,1.0,12.0,0.06773931298888729,1.0,1.0,0.8697344664522989,2.0,0
0.20481377621786528,1.0,12.0,0.08798219139516954,1.0,1.0,0.8576304737637078,0.0,0
0.4287032875042233,0.0,12.0,0.7265123720738638,0.0,0.0,0.3040913820180321,3.0,1
0.49205054764653244,0.0,0.0,0.481980564179041,0.0,0.0,0.4969112156301425,3.0,1
0.41787430241957335,1.0,0.0,0.49817904012327285,0.0,1.0,0.6214975870631065,0.0,1
0.08496874094201654,1.0,12.0,0.07247667715287615,1.0,1.0,0.7196069022396827,2.0,0
0.04369336070684429,1.0,12.0,0.03607725191105998,1.0,1.0,0.9717673314363281,0.0,0
0.032991329905990435,1.0,12.0,0.051318308375677885,1.0,1.0,0.7583342933295065,0.0,0
0.09637797618423058,1.0,12.0,0.03403871042545057,1.0,1.0,0.8624222822042755,0.0,0
0.1560885120334483,1.0,12.0,0.0295633685837714,1.0,1.0,0.7316482779490812,1.0,0
0.23254274135960615,1.0,12.0,0.08442487024058185,1.0,1.0,0.9027543239393009,2.0,0
0.1137929979334141,1.0,12.0,0.0667760591603153,1.0,1.0,0.9512101239310452,1.0,0
0.05044873706311423,1.0,12.0,0.09088264977168624,1.0,1.0,0.9281200201862447,2.0,0
0.06294976472673819,1.0,12.0,0.034569599350391944,1.0,1.0,0.7544793150404276,1.0,0
0.10483367010482209,1.0,12.0,0.070109758736427,1.0,1.0,0.8232194630473035,2.0,0
0.2368244720640845,1.0,12.0,0.016637758693227235,1.0,1.0,0.9312952877596407,0.0,0
0.21265401446028445,1.0,12.0,0.05612227882825249,1.0,1.0,0.8570172734123099,0.0,0
0.05681526338991558,1.0,12.0,0.05437870703917469,1.0,1.0,0.9084910399364428,1.0,0
0.03841450954027817,1.0,12.0,0.04536936346052827,1.0,1.0,0.8591063181184768,2.0,0
0.06027120808240796,1.0,12.0,0.020504532850652492,1.0,1.0,0.7754327318535394,0.0,0
0.03486255905129004,1.0,12.0,0.056920646312942774,1.0,1.0,0.9603938880192708,1.0,0
0.9698975232918194,0.0,8.0,0.7752121683261991,0.0,1.0,0.4892494475269393,3.0,1
0.11873774131593706,1.0,12.0,0.005522252074302847,1.0,1.0,0.9827150362006831,2.0,0
0.5611594969006515,0.0,11.0,0.41119579569844855,0.0,0.0,0.2973354231332729,3.0,1
0.09806101127493308,1.0,12.0,0.04374749220237291,1.0,1.0,0.9712476083481245,0.0,0
0.18904805852669512,1.0,12.0,0.03937551415654067,1.0,1.0,0.882463413029934,0.0,0
0.06219794718479427,1.0,12.0,0.09420582194885956,1.0,1.0,0.7894817362702368,0.0,0
0.6514526522025796,0.0,0.0,0.6036816641003488,1.0,0.0,0.21367081097950813,3.0,1
0.22388893521847125,1.0,12.0,0.09666222208961076,1.0,1.0,0.8330317308508132,1.0,0
0.7088017144310965,1.0,10.0,0.48745597572345134,1.0,0.0,0.33425198461437444,1.0,1
0.1868243893899642,1.0,12.0,0.004791386791333375,1.0,1.0,0.9845560982541746,1.0,0
0.5231630047303951,1.0,8.0,0.6353721841806705,0.0,0.0,0.3334793878252632,3.0,1
0.6872210323415994,1.0,11.0,0.7425342980739823,0.0,0.0,0.5437834383465281,0.0,1
0.6029713553259455,0.0,0.0,0.7808900441073481,0.0,1.0,0.2590469673192589,3.0,1
0.574433384572399,0.0,12.0,0.35831648347610573,0.0,0.0,0.47493177474451465,0.0,1
0.5762571238164318,1.0,10.0,0.25439204517927183,0.0,0.0,0.46420976071289044,0.0,1
0.7503338940232291,1.0,0.0,0.4520711220024365,0.0,1.0,0.627740513537675,3.0,1
0.05800454507720268,1.0,12.0,0.0014381446072085026,1.0,1.0,0.9293060159309282,1.0,0
0.5034342810014294,0.0,11.0,0.7765634272748132,1.0,1.0,0.30156260347569364,0.0,1
0.08148136598801872,1.0,12.0,0.05902639388856225,1.0,1.0,0.8299740246914966,0.0,0
0.8587861435684674,1.0,12.0,0.38910295149484797,1.0,0.0,0.2740601651210763,3.0,1
0.7870822743614324,1.0,0.0,0.7642537589556428,0.0,0.0,0.5611032854666722,3.0,1
0.06313194551885482,1.0,12.0,0.03592507479162456,1.0,1.0,0.8138075769767271,2.0,0
0.22581202627378263,1.0,12.0,0.026741527847210768,1.0,1.0,0.9437172172558452,1.0,0
0.1678969357347315,1.0,12.0,0.003172249181603115,1.0,1.0,0.8604900020228332,2.0,0
0.22186512062837574,1.0,12.0,0.05567215847833661,1.0,1.0,0.916243928893152,2.0,0
0.14290191237073596,1.0,12.0,0.018483839794702497,1.0,1.0,0.7178761292059431,2.0,0
0.07952611172586802,1.0,12.0,0.09611594157101652,1.0,1.0,0.9675132595608238,0.0,0
0.8763360170572432,0.0,10.0,0.7902177056350687,1.0,0.0,0.24853396905303912,1.0,1
0.22361998274201686,1.0,12.0,0.09914753351450482,1.0,1.0,0.7184551078717705,0.0,0
0.8636464867278473,1.0,11.0,0.6371404121570126,0.0,0.0,0.2594645201764373,3.0,1
0.19957329930229667,1.0,12.0,0.03262539180411468,1.0,1.0,0.7898150121116044,1.0,0
0.14899721054587045,1.0,12.0,0.010125991461515894,1.0,1.0,0.9541418469081355,1.0,0
0.6257208479771189,1.0,12.0,0.4201915418558646,0.0,0.0,0.48237776939079485,3.0,1
0.08648374813674073,1.0,12.0,0.03710387629846027,1.0,1.0,0.9962948691208173,1.0,0
0.20160090430820987,1.0,12.0,0.045923987759695806,1.0,1.0,0.7155869732662805,2.0,0
0.4459734411953217,0.0,0.0,0.46803151968354206,1.0,0.0,0.6253881681132365,3.0,1
0.22652176512031513,1.0,12.0,0.0012156771477386807,1.0,1.0,0.9022059757176377,0.0,0
0.2149486687029114,1.0,12.0,0.04068048009517236,1.0,1.0,0.7984699317035018,2.0,0
0.03586736425450501,1.0,12.0,0.015144552193535733,1.0,1.0,0.8298314453025456,0.0,0
0.053348336993922385,1.0,12.0,0.06651461942384054,1.0,1.0,0.7471978840005484,0.0,0
0.248313753855741,1.0,12.0,0.004491129899561586,1.0,1.0,0.9283023770486176,0.0,0
0.019142064608384746,1.0,12.0,0.04207612017659258,1.0,1.0,0.8805046492054889,2.0,0
0.1537674385036745,1.0,12.0,0.09269075621458642,1.0,1.0,0.9886175496824054,2.0,0
0.16696697667520335,1.0,12.0,0.09332050877593062,1.0,1.0,0.7796489222287216,0.0,0
0.8841396087518134,1.0,0.0,0.552978089450842,0.0,1.0,0.23667048978917446,3.0,1
0.5556398432811123,0.0,8.0,0.7112295094391488,0.0,0.0,0.26915786111326107,3.0,1
0.18605291423582448,1.0,12.0,0.0681039427096909,1.0,1.0,0.771251941387741,0.0,0
0.04173276770437537,1.0,12.0,0.02437294825243418,1.0,1.0,0.7802802396585122,1.0,0
0.043374012588755506,1.0,12.0,0.03797515229193175,1.0,1.0,0.9404337328668861,1.0,0
0.05021477246557354,1.0,12.0,0.0693193940822681,1.0,1.0,0.9464322184029599,1.0,0
0.9177826163992866,0.0,0.0,0.459438200176298,0.0,0.0,0.44216168046989823,3.0,1
0.03719899235127891,1.0,12.0,0.04626756050653935,1.0,1.0,0.9942962134488056,1.0,0
0.8941955505903842,0.0,11.0,0.6223358050178381,0.0,0.0,0.4805256741621714,3.0,1
0.14964074830444,1.0,12.0,0.041414106821566626,1.0,1.0,0.9873837579778413,1.0,0
0.20446407641375738,1.0,12.0,0.05101483804563233,1.0,1.0,0.92087194304015,1.0,0
0.9727840964297388,0.0,12.0,0.2822184514289048,1.0,0.0,0.5064127456777632,1.0,1
0.2165159723751021,1.0,12.0,0.004521867010618941,1.0,1.0,0.7079100923491756,0.0,0
0.8892127743133369,0.0,10.0,0.5172711412343673,0.0,0.0,0.4712014824250273,3.0,1
0.7547806893539468,0.0,12.0,0.6347269268928833,1.0,0.0,0.5539625618741779,0.0,1
0.21491133633815163,1.0,12.0,0.01688100057845642,1.0,1.0,0.9561828646425559,1.0,0
0.8816594028772229,1.0,0.0,0.5555278130559308,0.0,0.0,0.48975227379794456,3.0,1
0.028210796795905352,1.0,12.0,0.059643395462566,1.0,1.0,0.8454068550808922,0.0,0
0.10306993195791639,1.0,12.0,0.0934729915488301,1.0,1.0,0.77526372996721,2.0,0
0.6829651424446554,0.0,8.0,0.223317997263275,0.0,0.0,0.4936181277827709,3.0,1
0.20563369859604919,1.0,12.0,0.08039585075525203,1.0,1.0,0.8657502902223667,2.0,0
0.06356530786121614,1.0,12.0,0.02954679246267593,1.0,1.0,0.8589911023064262,2.0,0
0.19663059559771176,1.0,12.0,0.09425313075201168,1.0,1.0,0.9240329918601153,2.0,0
0.07615344229334267,1.0,12.0,0.009767211400638388,1.0,1.0,0.905269907953647,2.0,0
0.07033765546346041,1.0,12.0,0.04575753322504318,1.0,1.0,0.8426157566066447,1.0,0
0.21211794360156616,1.0,12.0,0.036325535167581025,1.0,1.0,0.9381805400355554,0.0,0
0.20278094248336773,1.0,12.0,0.06359547071637285,1.0,1.0,0.8164497118380987,2.0,0
0.06359789521046175,1.0,12.0,0.03618530932051387,1.0,1.0,0.841748006501954,1.0,0
0.23065093927348945,1.0,12.0,0.07622120583141771,1.0,1.0,0.8775150906677202,0.0,0
0.010789977987644028,1.0,12.0,0.08911431136980712,1.0,1.0,0.85831033272589,2.0,0
0.043520418827857316,1.0,12.0,0.011706604142416865,1.0,1.0,0.8347254235032839,0.0,0
0.1949613487877859,1.0,12.0,0.01069806388269584,1.0,1.0,0.9283083707506083,1.0,0
0.14420197990956396,1.0,12.0,0.011921044284057337,1.0,1.0,0.7109383152476855,1.0,0
0.24239615694113964,1.0,12.0,0.07751328233611146,1.0,1.0,0.9818496824692567,1.0,0
0.6438437720805973,0.0,11.0,0.32365742068219344,1.0,1.0,0.3526568032379902,3.0,1
0.08563106429463585,1.0,12.0,0.022735098302998705,1.0,1.0,0.8270790587261448,1.0,0
0.5675908774379688,0.0,10.0,0.3205992024104442,0.0,0.0,0.3807335937497459,3.0,1
0.4621820358884774,0.0,0.0,0.3247569933877116,0.0,0.0,0.38357201826552845,3.0,1
0.22735737592146912,1.0,12.0,0.019012876631870568,1.0,1.0,0.9463750463679113,0.0,0
0.8206865319799921,1.0,12.0,0.6063536684749228,0.0,0.0,0.2588026836859681,1.0,1
0.15756180486403948,1.0,12.0,0.024838360874320755,1.0,1.0,0.9116382490850459,1.0,0
0.14429319582188752,1.0,12.0,0.0877138441511404,1.0,1.0,0.8301401536764315,1.0,0
0.08509502316666873,1.0,12.0,0.08663865142513422,1.0,1.0,0.7646589606373995,2.0,0
0.11789404713753959,1.0,12.0,0.041184091414726856,1.0,1.0,0.8046604799628986,0.0,0
0.10437652100697303,1.0,12.0,0.046194285057558765,1.0,1.0,0.9971023940025332,2.0,0
0.1869485874398431,1.0,12.0,0.08102585866995314,1.0,1.0,0.8241482395962387,1.0,0
0.04036192150823026,1.0,12.0,0.09607463027713554,1.0,1.0,0.8612620430921039,0.0,0
0.6615090157081649,0.0,0.0,0.22607929725911197,1.0,1.0,0.3536867339396137,3.0,1
0.15149924181775637,1.0,12.0,0.08494464062257356,1.0,1.0,0.7134990463706272,0.0,0
0.00907190565337554,1.0,12.0,0.027571985309555225,1.0,1.0,0.7826837016036836,1.0,0
0.1284973722899527,1.0,12.0,0.07836530127411431,1.0,1.0,0.818962834696381,2.0,0
0.04158290193578554,1.0,12.0,0.06173517574129742,1.0,1.0,0.8569254173745353,1.0,0
0.16487769216019255,1.0,12.0,0.07962414505413686,1.0,1.0,0.7815838118255346,1.0,0
0.0919398377193224,1.0,12.0,0.041412975252892704,1.0,1.0,0.9482613686700623,0.0,0
0.08010032153505373,1.0,12.0,0.016428684327240928,1.0,1.0,0.9349484292771091,1.0,0
0.10277390065017664,1.0,12.0,0.03473433262588427,1.0,1.0,0.9699500037061817,1.0,0
0.0305274785025067,1.0,12.0,0.04521990282834353,1.0,1.0,0.9801625052583715,0.0,0
0.22429658524115473,1.0,12.0,0.016885420667768613,1.0,1.0,0.8521153311596323,0.0,0
0.7751302351917113,0.0,10.0,0.1923798483589978,0.0,0.0,0.611764590561988,3.0,1
0.23784921549477653,1.0,12.0,0.013702091003632066,1.0,1.0,0.8612753877077697,2.0,0
0.5421555524388685,0.0,12.0,0.4531558512842474,0.0,0.0,0.3371659150903096,1.0,1
0.2403783347457712,1.0,12.0,0.07144107636265982,1.0,1.0,0.985740135006354,2.0,0
0.969761288220179,0.0,0.0,0.797951777108623,1.0,0.0,0.2744933576703893,3.0,1
0.19334526194556242,1.0,12.0,0.09149658650779686,1.0,1.0,0.7567417300068954,2.0,0
0.1688966933918597,1.0,12.0,0.05088940700698802,1.0,1.0,0.9584337058063972,2.0,0
0.007738947729835882,1.0,12.0,0.03879867599468695,1.0,1.0,0.7480074809389582,1.0,0
0.6201959602491685,0.0,11.0,0.7000867687161991,0.0,0.0,0.5828503206496973,3.0,1
0.14853267883803378,1.0,12.0,0.03808908566310215,1.0,1.0,0.990974319344381,2.0,0
0.8366257110443426,1.0,0.0,0.6365670669948574,0.0,0.0,0.45536864500261837,3.0,1
0.6641081972183158,1.0,10.0,0.5384610859147853,0.0,1.0,0.44355719649522357,0.0,1
0.1525834458277296,1.0,12.0,0.07161506742231936,1.0,1.0,0.7817872002200601,1.0,0
0.012975235896827253,1.0,12.0,0.019111870949600263,1.0,1.0,0.7930253615028264,2.0,0
0.10729564834908922,1.0,12.0,0.026777667548833418,1.0,1.0,0.9367482539766194,0.0,0
0.22758477551438358,1.0,12.0,0.004510067722032318,1.0,1.0,0.7328402796037345,0.0,0
0.22966944924837607,1.0,12.0,0.060060954254623614,1.0,1.0,0.9822626069014195,1.0,0
0.23871632016579852,1.0,12.0,0.07378969166957686,1.0,1.0,0.8663062157534202,1.0,0
0.9998245826930986,0.0,8.0,0.15672463770725495,0.0,0.0,0.49286121056452087,3.0,1
0.47193603228692405,0.0,12.0,0.26738753513807034,1.0,0.0,0.5756878631298781,1.0,1
0.1307744610425372,1.0,12.0,0.06293986381352626,1.0,1.0,0.9087246066953851,2.0,0
0.6078597093825495,1.0,11.0,0.24276920507954974,0.0,0.0,0.3106966700320644,3.0,1
0.7520488713804058,1.0,11.0,0.40170993133225874,0.0,0.0,0.2813935359914014,3.0,1
0.8904474731614663,0.0,12.0,0.7442017000747758,0.0,0.0,0.2032727634623042,0.0,1
0.9004831963141511,0.0,11.0,0.6916954558805816,0.0,0.0,0.4117129938547206,3.0,1
0.702108106778798,1.0,12.0,0.5500434232498639,1.0,0.0,0.504858509407988,3.0,1
0.06960985206260864,1.0,12.0,0.012960065119544196,1.0,1.0,0.9028324694243233,0.0,0
0.08154256353206338,1.0,12.0,0.04685569945911347,1.0,1.0,0.7443875002328217,2.0,0
0.21160196232863931,1.0,12.0,0.0955236312723479,1.0,1.0,0.7464016422649709,0.0,0
0.44343363895858623,1.0,12.0,0.24555972068485604,0.0,0.0,0.5557553987110199,1.0,1
0.2222819809850025,1.0,12.0,0.057880675451194054,1.0,1.0,0.8897173972985162,1.0,0
0.6150175213946971,1.0,10.0,0.3630512837967923,0.0,1.0,0.3950586648799057,2.0,1
0.8299321838673998,0.0,0.0,0.7032220368009106,0.0,0.0,0.5253054533515,3.0,1
0.11782706864353029,1.0,12.0,0.047251544281958525,1.0,1.0,0.8134673545730033,1.0,0
0.058948023489802465,1.0,12.0,0.07760002070354295,1.0,1.0,0.821593054925723,1.0,0
0.19870238718748234,1.0,12.0,0.06936822257814887,1.0,1.0,0.7662308838366281,1.0,0
0.00960021933158614,1.0,12.0,0.03682501073951331,1.0,1.0,0.9937095522375002,2.0,0
0.8856056972432214,0.0,12.0,0.7008754032446222,0.0,0.0,0.39049702716013723,3.0,1
0.17308857653860354,1.0,12.0,0.023333282264932666,1.0,1.0,0.8875990509863362,0.0,0
0.2078419265554925,1.0,12.0,0.08423255047499341,1.0,1.0,0.8119723469137701,2.0,0
0.007292440911316117,1.0,12.0,0.048089014660300904,1.0,1.0,0.8987302035103204,1.0,0
0.048739567874657636,1.0,12.0,0.05049114512501393,1.0,1.0,0.9306241394087539,1.0,0
0.21310366479966192,1.0,12.0,0.09901483727506472,1.0,1.0,0.9028156771560263,2.0,0
0.9586722711660104,0.0,0.0,0.26160554375770084,0.0,1.0,0.22862404827942534,1.0,1
0.8247645494439968,0.0,0.0,0.5769299002074918,1.0,1.0,0.6497605523911612,3.0,1
0.22733010051969552,1.0,12.0,0.02587799816000169,1.0,1.0,0.8987566853061946,1.0,0
0.15710661415364677,1.0,12.0,0.06886316293078756,1.0,1.0,0.7759817150568145,0.0,0
0.1328164384933835,1.0,12.0,0.07205160613914649,1.0,1.0,0.7187024087533724,2.0,0
0.03500463466511225,1.0,12.0,0.026368380263461645,1.0,1.0,0.7799495180112647,2.0,0
0.9033327394754647,1.0,10.0,0.5186336598960425,0.0,0.0,0.5557713341463899,0.0,1
0.4570561886264377,1.0,11.0,0.20268871652044204,0.0,1.0,0.5949708323136228,3.0,1
0.21374350489036859,1.0,12.0,0.08825598767723473,1.0,1.0,0.839892926842051,0.0,0
0.20376360710061428,1.0,12.0,0.049809075351100573,1.0,1.0,0.720152619974713,0.0,0
0.2361840646957699,1.0,12.0,0.07365352283347926,1.0,1.0,0.964898147448932,2.0,0
0.033296281305937425,1.0,12.0,0.007620037959916315,1.0,1.0,0.982159548140615,2.0,0
0.20498672935202503,1.0,12.0,0.02286251615249235,1.0,1.0,0.9726103927808103,1.0,0
0.9367587240105831,0.0,12.0,0.6765115557300712,0.0,0.0,0.42719366679288817,3.0,1
0.9995979528958514,0.0,11.0,0.6307312182908618,1.0,0.0,0.38229595717120424,3.0,1
0.012626848095701637,1.0,12.0,0.05473047441146844,1.0,1.0,0.9671322844003257,0.0,0
0.24300133240788427,1.0,12.0,0.06085272726964666,1.0,1.0,0.8048519116260456,0.0,0
0.18142987709709,1.0,12.0,0.06134151959357899,1.0,1.0,0.8254729108871857,1.0,0
0.16919247610607582,1.0,12.0,0.04825209496426425,1.0,1.0,0.8479076973315415,0.0,0
0.20124724992019244,1.0,12.0,0.026982072012821434,1.0,1.0,0.9475148230540186,0.0,0
0.09482642459638721,1.0,12.0,0.07442496518432888,1.0,1.0,0.7616739425126913,0.0,0
0.04173827218679968,1.0,12.0,0.07130460506343188,1.0,1.0,0.8999156240734619,0.0,0
0.8899723024552819,0.0,10.0,0.3729600597253878,1.0,1.0,0.6361582733916048,1.0,1
0.5802932551795834,0.0,0.0,0.6199132258531406,1.0,1.0,0.35140752315974555,3.0,1
0.23300702637750437,1.0,12.0,0.010250972799067927,1.0,1.0,0.9811685461709354,1.0,0
0.7900679340515282,0.0,0.0,0.2290434185762371,0.0,0.0,0.48068467673941806,0.0,1
0.2122309673690182,1.0,12.0,0.03972714728404597,1.0,1.0,0.7736651877833473,0.0,0
0.013583008705725957,1.0,12.0,0.07486452341262,1.0,1.0,0.795276038578335,2.0,0
0.10203792271667453,1.0,12.0,0.0015394891691308478,1.0,1.0,0.874877817041279,0.0,0
0.2474900580974863,1.0,12.0,0.0322353844974723,1.0,1.0,0.9429623337563904,0.0,0
0.20552579015005637,1.0,12.0,0.038042000750756234,1.0,1.0,0.9326835552775983,2.0,0
0.1152917253134775,1.0,12.0,0.09399317919698225,1.0,1.0,0.8512011290788978,2.0,0
0.032023936591550006,1.0,12.0,0.03382675059944984,1.0,1.0,0.9784250920978149,2.0,0
0.5100432091658438,0.0,11.0,0.6979174955404197,0.0,0.0,0.20244966913626078,0.0,1
0.5808350774598156,0.0,0.0,0.4548760303328758,0.0,0.0,0.430926507348754,3.0,1
0.1484151978021346,1.0,12.0,0.0010131184027743379,1.0,1.0,0.8908288139228626,1.0,0
0.014102894756775064,1.0,12.0,0.07219987722668247,1.0,1.0,0.9815658127047251,1.0,0
0.17520210450043508,1.0,12.0,0.07653162995253864,1.0,1.0,0.9788210451547461,1.0,0
0.23411229347091514,1.0,12.0,0.08761051925980426,1.0,1.0,0.7833257871247783,2.0,0
0.0017665763049293515,1.0,12.0,0.0023062425041415757,1.0,1.0,0.8574323980775167,2.0,0
0.8170718895674605,0.0,8.0,0.40371175652001057,0.0,1.0,0.5460984845782846,3.0,1
0.4053991943699535,1.0,8.0,0.44904167588591515,1.0,1.0,0.465557332666944,3.0,1
0.15255628736941032,1.0,12.0,0.013535408227768553,1.0,1.0,0.9254125258087137,0.0,0
0.035214255094949964,1.0,12.0,0.01763869865062233,1.0,1.0,0.8495103318218439,1.0,0
0.07942367438679054,1.0,12.0,0.09686746055743573,1.0,1.0,0.7787028900342837,2.0,0
0.1956454849628345,1.0,12.0,0.005613610341621,1.0,1.0,0.9558184059627133,1.0,0
0.004927634438591039,1.0,12.0,0.010410858198457384,1.0,1.0,0.9399748256119568,2.0,0
0.18282912992582406,1.0,12.0,0.0697275419053857,1.0,1.0,0.9257914882215508,0.0,0
0.050365980263383237,1.0,12.0,0.026520853699682913,1.0,1.0,0.7509277604178479,1.0,0
0.22783479751965768,1.0,12.0,0.0020934117826733266,1.0,1.0,0.7947319453748488,0.0,0
0.48706334403787016,0.0,12.0,0.7947303572577672,0.0,0.0,0.35557861348684905,1.0,1
0.5342670317625857,0.0,8.0,0.5597912751776934,0.0,0.0,0.5240457445426135,3.0,1
0.07822684855341205,1.0,12.0,0.027109625376406578,1.0,1.0,0.8793004848108109,0.0,0
0.5648786864607404,0.0,0.0,0.7684076421148701,0.0,0.0,0.33411769944250297,3.0,1
0.07231097570491704,1.0,12.0,0.03693541300894323,1.0,1.0,0.8991228215876161,0.0,0
0.1830562216023903,1.0,12.0,0.08065611478614498,1.0,1.0,0.8976350100132152,1.0,0
0.21043084043616903,1.0,12.0,0.05802215187850294,1.0,1.0,0.8679065334513819,2.0,0
0.8090349102474053,1.0,11.0,0.6719741544988567,0.0,0.0,0.32774518171582095,3.0,1
0.1359447269993498,1.0,12.0,0.08644928803073486,1.0,1.0,0.9201729756861106,2.0,0
0.17193051060764017,1.0,12.0,0.07227069576982285,1.0,1.0,0.9077597294611324,1.0,0
0.43988387812550295,1.0,10.0,0.37364907069073117,0.0,0.0,0.5425739553576856,3.0,1
0.1418280549072259,1.0,12.0,0.025656278370136378,1.0,1.0,0.9888780625712739,1.0,0
0.007778899979339421,1.0,12.0,0.07392947351647731,1.0,1.0,0.7319031178767323,2.0,0
0.5783906257072282,1.0,0.0,0.6948911760504962,0.0,0.0,0.25879197426349176,3.0,1
0.14792429057658138,1.0,12.0,0.07026337730855163,1.0,1.0,0.7712300405124418,2.0,0
0.18011418536568904,1.0,12.0,0.0281825003295472,1.0,1.0,0.7552904190850297,0.0,0
0.7624783773139211,0.0,0.0,0.20485216613174156,1.0,1.0,0.2161517380350196,3.0,1
0.1843753120274371,1.0,12.0,0.04522179408898072,1.0,1.0,0.7673814468819946,2.0,0
0.10906150658928934,1.0,12.0,0.06583074395060619,1.0,1.0,0.8313150474800624,0.0,0
0.1620583672019615,1.0,12.0,0.006144629013078751,1.0,1.0,0.9441170031166682,1.0,0
0.729595819111609,0.0,12.0,0.19504792891218667,0.0,0.0,0.31514264336549574,3.0,1
0.09894441991510769,1.0,12.0,0.061315191110301794,1.0,1.0,0.9416806656310714,0.0,0
0.2382679617559883,1.0,12.0,0.03307503046705137,1.0,1.0,0.8658294900506469,2.0,0
0.22180318564408164,1.0,12.0,0.04722149251619493,1.0,1.0,0.7358782737814905,1.0,0
0.07140649714056077,1.0,12.0,0.07346083007105352,1.0,1.0,0.707183879581145,1.0,0
0.06835176798267656,1.0,12.0,0.005637549665092712,1.0,1.0,0.959416712876516,0.0,0
0.19164713099291084,1.0,12.0,0.07336158300423125,1.0,1.0,0.7898330531475659,0.0,0
0.030507623580462162,1.0,12.0,0.012512525714174695,1.0,1.0,0.9551414844282513,0.0,0
0.12559295499302386,1.0,12.0,0.03278839940182585,1.0,1.0,0.9211397241869917,1.0,0
0.24066210366948126,1.0,12.0,0.08359801205122058,1.0,1.0,0.9087922618281093,0.0,0
0.07814950622707503,1.0,12.0,0.041068263301028286,1.0,1.0,0.7629070832290602,2.0,0
0.7831262364411481,1.0,12.0,0.7750603168064496,1.0,0.0,0.24152105205324326,3.0,1
0.806608924670619,1.0,10.0,0.603341088306799,1.0,0.0,0.31838601346588585,3.0,1
0.08371957253424625,1.0,12.0,0.05708539362787616,1.0,1.0,0.9728786173332833,0.0,0
0.08564777070278295,1.0,12.0,0.06276688771588088,1.0,1.0,0.757604825422011,1.0,0
0.03730944448754403,1.0,12.0,0.01271997626874496,1.0,1.0,0.9593981176421253,1.0,0
0.8544413189986164,0.0,12.0,0.320672041433372,1.0,0.0,0.39559579312298787,2.0,1
0.7586774996336998,1.0,8.0,0.24298944343306,0.0,1.0,0.37446799840898937,1.0,1
0.5850815275496118,1.0,10.0,0.6042418857899213,0.0,1.0,0.4448824170395608,0.0,1
0.5920660846035407,0.0,10.0,0.3290294373656574,0.0,0.0,0.6492053116229242,3.0,1
0.707459939541589,0.0,11.0,0.6449026323182159,0.0,1.0,0.3968702483884099,1.0,1
0.1096518041223846,1.0,12.0,0.07248265598740583,1.0,1.0,0.8779835944930536,0.0,0
0.8039225476094857,0.0,8.0,0.793614265859967,1.0,0.0,0.40170260653674006,3.0,1
0.18521731709630446,1.0,12.0,0.054257332696595564,1.0,1.0,0.896076031013326,1.0,0
0.0017194905549123285,1.0,12.0,0.021244727719547298,1.0,1.0,0.8990570781740357,1.0,0
0.21578388443393476,1.0,12.0,0.08224946492902271,1.0,1.0,0.7520029158925843,0.0,0
0.7413899165824738,0.0,8.0,0.4079130615194797,0.0,0.0,0.20093443292003654,1.0,1
0.9051901168349358,0.0,10.0,0.4819439398906685,0.0,0.0,0.5401488708055173,3.0,1
0.15635836254164837,1.0,12.0,0.08082682112162783,1.0,1.0,0.7207110810734124,0.0,0
0.0783015652675435,1.0,12.0,0.01470618505665884,1.0,1.0,0.846355359157722,1.0,0
0.08422394794277671,1.0,12.0,0.01821179156886993,1.0,1.0,0.9369095521427437,2.0,0
0.005641127926336809,1.0,12.0,0.0861664884699101,1.0,1.0,0.8731351247163719,0.0,0
0.16800653382379985,1.0,12.0,0.0328152667474732,1.0,1.0,0.7465124850183232,1.0,0
0.10983412546644253,1.0,12.0,0.02017192023353962,1.0,1.0,0.9687290787020558,0.0,0
0.9938419586273626,0.0,8.0,0.180181876063828,1.0,0.0,0.25788082719763644,3.0,1
0.11215265773863564,1.0,12.0,0.07220709382027371,1.0,1.0,0.9658587341395224,2.0,0
0.07451305215986079,1.0,12.0,0.010536492225085648,1.0,1.0,0.9345471590034806,0.0,0
0.002299262904157412,1.0,12.0,0.010147154286603212,1.0,1.0,0.8990505307324167,0.0,0
0.07734317946569552,1.0,12.0,0.08237903842212947,1.0,1.0,0.9865181534454968,1.0,0
0.19489611839168833,1.0,12.0,0.03501252591667301,1.0,1.0,0.7173528029690188,2.0,0
0.20667866498275458,1.0,12.0,0.01299299245357013,1.0,1.0,0.8694953073025761,1.0,0
0.5778669326464919,0.0,0.0,0.574109371079701,1.0,0.0,0.4492907692490363,1.0,1
0.16305606488636812,1.0,12.0,0.09505310525862036,1.0,1.0,0.8801953199645067,2.0,0
0.0226516086332052,1.0,12.0,0.06183860093330873,1.0,1.0,0.8147385973801488,0.0,0
0.23054798201282106,1.0,12.0,0.014199425935208466,1.0,1.0,0.7912725591481586,2.0,0
0.2016733799236848,1.0,12.0,0.09848584027624759,1.0,1.0,0.9262744779046242,0.0,0
0.22822311118414385,1.0,12.0,0.05656881721410058,1.0,1.0,0.7548017152719004,0.0,0
0.2273811277369546,1.0,12.0,0.08573600920924987,1.0,1.0,0.9893561416810626,2.0,0
0.04359160725124786,1.0,12.0,0.0690937738102466,1.0,1.0,0.8160206038901612,1.0,0
0.9894343327105399,1.0,0.0,0.1866608825445138,0.0,0.0,0.20081541524116325,1.0,1
0.14213007093748958,1.0,12.0,0.057592457525808466,1.0,1.0,0.919494326589892,1.0,0
0.18926481690280583,1.0,12.0,0.09526486380387171,1.0,1.0,0.972345595895392,2.0,0
0.10429835464114412,1.0,12.0,0.01602256009765063,1.0,1.0,0.7512809207262544,2.0,0
0.08359070282762054,1.0,12.0,0.007550336380388923,1.0,1.0,0.9259738662242353,1.0,0
0.1800091341365186,1.0,12.0,0.06411476328852973,1.0,1.0,0.9081845333401299,1.0,0
0.01645294017264412,1.0,12.0,0.08913182063602987,1.0,1.0,0.839144274918304,2.0,0
0.41145951961223554,0.0,12.0,0.5608780792451734,0.0,0.0,0.2898329634469629,3.0,1
0.9043320140507585,0.0,0.0,0.45015073815758133,0.0,0.0,0.42442866429136916,3.0,1
0.208956481977629,1.0,12.0,0.033219103311560465,1.0,1.0,0.9080854172421385,1.0,0
0.054062632046632225,1.0,12.0,0.020858836774105074,1.0,1.0,0.788917602062585,2.0,0
0.2059113986882727,1.0,12.0,0.07090015113263796,1.0,1.0,0.8762880959845326,1.0,0
0.43791296756470977,0.0,10.0,0.19192549314626517,0.0,0.0,0.4519080749808939,3.0,1
0.7327581313275939,0.0,8.0,0.2839154203283548,0.0,0.0,0.2688691687237196,3.0,1
0.05013118167508418,1.0,12.0,0.04915945467414369,1.0,1.0,0.7192626811225402,1.0,0
0.1896690975277512,1.0,12.0,0.06783788228551418,1.0,1.0,0.9268793973674357,2.0,0
0.021337417019660965,1.0,12.0,0.09968742518459474,1.0,1.0,0.8506585030993727,0.0,0
0.10316883152084916,1.0,12.0,0.0646096175005063,1.0,1.0,0.893935027037382,2.0,0
0.5858369102365191,1.0,0.0,0.7327073572185421,0.0,0.0,0.6131047295424576,3.0,1
0.24549229761153632,1.0,12.0,0.020984199485640943,1.0,1.0,0.9475392002998345,2.0,0
0.8433675079472365,1.0,11.0,0.2824544222241914,0.0,0.0,0.541499982563201,3.0,1
0.09510013724260241,1.0,12.0,0.09768003285106594,1.0,1.0,0.7332161779978946,0.0,0
0.08695558685826149,1.0,12.0,0.06202348489611205,1.0,1.0,0.8634403255828295,1.0,0
0.205106705064755,1.0,12.0,0.044057352801230736,1.0,1.0,0.7397213840489364,1.0,0
0.6642245338151265,0.0,11.0,0.5289939948743934,0.0,0.0,0.4352192543304205,0.0,1
0.09192895076485838,1.0,12.0,0.026520236768172546,1.0,1.0,0.7731968930137251,1.0,0
0.4694560277477948,0.0,0.0,0.48815077432761655,1.0,1.0,0.5025567204392891,3.0,1
0.1185434572718313,1.0,12.0,0.009783416065100149,1.0,1.0,0.8474847625350497,2.0,0
0.22502079575412018,1.0,12.0,0.011613896020052562,1.0,1.0,0.9867756486865957,0.0,0
0.10884908084993786,1.0,12.0,0.09531201143941379,1.0,1.0,0.9157735601727496,1.0,0
0.4956341594493527,1.0,8.0,0.42065491059224824,0.0,0.0,0.24410243669192377,3.0,1
0.22887207439701046,1.0,12.0,0.0033945978585798843,1.0,1.0,0.9092260801740519,0.0,0
0.17794448624773737,1.0,12.0,0.08983552751676654,1.0,1.0,0.8748058439663748,2.0,0
0.15632616505348695,1.0,12.0,0.07834227259416147,1.0,1.0,0.8836773957643473,2.0,0
0.154178176911694,1.0,12.0,0.0860798936915495,1.0,1.0,0.8038590660040983,1.0,0
0.08230765383534863,1.0,12.0,0.005248171009972758,1.0,1.0,0.8350708860017851,1.0,0
0.13549751872244148,1.0,12.0,0.09396515112935083,1.0,1.0,0.7661451080419912,0.0,0
0.18918952256173208,1.0,12.0,0.06805581617791015,1.0,1.0,0.7498224557000541,2.0,0
0.9923007037781226,0.0,10.0,0.4823437158408176,0.0,0.0,0.514597792429864,3.0,1
0.08001240025765294,1.0,12.0,0.08955232284962006,1.0,1.0,0.8167605036202489,0.0,0
0.16803388685146964,1.0,12.0,0.07616196153287176,1.0,1.0,0.7712912631977199,2.0,0
0.014075818920459338,1.0,12.0,0.011881791626807192,1.0,1.0,0.7352578740331315,0.0,0
0.058053173786704326,1.0,12.0,0.08995745732745686,1.0,1.0,0.8151673664119634,1.0,0
0.047176777085344845,1.0,12.0,0.02788713525921819,1.0,1.0,0.9101073489918314,2.0,0
0.020150378439281164,1.0,12.0,0.07279393069737652,1.0,1.0,0.8489383457065899,0.0,0
0.047727757787586506,1.0,12.0,0.026847485689015682,1.0,1.0,0.8455839622828947,1.0,0
0.00400703911378078,1.0,12.0,0.09636851886870491,1.0,1.0,0.8130958501860525,1.0,0
0.9953451489166733,0.0,0.0,0.4916265931404572,0.0,1.0,0.6141225659610835,3.0,1
0.6486885875526159,1.0,11.0,0.48377367487220724,1.0,1.0,0.401588836462337,1.0,1
0.07127379217346178,1.0,12.0,0.017337359529475484,1.0,1.0,0.9690296273879275,2.0,0
0.06994087679223643,1.0,12.0,0.041120672087218625,1.0,1.0,0.8808345646069895,0.0,0
0.20534709072517357,1.0,12.0,0.08433261677878832,1.0,1.0,0.845528397993862,2.0,0
0.13667513013919208,1.0,12.0,0.05320216789842518,1.0,1.0,0.877129326946808,1.0,0
0.24895784375734267,1.0,12.0,0.06969250558638149,1.0,1.0,0.8152605494137659,2.0,0
0.20696725094689716,1.0,12.0,0.027154291581974188,1.0,1.0,0.9895755491172309,2.0,0
0.4636752511389415,0.0,12.0,0.6222928842657148,0.0,0.0,0.27340160380250544,1.0,1
0.6034987195150203,1.0,0.0,0.651532761904079,0.0,0.0,0.34378465331336416,1.0,1
0.20792426091894337,1.0,12.0,0.02730708099728124,1.0,1.0,0.8554236298716447,0.0,0
0.43845075256243976,1.0,11.0,0.4707950396512036,0.0,0.0,0.3209153310894207,2.0,1
0.05225925934648057,1.0,12.0,0.06957949669407455,1.0,1.0,0.9832626515038323,2.0,0
0.1906117396687171,1.0,12.0,0.01260020278639943,1.0,1.0,0.7589257647616052,0.0,0
0.13360587593313075,1.0,12.0,0.035599148427198614,1.0,1.0,0.9682651788687777,0.0,0
0.14576039024242304,1.0,12.0,0.042142455059249795,1.0,1.0,0.9678015133230924,2.0,0
0.11257062095788145,1.0,12.0,0.05311094963375276,1.0,1.0,0.9237152998614362,1.0,0
0.14057420396947745,1.0,12.0,0.09576252845053802,1.0,1.0,0.7525908827072979,2.0,0
0.02480739902366169,1.0,12.0,0.04286442792085318,1.0,1.0,0.8885506510708612,2.0,0
0.2096229584607562,1.0,12.0,0.08050903184956627,1.0,1.0,0.9468951415125302,2.0,0
0.16843905744602244,1.0,12.0,0.04503503857807928,1.0,1.0,0.9246889452581195,1.0,0
0.8977134491730248,0.0,12.0,0.2976473354013625,1.0,0.0,0.4391123742628701,1.0,1
0.006627827635405453,1.0,12.0,0.05857755812734633,1.0,1.0,0.9820690724274872,1.0,0
0.9902410202054547,0.0,11.0,0.47502204512024515,1.0,0.0,0.33494342079982925,0.0,1
0.13612423977596627,1.0,12.0,0.07093208284726096,1.0,1.0,0.7501963912003181,2.0,0
0.004831907729400259,1.0,12.0,0.012436839900051023,1.0,1.0,0.8240928024755906,0.0,0
0.5502041604288317,0.0,8.0,0.466438337761804,0.0,0.0,0.6044004656986988,3.0,1
0.16393065884518554,1.0,12.0,0.03853966209655651,1.0,1.0,0.9044841006918369,1.0,0
0.1366743531785175,1.0,12.0,0.023194709611597544,1.0,1.0,0.8172717987716543,0.0,0
0.02039854510006009,1.0,12.0,0.0005184862773986776,1.0,1.0,0.8883683244845908,0.0,0
0.1983153376095636,1.0,12.0,0.03167616770675267,1.0,1.0,0.9571537770996259,2.0,0
0.9298798373964747,0.0,8.0,0.6926217341704249,1.0,0.0,0.48327964496869236,3.0,1
0.9213754630125377,0.0,0.0,0.5361886544604083,0.0,0.0,0.23675589418985932,1.0,1
0.08870796388579066,1.0,12.0,0.07802126485356337,1.0,1.0,0.8691678763166206,1.0,0
0.0767261282986425,1.0,12.0,0.04149712154000782,1.0,1.0,0.9138333028650493,2.0,0
0.009952859861438457,1.0,12.0,0.027398809946997185,1.0,1.0,0.9866948401799468,2.0,0
0.6864928302774567,0.0,8.0,0.5002021809748255,1.0,0.0,0.3953839663835613,0.0,1
0.44734109769472064,1.0,8.0,0.2376185884726601,0.0,0.0,0.4561179412945572,3.0,1
0.7624693749885697,0.0,10.0,0.19635994311832933,1.0,1.0,0.3306325320645116,3.0,1
0.04143744495503898,1.0,12.0,0.04455416387418909,1.0,1.0,0.7627556396223784,2.0,0
0.14281511748427433,1.0,12.0,0.014300112266572641,1.0,1.0,0.8123644730138744,2.0,0
0.05146030250919206,1.0,12.0,0.011191961939772788,1.0,1.0,0.7809248834550968,1.0,0
0.11801673627749981,1.0,12.0,0.056484113326261645,1.0,1.0,0.7197125918285057,1.0,0
0.42775491355677037,1.0,8.0,0.42296014547635485,1.0,0.0,0.5274678665274353,3.0,1
0.16591779134066204,1.0,12.0,0.09368297393247581,1.0,1.0,0.9197716291630751,0.0,0
0.12703542966629858,1.0,12.0,0.06202413542689122,1.0,1.0,0.8433226379198607,0.0,0
0.05917882646121744,1.0,12.0,0.08826154575172458,1.0,1.0,0.7290936287548285,1.0,0
0.24216298599353372,1.0,12.0,0.0688030010175039,1.0,1.0,0.9510891622712121,0.0,0
0.9966700531273507,0.0,12.0,0.5236651718527461,0.0,0.0,0.2054561375394852,1.0,1
0.24160434646660184,1.0,12.0,0.055770882625004396,1.0,1.0,0.8041831117091522,2.0,0
0.15619031776081277,1.0,12.0,0.03358658571498351,1.0,1.0,0.9475321994267979,2.0,0
0.968722101171808,0.0,12.0,0.6927653324416011,1.0,0.0,0.3959594862823903,1.0,1
0.8548441008524795,0.0,11.0,0.32374180334972796,1.0,0.0,0.39384252126278085,3.0,1
0.15396252451305412,1.0,12.0,0.06350936508676439,1.0,1.0,0.7135912029316133,2.0,0
0.8544550620239949,0.0,11.0,0.7263000678430811,1.0,1.0,0.40947754993736585,1.0,1
0.07950086874296597,1.0,12.0,0.011005192452767676,1.0,1.0,0.7683805487625824,1.0,0
0.9479798269600203,0.0,10.0,0.7747268742140662,0.0,0.0,0.3315759607314832,3.0,1
0.8121316470290539,0.0,8.0,0.5190550216807208,0.0,0.0,0.6286994426442649,2.0,1
0.11259273406454628,1.0,12.0,0.07561633288952462,1.0,1.0,0.8042714572716946,2.0,0
0.17674412186392904,1.0,12.0,0.0062689621621865865,1.0,1.0,0.9518015477068007,0.0,0
0.6048816439650655,1.0,11.0,0.2911170991554287,0.0,0.0,0.2665335970380727,3.0,1
0.7451677569128501,1.0,8.0,0.3243834271006671,0.0,0.0,0.5774170360402369,3.0,1
0.09363502971184062,1.0,12.0,0.09507143064099162,1.0,1.0,0.9195981825434215,0.0,0
0.5698003812574466,1.0,12.0,0.46329102143716383,0.0,0.0,0.21942663088832365,2.0,1
0.07432180107033162,1.0,12.0,0.022999375396324052,1.0,1.0,0.8233911916198694,1.0,0
0.10859037453530443,1.0,12.0,0.044644192179654874,1.0,1.0,0.8856316231123015,0.0,0
0.5338058941202398,0.0,8.0,0.16406961487553934,1.0,0.0,0.5956960085131523,3.0,1
0.17487805269179846,1.0,12.0,0.013835309241780136,1.0,1.0,0.7398236266728909,1.0,0
0.5893320846658665,0.0,10.0,0.7276891144376771,0.0,1.0,0.6192466623915586,0.0,1
0.15585148953986003,1.0,12.0,0.05693773611822828,1.0,1.0,0.8861981439473752,0.0,0
0.6873823368720828,0.0,8.0,0.76966077217664,0.0,0.0,0.203689244508933,3.0,1
0.22443589162743133,1.0,12.0,0.07451794953696143,1.0,1.0,0.7229319583118342,2.0,0
0.2174203308359157,1.0,12.0,0.047222642575620435,1.0,1.0,0.9138647108034209,1.0,0
0.18932755178360972,1.0,12.0,0.01616714362369619,1.0,1.0,0.843070031940391,2.0,0
0.08234481732551893,1.0,12.0,0.06933775385188524,1.0,1.0,0.9298736418281137,2.0,0
0.4690934724417222,0.0,10.0,0.28046334789396493,0.0,1.0,0.3410648119309027,3.0,1
0.7276299591296596,0.0,12.0,0.15556998702698144,1.0,1.0,0.27528562099691756,1.0,1
0.6968525442614222,1.0,12.0,0.5719987067016262,1.0,1.0,0.2634993417496922,3.0,1
0.24833423433965712,1.0,12.0,0.07524277626155726,1.0,1.0,0.7271445085861152,2.0,0
0.10772188091545148,1.0,12.0,0.02487142725876299,1.0,1.0,0.885143495981209,0.0,0
0.690309982019934,0.0,8.0,0.37242116374312734,1.0,0.0,0.34155386791731435,0.0,1
0.729810768193947,0.0,8.0,0.1526690318833415,1.0,0.0,0.26975390033753954,3.0,1
0.08708415111329934,1.0,12.0,0.09366481518557074,1.0,1.0,0.7117558980026938,0.0,0
0.10978745415843708,1.0,12.0,0.08469688542070605,1.0,1.0,0.9679270615586244,2.0,0
0.6482397385481979,1.0,11.0,0.28538048884980477,1.0,1.0,0.2565270259203062,2.0,1
0.1029138651141756,1.0,12.0,0.09349944318387654,1.0,1.0,0.829162062852157,1.0,0
0.07901942096081602,1.0,12.0,0.06269684345287166,1.0,1.0,0.9425184646912068,0.0,0
0.1987028258854121,1.0,12.0,0.05026370931051921,1.0,1.0,0.8730711653879077,0.0,0
0.06215122115332658,1.0,12.0,0.05383949792869577,1.0,1.0,0.9976406918435748,1.0,0
0.2490655716312192,1.0,12.0,0.02291719512141621,1.0,1.0,0.8640627897628134,0.0,0
0.8397030023634493,0.0,8.0,0.3351936141590833,0.0,1.0,0.4185338303144565,3.0,1
0.08093270640260591,1.0,12.0,0.0765193833754392,1.0,1.0,0.7429484073433579,2.0,0
0.21747409051553207,1.0,12.0,0.051883805712607214,1.0,1.0,0.8773826307234788,0.0,0
0.13358656875736577,1.0,12.0,0.07499107494699718,1.0,1.0,0.9739497256772929,2.0,0
0.14708805524578833,1.0,12.0,0.03976844144330547,1.0,1.0,0.9921401240071448,1.0,0
0.16375233470802714,1.0,12.0,0.09921333163406724,1.0,1.0,0.7851563585825935,0.0,0
0.8233956003243679,0.0,8.0,0.2943534223358434,0.0,0.0,0.39995848824387276,3.0,1
0.1200118443275214,1.0,12.0,0.013801548702005173,1.0,1.0,0.724311583139517,2.0,0
0.7146696366833512,0.0,10.0,0.16625984872905517,0.0,1.0,0.5593434118769393,3.0,1
0.46323816089748404,1.0,8.0,0.5033007702737993,0.0,1.0,0.5026350819071628,3.0,1
0.06307868403378825,1.0,12.0,0.08730431470152034,1.0,1.0,0.7506575390111184,2.0,0
0.07923565544182035,1.0,12.0,0.08088263234916841,1.0,1.0,0.9626465951187689,2.0,0
0.5131723114255786,1.0,10.0,0.6110431389964824,1.0,1.0,0.5612056232176635,3.0,1
0.9198706379494249,0.0,10.0,0.6797599558394963,1.0,0.0,0.20028238248280528,3.0,1
0.003316240289966632,1.0,12.0,0.09422017556848528,1.0,1.0,0.8689864653536618,1.0,0
0.23179445486986316,1.0,12.0,0.023464208185545357,1.0,1.0,0.8197947747427924,1.0,0
0.08945352102838722,1.0,12.0,0.06478174459905284,1.0,1.0,0.7368762035396162,0.0,0
0.15836955495653682,1.0,12.0,0.02578876854332023,1.0,1.0,0.7418068222218472,2.0,0
0.12234411224266756,1.0,12.0,0.042960859213236335,1.0,1.0,0.9221878446683112,0.0,0
0.03074270213240668,1.0,12.0,0.02311309124276466,1.0,1.0,0.715509051172458,0.0,0
0.9084436809575419,0.0,0.0,0.423570212333084,0.0,1.0,0.2927218520958005,0.0,1
0.1766585658668991,1.0,12.0,0.0374480399968017,1.0,1.0,0.8108445802094141,2.0,0
0.08112795004383552,1.0,12.0,0.026951186229227264,1.0,1.0,0.757277975521493,1.0,0
0.1611477936855859,1.0,12.0,0.05612935429484028,1.0,1.0,0.9330784030981676,0.0,0
0.9625968763699553,0.0,8.0,0.5865791501486342,0.0,0.0,0.4839722269715993,0.0,1
0.0761697847745102,1.0,12.0,0.008091928305125218,1.0,1.0,0.8208940536295484,1.0,0
0.7509585363872331,1.0,0.0,0.22764177457678575,0.0,0.0,0.2929404817874029,3.0,1
0.033252449726832195,1.0,12.0,0.015873676337430954,1.0,1.0,0.984781931873685,0.0,0
0.103706413880338,1.0,12.0,0.03872744114248414,1.0,1.0,0.8979070818791423,1.0,0
0.15171173888503478,1.0,12.0,0.08809730056396575,1.0,1.0,0.9648744449556166,1.0,0
0.24212219439859595,1.0,12.0,0.07987141916545747,1.0,1.0,0.7878466110102894,1.0,0
0.11602378986337597,1.0,12.0,0.09634992408875884,1.0,1.0,0.8557096840388646,1.0,0
0.06966161605915286,1.0,12.0,0.09082658859666537,1.0,1.0,0.7718685672000917,1.0,0
0.014044019336859753,1.0,12.0,0.04910957293831652,1.0,1.0,0.9781331886575282,2.0,0
0.19906014889071358,1.0,12.0,0.07540230349283823,1.0,1.0,0.7107816024764659,0.0,0
0.14296806780679663,1.0,12.0,0.058776936086219825,1.0,1.0,0.7553428759400918,0.0,0
0.1301123510413215,1.0,12.0,0.099458198903526,1.0,1.0,0.7605525506091274,1.0,0
0.22092099192199743,1.0,12.0,0.034292966275919594,1.0,1.0,0.9051610374727096,1.0,0
0.2054816589849824,1.0,12.0,0.08091831711390311,1.0,1.0,0.9653272826505932,2.0,0
0.7954208086594008,1.0,0.0,0.7226526551295601,0.0,0.0,0.5854755513012168,3.0,1
0.5147263106480451,0.0,8.0,0.5816654362461291,0.0,0.0,0.5257951239060612,1.0,1
0.08500109651497303,1.0,12.0,0.08696496848121714,1.0,1.0,0.7264403292930074,2.0,0
0.08173525608416882,1.0,12.0,0.030574395744729112,1.0,1.0,0.820811116298368,0.0,0
0.13286372854732634,1.0,12.0,0.02879453426759925,1.0,1.0,0.8478458753598473,1.0,0
0.09887879246225381,1.0,12.0,0.060618871356117154,1.0,1.0,0.8793170695767593,1.0,0
0.11850160712078897,1.0,12.0,0.044412771316575166,1.0,1.0,0.9984573919177965,0.0,0
0.09999575457339213,1.0,12.0,0.005739184368827355,1.0,1.0,0.8749921744552613,1.0,0
0.7818572462517095,0.0,11.0,0.3745497484543747,1.0,0.0,0.4102586049839767,1.0,1
0.22405532567125958,1.0,12.0,0.059477663737693615,1.0,1.0,0.8849813745587422,2.0,0
0.03681889088802273,1.0,12.0,0.09730767979122984,1.0,1.0,0.9277877520755421,2.0,0
0.2435930596698144,1.0,12.0,0.0027519185140415293,1.0,1.0,0.9519448486436592,0.0,0
0.014522988020087446,1.0,12.0,0.01115122123212764,1.0,1.0,0.8547585708136984,2.0,0
0.08791246808547634,1.0,12.0,0.09095484730121384,1.0,1.0,0.8706866449845552,0.0,0
0.14165131472636575,1.0,12.0,0.06570304982341073,1.0,1.0,0.9695159399752105,1.0,0
0.07561975729198164,1.0,12.0,0.09753732771464209,1.0,1.0,0.7510346251927844,2.0,0
0.9886787174269305,0.0,10.0,0.5686171841227636,1.0,0.0,0.46206085477878467,3.0,1
0.4243575911814241,0.0,11.0,0.671953919798351,0.0,1.0,0.31124230351878496,3.0,1
0.9996189593156073,0.0,12.0,0.5789780805712414,0.0,0.0,0.3948353961495741,0.0,1
0.8031663315091901,0.0,12.0,0.2974758446219141,0.0,0.0,0.5742911633610112,3.0,1
0.9254110765516635,1.0,0.0,0.2556647838554198,0.0,0.0,0.5561133136052987,3.0,1
0.5869906603657911,0.0,8.0,0.5621837270634219,1.0,0.0,0.32114452604402993,3.0,1
0.69282293456905,1.0,8.0,0.36404845336198954,0.0,0.0,0.6062944911783481,2.0,1
0.23694492449230745,1.0,12.0,0.014119906353718494,1.0,1.0,0.9290547531004636,0.0,0
0.7513625007037044,0.0,11.0,0.6344069660120868,0.0,0.0,0.5768529026756303,2.0,1
0.803367297684448,0.0,8.0,0.4340206597044035,0.0,1.0,0.43439331648569857,3.0,1
0.16069435336998197,1.0,12.0,0.07176761577934997,1.0,1.0,0.9929852911945027,1.0,0
0.006010309341609454,1.0,12.0,0.05341396961356973,1.0,1.0,0.9065015234639695,2.0,0
0.7086423212477106,1.0,0.0,0.416674939915616,1.0,0.0,0.21856264556227875,3.0,1
0.00023235421749026597,1.0,12.0,0.09032236273447074,1.0,1.0,0.7073853951523715,0.0,0
0.7966001792925118,0.0,11.0,0.7330808023366241,0.0,0.0,0.27810230603276853,3.0,1
0.7252825055837,0.0,8.0,0.4357762271384572,0.0,0.0,0.44236252363439155,1.0,1
0.026168992633883337,1.0,12.0,0.012859648596055252,1.0,1.0,0.872155179392508,0.0,0
0.22041562058317818,1.0,12.0,0.012149539108776542,1.0,1.0,0.8903917769462142,2.0,0
0.20565014016491456,1.0,12.0,0.03601906414112629,1.0,1.0,0.7381181537955654,0.0,0
0.21704232383162603,1.0,12.0,0.029736153130847234,1.0,1.0,0.7487613962406123,1.0,0
0.17529246539756493,1.0,12.0,0.07270567616153902,1.0,1.0,0.8686218383207713,2.0,0
0.739910899352698,0.0,8.0,0.4489880852907655,1.0,0.0,0.2717929805097906,3.0,1
0.2084124904843964,1.0,12.0,0.04404413503124241,1.0,1.0,0.7906999748054481,0.0,0
0.9426408619101714,0.0,12.0,0.7230884316864671,0.0,0.0,0.3874665025028894,3.0,1
0.16299031487565013,1.0,12.0,0.02242693094605598,1.0,1.0,0.9136537664042608,0.0,0
0.011361595085364468,1.0,12.0,0.028096318959223033,1.0,1.0,0.9851234452229676,1.0,0
0.12861533193497354,1.0,12.0,0.00850563854892411,1.0,1.0,0.8646618404627799,1.0,0
0.1767094639451353,1.0,12.0,0.09672635875263656,1.0,1.0,0.9479956172381921,2.0,0
0.10808655660083683,1.0,12.0,0.0031149092793391064,1.0,1.0,0.7778729347825147,1.0,0
0.0782157902137825,1.0,12.0,0.09352970985453277,1.0,1.0,0.9552040781814539,2.0,0
0.1685094668562392,1.0,12.0,0.0016660471244215993,1.0,1.0,0.8016834326045346,2.0,0
0.7568996283325025,0.0,11.0,0.6716669473266057,0.0,1.0,0.6362125602480992,3.0,1
0.7269893668600108,1.0,0.0,0.25720711745427516,1.0,0.0,0.30322707596947196,1.0,1
0.19937851132412146,1.0,12.0,0.06775458051837759,1.0,1.0,0.864078662795643,1.0,0
0.023752924748076165,1.0,12.0,0.03759928899413115,1.0,1.0,0.8650275821374468,1.0,0
0.5505354258123107,0.0,0.0,0.36050307626205214,0.0,0.0,0.43980064777621947,3.0,1
0.03739516066689144,1.0,12.0,0.046459859663581016,1.0,1.0,0.9041369879077976,1.0,0
0.18410050376641013,1.0,12.0,0.0663804527621805,1.0,1.0,0.8423892627249441,0.0,0
0.1877942842385107,1.0,12.0,0.07538680827099131,1.0,1.0,0.8733673338082265,2.0,0
0.20328691379199623,1.0,12.0,0.025747897614372486,1.0,1.0,0.932325848381891,1.0,0
0.028571442499494865,1.0,12.0,0.07648009724592773,1.0,1.0,0.9036693175233521,1.0,0
0.10819171989981566,1.0,12.0,0.06854438832219016,1.0,1.0,0.7997368471446136,1.0,0
0.7130939349699714,1.0,12.0,0.17019007667497177,0.0,1.0,0.49963221407005765,0.0,1
0.15597395907290962,1.0,12.0,0.05270414639116516,1.0,1.0,0.8278250151671114,2.0,0
0.8292617219659243,1.0,8.0,0.33362417230362695,0.0,0.0,0.43979439561353634,3.0,1
0.6466893594040832,1.0,11.0,0.2356334697607767,0.0,0.0,0.3028122091626607,3.0,1
0.5538664104779129,1.0,0.0,0.22110995154921706,0.0,0.0,0.5452306977816477,1.0,1
0.10748276934753703,1.0,12.0,0.06729666223944324,1.0,1.0,0.7826143522766256,0.0,0
0.06310923608600519,1.0,12.0,0.07133495858845525,1.0,1.0,0.9685620513061598,1.0,0
0.0022717587378040804,1.0,12.0,0.06482975272988016,1.0,1.0,0.8533281464417194,1.0,0
0.1825622973823928,1.0,12.0,0.061917273536583675,1.0,1.0,0.7559919819393047,0.0,0
0.1740760682099471,1.0,12.0,0.0712270589924442,1.0,1.0,0.74442607898602,0.0,0
0.9601482736040137,0.0,0.0,0.39833502363218704,1.0,0.0,0.36144009290957324,3.0,1
0.03965603613159449,1.0,12.0,0.0881992169721636,1.0,1.0,0.9471334270303495,2.0,0
0.18946152761609228,1.0,12.0,0.0014393488629755868,1.0,1.0,0.7348217921520749,0.0,0
0.12585431771371422,1.0,12.0,0.06903948286293653,1.0,1.0,0.7117936419523296,0.0,0
0.01929688255661699,1.0,12.0,0.016988707321905726,1.0,1.0,0.7380833241264918,1.0,0
0.2070292072515857,1.0,12.0,0.021606011624476642,1.0,1.0,0.9427973194855788,0.0,0
0.7045054566815989,0.0,12.0,0.4307470452447887,0.0,0.0,0.47109849943764925,0.0,1
0.8830067794490342,1.0,0.0,0.17081173465764313,1.0,0.0,0.38937952477400073,3.0,1
0.805535133224976,0.0,0.0,0.30643728739943643,0.0,0.0,0.4098363454918539,3.0,1
0.08436356974105724,1.0,12.0,0.08706884554574394,1.0,1.0,0.7250574744040056,1.0,0
0.23313614733811272,1.0,12.0,0.052321305497087495,1.0,1.0,0.7815359548240387,1.0,0
0.18486730830968182,1.0,12.0,0.06455343564105223,1.0,1.0,0.746731978174051,0.0,0
0.5144525978459583,0.0,11.0,0.7145006763158559,0.0,0.0,0.3712642377039952,0.0,1
0.07851095172960812,1.0,12.0,0.04991989468413319,1.0,1.0,0.7649737556881723,2.0,0
0.04514864954382522,1.0,12.0,0.005385820699802613,1.0,1.0,0.796017949756295,1.0,0
0.05142181554888878,1.0,12.0,0.012138641815940644,1.0,1.0,0.88450389041166,1.0,0
0.4145022112801021,0.0,10.0,0.729057026942965,1.0,0.0,0.4673546599246347,3.0,1
0.990516035031138,1.0,12.0,0.5553580913598555,0.0,1.0,0.32299799449965083,3.0,1
0.8364714347716723,0.0,0.0,0.41074618016966835,0.0,0.0,0.2561915346076652,3.0,1
0.057488651472771546,1.0,12.0,0.02131047040250833,1.0,1.0,0.7093402248653534,0.0,0
0.4389395303390349,0.0,8.0,0.5546156001590493,1.0,0.0,0.45275662521407467,3.0,1
0.04732091147900236,1.0,12.0,0.04593314408005428,1.0,1.0,0.9256386098630713,1.0,0
0.07858899526908167,1.0,12.0,0.05085706911647028,1.0,1.0,0.9722699421778279,2.0,0
0.8406100212011774,0.0,0.0,0.6581238428530937,1.0,0.0,0.24163784946502362,2.0,1
0.1718238906456294,1.0,12.0,0.09616158070461657,1.0,1.0,0.9190730003073604,0.0,0
0.4593238173257817,1.0,0.0,0.7738537381481071,0.0,0.0,0.5174103513599393,3.0,1
0.20619696406944668,1.0,12.0,0.05156594058564534,1.0,1.0,0.838988095981839,0.0,0
0.24890777737472086,1.0,12.0,0.09811179078679358,1.0,1.0,0.8948526789122342,0.0,0
0.948066819085354,0.0,11.0,0.2237504246092731,1.0,0.0,0.5433468213303624,2.0,1
0.021129251920170483,1.0,12.0,0.05972780822554306,1.0,1.0,0.9958770987600445,2.0,0
0.5099017164569756,0.0,10.0,0.6303033924851208,0.0,1.0,0.20827144539885895,3.0,1
0.03574021940018804,1.0,12.0,0.07422935381702628,1.0,1.0,0.7732484826148459,2.0,0
0.7947696914689756,0.0,11.0,0.3084103377378227,0.0,0.0,0.22843239358710193,3.0,1
0.1687233007635387,1.0,12.0,0.02390663840750297,1.0,1.0,0.927412126303365,2.0,0
0.5418019541612508,1.0,10.0,0.5098905918006317,1.0,1.0,0.2363188043872937,3.0,1
0.14525377334377737,1.0,12.0,0.04260709776260971,1.0,1.0,0.864409706999272,0.0,0
0.03754225020426041,1.0,12.0,0.07374337687214856,1.0,1.0,0.8536665762438023,0.0,0
0.17490989240553043,1.0,12.0,0.08381549749886426,1.0,1.0,0.9408432804473501,1.0,0
0.03847497617344342,1.0,12.0,0.014924946974147391,1.0,1.0,0.780452310323474,1.0,0
0.034272364519689125,1.0,12.0,0.07338831308025413,1.0,1.0,0.8896714452603582,0.0,0
0.1351984387463861,1.0,12.0,0.07102427986233116,1.0,1.0,0.7943050339551245,2.0,0
0.24755222339690536,1.0,12.0,0.023915877778224306,1.0,1.0,0.8592212065860507,1.0,0
0.041715050424688205,1.0,12.0,0.043052933846220755,1.0,1.0,0.7427782432245725,0.0,0
0.08734674976233325,1.0,12.0,0.04682318284413794,1.0,1.0,0.8874927961153156,0.0,0
0.03415022591279315,1.0,12.0,0.06516397604772765,1.0,1.0,0.9215792374396992,1.0,0
0.8098481040844813,0.0,10.0,0.33906155783430403,1.0,0.0,0.31556606645775764,3.0,1
0.8114243375716454,0.0,8.0,0.42624690627291106,1.0,0.0,0.46423060766106355,3.0,1
0.06307798176742177,1.0,12.0,0.03077709052931491,1.0,1.0,0.8840913708968151,0.0,0
0.5608069003117584,0.0,10.0,0.3410748946666939,1.0,1.0,0.3407071992625065,0.0,1
0.7163918077599158,0.0,11.0,0.7238081047572229,0.0,1.0,0.2579362412940709,3.0,1
0.5463056379796633,1.0,12.0,0.45390350230094767,0.0,0.0,0.6373660478160508,3.0,1
0.233392770864412,1.0,12.0,0.08013479918738087,1.0,1.0,0.9022776526019497,2.0,0
0.0010468609069894663,1.0,12.0,0.06704343337969175,1.0,1.0,0.8925458550404306,2.0,0
0.09490419111291756,1.0,12.0,0.031658675990865116,1.0,1.0,0.7857098782134293,1.0,0
0.059649214947585044,1.0,12.0,0.06798447799002459,1.0,1.0,0.9219726281342123,2.0,0
0.7341550614341239,1.0,12.0,0.3667830298808634,1.0,0.0,0.32464901830462223,3.0,1
0.08255376621787439,1.0,12.0,0.07567515056886351,1.0,1.0,0.8558157578511811,0.0,0
0.08868213918255316,1.0,12.0,0.040070416683446665,1.0,1.0,0.7345438535185603,0.0,0
0.010491018360908572,1.0,12.0,0.03636453589194496,1.0,1.0,0.7295782690725809,0.0,0
0.6337096155672453,1.0,0.0,0.38406476000837364,1.0,0.0,0.24163247953239253,0.0,1
0.7510211012311971,0.0,10.0,0.5835080214121912,1.0,0.0,0.3960524297550307,0.0,1
0.07243199593455366,1.0,12.0,0.02387517710860241,1.0,1.0,0.7640628563471024,0.0,0
0.1741074517590268,1.0,12.0,0.07021460961818295,1.0,1.0,0.7515081723116348,1.0,0
0.20820797546726894,1.0,12.0,0.03624313226158291,1.0,1.0,0.9590924263889848,2.0,0
0.13932764382857712,1.0,12.0,0.015603581133997691,1.0,1.0,0.9503772857785816,1.0,0
0.704901283806378,0.0,12.0,0.5589454420807074,0.0,1.0,0.5927736053689941,3.0,1
0.9327027535557281,0.0,10.0,0.4125845841470043,0.0,1.0,0.3276854794822052,3.0,1
0.649756599616045,1.0,8.0,0.3247078438050427,0.0,0.0,0.4199507247033497,3.0,1
0.13534240253931717,1.0,12.0,0.034522995366997246,1.0,1.0,0.8242602776715491,1.0,0
0.1422703672914369,1.0,12.0,0.006351182959000135,1.0,1.0,0.7110465602907974,2.0,0
0.45057531306244814,0.0,0.0,0.2539758963539752,1.0,0.0,0.5655332249405665,1.0,1
0.830331538606252,0.0,11.0,0.7002647604748354,1.0,1.0,0.31632525546481727,3.0,1
0.22251425636631314,1.0,12.0,0.008430131461135039,1.0,1.0,0.9421567956373564,2.0,0
0.4060062463354819,0.0,10.0,0.36557759871506135,0.0,0.0,0.42459889614842294,0.0,1
0.17372959494537688,1.0,12.0,0.0010551122450189853,1.0,1.0,0.8182270458323508,1.0,0
0.14479381384368054,1.0,12.0,0.008534133648432486,1.0,1.0,0.7129020855600818,0.0,0
0.08509268657644067,1.0,12.0,0.09404485057361726,1.0,1.0,0.724814638457306,2.0,0
0.09003410186787977,1.0,12.0,0.008764274676383854,1.0,1.0,0.9810873469093189,0.0,0
0.0460927301697408,1.0,12.0,0.009033696057760788,1.0,1.0,0.9312957776606435,0.0,0
0.017735229249981915,1.0,12.0,0.03967838272138884,1.0,1.0,0.715230559311819,2.0,0
0.1914646609711855,1.0,12.0,0.06916556518665416,1.0,1.0,0.9896916925800401,2.0,0
0.16737173879954753,1.0,12.0,0.09941393612211676,1.0,1.0,0.8985517569548136,0.0,0
0.007493397468169488,1.0,12.0,0.030792994159119094,1.0,1.0,0.911404228820994,1.0,0
0.6623032297361063,1.0,10.0,0.18597736299176187,1.0,0.0,0.263963384119063,3.0,1
0.08187433804447866,1.0,12.0,0.011976213181925122,1.0,1.0,0.9671581842219685,0.0,0
0.2046850573710127,1.0,12.0,0.0983567206513663,1.0,1.0,0.7779012516851241,2.0,0
0.9733106238503445,0.0,0.0,0.5774193987599981,0.0,0.0,0.3593088371144051,3.0,1
0.5405194358728541,1.0,10.0,0.4035559252071389,1.0,0.0,0.2693663859513504,3.0,1
0.7507458836509042,1.0,8.0,0.6128190820853934,0.0,0.0,0.34734825332933,0.0,1
0.8201287953072005,0.0,0.0,0.6084973637708213,1.0,0.0,0.30722949940163063,3.0,1
0.17158179917152436,1.0,12.0,0.006964114816240575,1.0,1.0,0.7524644311527878,0.0,0
0.24472321456875226,1.0,12.0,0.04867421529594551,1.0,1.0,0.9718296363155662,2.0,0
0.20555702814425264,1.0,12.0,0.07528486558822063,1.0,1.0,0.9198577561995493,0.0,0
0.20353142139779046,1.0,12.0,0.06851343098744841,1.0,1.0,0.7331295590233308,0.0,0
0.507577741156029,1.0,0.0,0.6199049369550924,0.0,0.0,0.2574056681139279,3.0,1
0.23682083490295383,1.0,12.0,0.015335140311608021,1.0,1.0,0.8758689496050391,1.0,0
0.17329380286423118,1.0,12.0,0.005159580665871,1.0,1.0,0.9009752393650118,1.0,0
0.8478518980059094,1.0,12.0,0.32497333065764844,0.0,0.0,0.28004782643052484,2.0,1
0.018723960500495934,1.0,12.0,0.010616035354746723,1.0,1.0,0.9512417558856323,1.0,0
0.06735308344963037,1.0,12.0,0.02441255222477742,1.0,1.0,0.7504873126518792,0.0,0
0.4976656606152213,0.0,11.0,0.5798842558798487,1.0,0.0,0.5139408722508763,3.0,1
0.17206855894505926,1.0,12.0,0.014055296757836079,1.0,1.0,0.8456769098978193,2.0,0
0.6164486470331255,0.0,10.0,0.3009727217683914,0.0,0.0,0.42908748801047825,3.0,1
0.6430946032101645,0.0,10.0,0.7009198812666217,0.0,0.0,0.5227685864110672,3.0,1
0.7519877966649551,0.0,10.0,0.19573927013891906,0.0,0.0,0.44344380598763766,3.0,1
0.18125151907477968,1.0,12.0,0.0574287575090211,1.0,1.0,0.9001637011582543,0.0,0
0.4473579130230474,1.0,8.0,0.38496664738417785,0.0,0.0,0.4629781647152559,3.0,1
0.8814758892024223,1.0,8.0,0.17256549891953146,1.0,0.0,0.5932198195230141,0.0,1
0.1840501062651905,1.0,12.0,0.03302427793364054,1.0,1.0,0.9718197657059096,0.0,0
0.03859067881855058,1.0,12.0,0.048114010185481754,1.0,1.0,0.8597768297654758,0.0,0
0.04634319477062787,1.0,12.0,0.0599771314970498,1.0,1.0,0.9584541121680681,1.0,0
0.15014858334015432,1.0,12.0,0.05156794276964978,1.0,1.0,0.9758175919643253,2.0,0
0.0794761684433209,1.0,12.0,0.0008777211947929465,1.0,1.0,0.8146398726477964,0.0,0
0.05182725079688949,1.0,12.0,0.07823883294600874,1.0,1.0,0.920373376936424,1.0,0
0.01905980449339112,1.0,12.0,0.0274703815047892,1.0,1.0,0.9420896472651981,1.0,0
0.5007419179612533,0.0,8.0,0.31659055549149495,0.0,0.0,0.5093759417619872,3.0,1
0.8216746128267076,0.0,0.0,0.7202934383519045,0.0,0.0,0.5682811913740206,3.0,1
0.09245331399679416,1.0,12.0,0.00523550201874724,1.0,1.0,0.9302702885553755,1.0,0
0.8589316960991777,1.0,10.0,0.3285468710918209,0.0,0.0,0.5882881597081772,3.0,1
0.024873667218241163,1.0,12.0,0.07665959447120517,1.0,1.0,0.9898822893244558,1.0,0
0.1898360819807165,1.0,12.0,0.05004453091307415,1.0,1.0,0.8627090994939215,1.0,0
0.10211389535212065,1.0,12.0,0.06796972168333452,1.0,1.0,0.7170041296497506,1.0,0
0.9836762209938664,0.0,8.0,0.7150789956450259,0.0,0.0,0.45774223982978907,0.0,1
0.923986523954637,1.0,11.0,0.5213664532317536,0.0,0.0,0.5935137964776391,0.0,1
0.5799630938788382,1.0,8.0,0.1714577583352127,0.0,1.0,0.5550171607769958,3.0,1
0.13721466626933898,1.0,12.0,0.028763272904367823,1.0,1.0,0.7920329798566423,2.0,0
0.5707574767215511,1.0,8.0,0.5451735780410223,0.0,1.0,0.25621391483328504,0.0,1
0.13036142226089736,1.0,12.0,0.006364090928664235,1.0,1.0,0.949412054315713,2.0,0
0.18809363235942,1.0,12.0,0.07915790437258485,1.0,1.0,0.9368854428383662,0.0,0
0.017820067513790977,1.0,12.0,0.09546600300333075,1.0,1.0,0.8964079244294044,2.0,0
0.9747892321654598,0.0,0.0,0.18881208816965392,0.0,1.0,0.22072032202020436,2.0,1
0.8365378212593204,0.0,8.0,0.4137778599301766,0.0,1.0,0.3208272127637759,3.0,1
0.005130203682331302,1.0,12.0,0.08266183455024888,1.0,1.0,0.80967871030119,0.0,0
0.010506168792851323,1.0,12.0,0.07399041207669303,1.0,1.0,0.9754229656597452,2.0,0
0.9413056959864903,0.0,8.0,0.7129836889900056,0.0,0.0,0.6230548519897396,2.0,1
0.18250982914045463,1.0,12.0,0.004771612769164879,1.0,1.0,0.8698111631482228,2.0,0
0.20995040166610668,1.0,12.0,0.018854060574925113,1.0,1.0,0.9017381494075086,1.0,0
0.5887489279277364,1.0,12.0,0.43859233932231967,1.0,1.0,0.32631938410906736,3.0,1
0.4688974190328217,0.0,8.0,0.5700641364771738,1.0,0.0,0.4887187982051892,3.0,1
0.21179860975839543,1.0,12.0,0.03151470391325533,1.0,1.0,0.7828711974925459,0.0,0
0.19562123114098448,1.0,12.0,0.022784241754311,1.0,1.0,0.9927972548796378,2.0,0
0.042069647126928206,1.0,12.0,0.08364421924698698,1.0,1.0,0.8646728894920215,1.0,0
0.10037440264121908,1.0,12.0,0.07931285379630565,1.0,1.0,0.7661526361409944,0.0,0
0.8423315341427828,0.0,8.0,0.7738594611845147,0.0,0.0,0.5283967302081566,3.0,1
0.17081587970636455,1.0,12.0,0.060999665778262095,1.0,1.0,0.9499584735208493,2.0,0
0.18322472958533545,1.0,12.0,0.01623818946623209,1.0,1.0,0.7565047251296804,2.0,0
0.1401692985008785,1.0,12.0,0.048106188384408645,1.0,1.0,0.9654995069569843,2.0,0
0.4291302563253179,0.0,0.0,0.20320997884559105,0.0,1.0,0.44841456912793254,2.0,1
0.18809947057594698,1.0,12.0,0.053129401835093196,1.0,1.0,0.9032314213684883,0.0,0
0.0545435823983183,1.0,12.0,0.09353781613071173,1.0,1.0,0.8398348877975467,2.0,0
0.007603970201991994,1.0,12.0,0.07268769061397716,1.0,1.0,0.9622041013926147,1.0,0
0.724722259462779,0.0,10.0,0.1905887787330507,0.0,0.0,0.26372776024397776,0.0,1
0.44657913114987713,0.0,0.0,0.18025198879239424,1.0,0.0,0.38782420746524593,1.0,1
0.8695072049234976,0.0,0.0,0.3131412155900679,0.0,0.0,0.3256693751184454,2.0,1
0.11693015399278772,1.0,12.0,0.0605896815179483,1.0,1.0,0.8285055401706538,2.0,0
0.15664812777330256,1.0,12.0,0.09263826067300868,1.0,1.0,0.7057348283289292,1.0,0
0.6240271357221041,0.0,12.0,0.7549306275786349,1.0,0.0,0.5916781587015658,2.0,1
0.9505269367578069,0.0,0.0,0.44087687830468025,1.0,1.0,0.4772823343456688,3.0,1
0.7281497756693328,1.0,0.0,0.7647902612253153,0.0,1.0,0.38348311111837374,3.0,1
0.46278268415657536,0.0,10.0,0.5118996679333689,0.0,0.0,0.2522078242053514,3.0,1
0.07797477000107012,1.0,12.0,0.02560475651049543,1.0,1.0,0.7092370148981343,2.0,0
0.5004822943300256,0.0,8.0,0.23610482011160558,0.0,0.0,0.5245052402516448,2.0,1
0.06467791053886024,1.0,12.0,0.04344033190066098,1.0,1.0,0.9170343453550003,1.0,0
0.015226385808795678,1.0,12.0,0.07015652656029424,1.0,1.0,0.7029482657709363,1.0,0
0.24500814382136926,1.0,12.0,0.04926180939928696,1.0,1.0,0.7986254830862525,2.0,0
0.12695126598969478,1.0,12.0,0.0419271661166022,1.0,1.0,0.7054372123137189,0.0,0
0.945294418581278,1.0,8.0,0.6173451090087396,0.0,0.0,0.2076094159653652,3.0,1
0.06807683162984224,1.0,12.0,0.0018390676547466733,1.0,1.0,0.9742896419681497,0.0,0
0.2377158905626026,1.0,12.0,0.015105789178090023,1.0,1.0,0.8297004403127806,0.0,0
0.455533267516617,0.0,0.0,0.4031014555339999,0.0,1.0,0.6152066453029754,0.0,1
0.016808545022640287,1.0,12.0,0.05948473795019096,1.0,1.0,0.9216600031399098,2.0,0
0.07438711282970514,1.0,12.0,0.05650219928590161,1.0,1.0,0.9066655906150272,2.0,0
0.22255915544894272,1.0,12.0,0.011490634336191031,1.0,1.0,0.7011511436523402,2.0,0
0.23679036572506196,1.0,12.0,0.08848551176960044,1.0,1.0,0.9217200927818118,1.0,0
0.04752691244593191,1.0,12.0,0.07925951162883833,1.0,1.0,0.9723696381338858,1.0,0
0.5708046351680907,0.0,8.0,0.3562801543401668,0.0,0.0,0.546228099578361,1.0,1
0.017355960686523342,1.0,12.0,0.05190597909082704,1.0,1.0,0.7202837690776644,0.0,0
0.8101554551331214,1.0,12.0,0.2220981500686242,0.0,0.0,0.3958538231042408,3.0,1
0.13671491024378155,1.0,12.0,0.018030793542277813,1.0,1.0,0.837579383054152,2.0,0
0.20296653100259496,1.0,12.0,0.001386213591286012,1.0,1.0,0.8948136460709867,0.0,0
0.20558477786421187,1.0,12.0,0.09027637879645088,1.0,1.0,0.8574699960177514,0.0,0
0.4316539688992545,0.0,12.0,0.7271085773281093,1.0,0.0,0.5626067896812057,1.0,1
0.210503915376686,1.0,12.0,0.048271347307693446,1.0,1.0,0.9332366401547156,2.0,0
0.13467391683575977,1.0,12.0,0.052415917072616225,1.0,1.0,0.9544143373392315,1.0,0
0.21250964444744982,1.0,12.0,0.044945067413820344,1.0,1.0,0.7286230349471233,2.0,0
0.04187064556476744,1.0,12.0,0.010456784033440025,1.0,1.0,0.890929074863091,2.0,0
0.6383243825841384,1.0,12.0,0.7565383144640422,0.0,1.0,0.24940232915168203,3.0,1
0.10044828377735612,1.0,12.0,0.057782797151143574,1.0,1.0,0.7923622375823102,0.0,0
0.12323924291396501,1.0,12.0,0.033015595031560444,1.0,1.0,0.7320402112007091,2.0,0
0.9288461993939501,0.0,10.0,0.41218679826712956,0.0,1.0,0.5684360646728863,0.0,1
0.062386549962376525,1.0,12.0,0.027194972612863102,1.0,1.0,0.9278194787253891,1.0,0
0.24204835697868043,1.0,12.0,0.018552551570312114,1.0,1.0,0.9605869503866833,0.0,0
0.15596483116914325,1.0,12.0,0.04517676787372291,1.0,1.0,0.8759825389526422,2.0,0
0.17304033542353298,1.0,12.0,0.0062291798130062696,1.0,1.0,0.8528266384449369,2.0,0
0.025198650753971624,1.0,12.0,0.02560155318536622,1.0,1.0,0.9178286758187202,2.0,0
0.20112366060795558,1.0,12.0,0.07728095732903374,1.0,1.0,0.8645257488980688,0.0,0
0.1472550227452279,1.0,12.0,0.09386648132933723,1.0,1.0,0.8049563152542563,2.0,0
0.8276630761101427,0.0,12.0,0.5414097001027741,0.0,0.0,0.6263902328300504,2.0,1
0.20671464024318828,1.0,12.0,0.05247356376614322,1.0,1.0,0.9325732155504848,2.0,0
0.1756600514645572,1.0,12.0,0.006652760821085524,1.0,1.0,0.7692383961779595,0.0,0
0.5899588362463415,0.0,0.0,0.6222228851193248,0.0,0.0,0.5441954735398109,1.0,1
0.0865760802723502,1.0,12.0,0.04646738129396114,1.0,1.0,0.894932104792829,1.0,0
0.013881258202287639,1.0,12.0,0.05684648985079399,1.0,1.0,0.8954547049986677,0.0,0
0.21105308132153577,1.0,12.0,0.04840205725094041,1.0,1.0,0.8542286327653779,0.0,0
0.0218978243514866,1.0,12.0,0.00899162448597023,1.0,1.0,0.7579748245702504,1.0,0
0.5908913114824961,0.0,0.0,0.6634257296686978,0.0,0.0,0.37663678928802224,1.0,1
0.08433265221144137,1.0,12.0,0.08275236939538172,1.0,1.0,0.7001793816504386,0.0,0
0.18511903298837978,1.0,12.0,0.01428502873008386,1.0,1.0,0.9260283766770907,0.0,0
0.12517773145916783,1.0,12.0,0.064486122281498,1.0,1.0,0.7070597483242296,2.0,0
0.05927117712933502,1.0,12.0,0.09485029432181948,1.0,1.0,0.9833997196513286,2.0,0
0.14463545455088286,1.0,12.0,0.008257215803527718,1.0,1.0,0.7463562489971557,2.0,0
0.4349305072452038,0.0,10.0,0.396739581691416,0.0,0.0,0.4390404710688183,0.0,1
0.15507738783836617,1.0,12.0,0.07040797680992236,1.0,1.0,0.7638892484526731,1.0,0
0.09797764073597726,1.0,12.0,0.06971636921379805,1.0,1.0,0.7580306028869448,1.0,0
0.07328693256525332,1.0,12.0,0.08963358185211198,1.0,1.0,0.7039005770532207,2.0,0
0.49264896660399543,0.0,10.0,0.29493341720648836,0.0,0.0,0.5526002074890918,3.0,1
0.1190839333252747,1.0,12.0,0.04975398521461022,1.0,1.0,0.7614040327171852,0.0,0
0.07829049870432059,1.0,12.0,0.07985932723827513,1.0,1.0,0.9903267631310166,2.0,0
0.19303800690395953,1.0,12.0,0.017046251158164206,1.0,1.0,0.8153547441118799,2.0,0
0.06055780445614173,1.0,12.0,0.04782598841952235,1.0,1.0,0.743558953865398,1.0,0
0.1498399312605414,1.0,12.0,0.07286562842366028,1.0,1.0,0.7946091229798352,1.0,0
5.6759554563884373e-05,1.0,12.0,0.09150015377475273,1.0,1.0,0.9531638233692787,1.0,0
0.21432722559021022,1.0,12.0,0.06732464393545316,1.0,1.0,0.822435717047777,0.0,0
0.0995701372722636,1.0,12.0,0.000681469790012812,1.0,1.0,0.8570221555202415,1.0,0
0.16467303655186089,1.0,12.0,0.09428311414132617,1.0,1.0,0.9426650384908984,0.0,0
0.6694500356056681,0.0,10.0,0.5724688638078279,0.0,0.0,0.4430356948649881,3.0,1
0.0055087900743760465,1.0,12.0,0.07200080396631131,1.0,1.0,0.8253969801611453,0.0,0
0.16656696536975962,1.0,12.0,0.09888355313891645,1.0,1.0,0.7677183171517382,2.0,0
0.618974312600935,1.0,10.0,0.368666855669125,0.0,0.0,0.25839300507331897,3.0,1
0.16305883828311019,1.0,12.0,0.025108010366516775,1.0,1.0,0.8951275746471593,0.0,0
0.15240775291422548,1.0,12.0,0.08960407996572191,1.0,1.0,0.9454080247416079,2.0,0
0.5933562362916909,0.0,12.0,0.4831932844640322,0.0,0.0,0.3312146576725208,1.0,1
0.026985928661616088,1.0,12.0,0.06852980161158734,1.0,1.0,0.7275612663130133,1.0,0
0.06945551819543361,1.0,12.0,0.08166821754507181,1.0,1.0,0.7853686905288693,0.0,0
0.821768529170144,1.0,8.0,0.40052371482442106,0.0,0.0,0.4625399068323508,0.0,1
0.47497393965041085,1.0,10.0,0.3188663705112542,1.0,0.0,0.2845666810432079,0.0,1
0.10464557138287228,1.0,12.0,0.029251642547625203,1.0,1.0,0.7996616712841964,1.0,0
0.9059572256930586,0.0,8.0,0.7166685511660308,1.0,1.0,0.50931756512126,2.0,1
0.07113534641923344,1.0,12.0,0.04430337063376194,1.0,1.0,0.8851317833285969,1.0,0
0.06382726912598291,1.0,12.0,0.029569467404160422,1.0,1.0,0.8781407442428846,1.0,0
0.11038262534334425,1.0,12.0,0.08877041827582999,1.0,1.0,0.8052745037656236,1.0,0
0.21121602135262713,1.0,12.0,0.03596755612230678,1.0,1.0,0.9061703030382049,0.0,0
0.19057725800548467,1.0,12.0,0.04549188895075871,1.0,1.0,0.7801757889380786,0.0,0
0.5153036399286693,1.0,8.0,0.2338527137651183,0.0,0.0,0.4602298768280317,1.0,1
0.08513620886997422,1.0,12.0,0.08049637303992546,1.0,1.0,0.7157173886784584,2.0,0
0.9347883613638734,0.0,0.0,0.4908047099210786,0.0,0.0,0.6425242492072577,3.0,1
0.8579845691273263,0.0,0.0,0.7882384594865128,0.0,1.0,0.21177125404553895,3.0,1
0.18337168662302597,1.0,12.0,0.011619095652544598,1.0,1.0,0.9342987680844974,1.0,0
0.09916290048856297,1.0,12.0,0.08918969087767767,1.0,1.0,0.7439814465076076,0.0,0
0.006855077493164413,1.0,12.0,0.03929742253452913,1.0,1.0,0.8577437796619971,1.0,0
0.5082324855806277,0.0,0.0,0.28022805344146384,0.0,0.0,0.5367245691144689,3.0,1
0.48082943852183546,1.0,11.0,0.726915597968244,1.0,0.0,0.3597477684672591,0.0,1
0.4631451388465915,0.0,10.0,0.6320795261596067,0.0,0.0,0.295130083052405,3.0,1
0.0074170557661849545,1.0,12.0,0.06754202075470893,1.0,1.0,0.7134560704070706,2.0,0
0.24019513787174424,1.0,12.0,0.041590736614694084,1.0,1.0,0.9538735876057147,0.0,0
0.06747780559804872,1.0,12.0,0.053984277890819346,1.0,1.0,0.7486041633674754,2.0,0
0.07971670458028471,1.0,12.0,0.05821987465941139,1.0,1.0,0.8113517270312882,0.0,0
0.9853416780136492,0.0,12.0,0.7735969053515159,1.0,0.0,0.5464965265484168,3.0,1
0.24940707435053913,1.0,12.0,0.024149648525686785,1.0,1.0,0.7121052480579099,0.0,0
0.0791374163169675,1.0,12.0,0.08164107849650308,1.0,1.0,0.8504546384439201,2.0,0
0.01600158665215523,1.0,12.0,0.08247432373470076,1.0,1.0,0.7877149331236579,2.0,0
0.055060261891387074,1.0,12.0,0.07111495324380178,1.0,1.0,0.9428503138419146,2.0,0
0.18496695665010088,1.0,12.0,0.07890228445481343,1.0,1.0,0.7357319607630148,2.0,0
0.17968490446338256,1.0,12.0,0.07324010490583792,1.0,1.0,0.8544800049739778,1.0,0
0.2112802128740087,1.0,12.0,0.07959263871435024,1.0,1.0,0.7525369420391059,0.0,0
0.08168563550751021,1.0,12.0,0.03544249487930549,1.0,1.0,0.8516902460265876,2.0,0
0.1961052145008544,1.0,12.0,0.03769855419262801,1.0,1.0,0.8655970906362163,2.0,0
0.04869337442180646,1.0,12.0,0.0810468217215466,1.0,1.0,0.7817951941937453,2.0,0
0.14422030032780211,1.0,12.0,0.05639195667556238,1.0,1.0,0.850083560562328,1.0,0
0.045456241801775155,1.0,12.0,0.01834045098534338,1.0,1.0,0.7912726728878613,1.0,0
0.6014719501017017,1.0,12.0,0.5348801036281621,0.0,0.0,0.22988468916772978,1.0,1
0.030850203801399106,1.0,12.0,0.06263223516561951,1.0,1.0,0.7835412186782656,0.0,0
0.7994984965911176,1.0,0.0,0.6239871165255545,0.0,0.0,0.27614137325476334,1.0,1
0.920778668009295,0.0,8.0,0.5868743990642193,0.0,0.0,0.3708338903685355,2.0,1
0.12972942632070938,1.0,12.0,0.004696596677505505,1.0,1.0,0.7498850106268238,2.0,0
0.7087161619493443,1.0,10.0,0.693451528858445,0.0,0.0,0.2203021453706568,3.0,1
0.012035708994588362,1.0,12.0,0.09028949951919873,1.0,1.0,0.9556791623173544,0.0,0
0.17003298277586285,1.0,12.0,0.023082918915401207,1.0,1.0,0.8370575934641106,1.0,0
0.15378228513529996,1.0,12.0,0.09106057172144218,1.0,1.0,0.8529562028651373,2.0,0
0.030096894697272253,1.0,12.0,0.09385297834731304,1.0,1.0,0.7543549837150249,2.0,0
0.8578363622578251,0.0,0.0,0.7134125887976572,0.0,1.0,0.31007570153128633,3.0,1
0.1724447123120303,1.0,12.0,0.014394191357223085,1.0,1.0,0.8786078983775812,2.0,0
0.1701889732401214,1.0,12.0,0.04667820772311879,1.0,1.0,0.7103383778275,1.0,0
0.8405859933898645,0.0,12.0,0.2037798972665965,0.0,0.0,0.4208124556671428,3.0,1
0.04347381230487182,1.0,12.0,0.03962420189026588,1.0,1.0,0.9274715427112274,1.0,0
0.005521461325294935,1.0,12.0,0.035796119453276466,1.0,1.0,0.8000982671901078,0.0,0
0.8709733691719045,1.0,10.0,0.5754680242953388,0.0,0.0,0.5616358162191621,3.0,1
0.120146644331662,1.0,12.0,0.059240778465951764,1.0,1.0,0.9474042897775448,1.0,0
0.08954067950821012,1.0,12.0,0.011355759219962902,1.0,1.0,0.9014719586778399,1.0,0
0.0641858740774395,1.0,12.0,0.08040956696335928,1.0,1.0,0.8277813125400818,2.0,0
0.1226021297963783,1.0,12.0,0.016950409186605866,1.0,1.0,0.7152924631067327,1.0,0
0.04890231826112876,1.0,12.0,0.018672329577304147,1.0,1.0,0.7282108313302799,0.0,0
0.7212225235830366,1.0,8.0,0.4361441220665073,0.0,0.0,0.4827902730129528,2.0,1
0.5954213269466214,0.0,12.0,0.17618284937708723,0.0,0.0,0.5845785616048149,3.0,1
0.2455420858323589,1.0,12.0,0.05166358912710143,1.0,1.0,0.7782487524491226,0.0,0
0.6181348932089786,0.0,12.0,0.5967933715035685,1.0,1.0,0.3926555155182686,1.0,1
0.012046503098324057,1.0,12.0,0.03600504659009784,1.0,1.0,0.9870399446452858,0.0,0
0.9628323121323578,1.0,0.0,0.30475538832462645,0.0,1.0,0.3083951286674672,0.0,1
0.24427605826289334,1.0,12.0,0.01031213624080758,1.0,1.0,0.8643354083149958,1.0,0
0.13189699331804142,1.0,12.0,0.02589042747931396,1.0,1.0,0.7158480059094166,1.0,0
0.033770036556440175,1.0,12.0,0.015177540985110205,1.0,1.0,0.9668729854991476,1.0,0
0.015276166904908073,1.0,12.0,0.04993029460143253,1.0,1.0,0.7319011892044681,1.0,0
0.05293883766636959,1.0,12.0,0.04846015870188647,1.0,1.0,0.9262760633031589,2.0,0
0.194200833034972,1.0,12.0,0.007647995549931308,1.0,1.0,0.9960187304502546,2.0,0
0.21543562372957384,1.0,12.0,0.05902855429531598,1.0,1.0,0.7678837324642696,2.0,0
0.17081200707241145,1.0,12.0,0.04971747640084273,1.0,1.0,0.8853541720603642,2.0,0
0.24616743488112705,1.0,12.0,0.0937388066497119,1.0,1.0,0.7129521207391034,1.0,0
0.6374421180200311,1.0,11.0,0.15716849152443851,0.0,1.0,0.24320312592776874,1.0,1
0.20449175602976555,1.0,12.0,0.0832134177957742,1.0,1.0,0.8522403201282509,2.0,0
0.1058503701765924,1.0,12.0,0.03948815181755697,1.0,1.0,0.7880464524154114,2.0,0
0.1406779247555848,1.0,12.0,0.04412237136553265,1.0,1.0,0.881726590941717,0.0,0
0.12768682564439143,1.0,12.0,0.041741100314877905,1.0,1.0,0.7666323431412191,2.0,0
0.4208439684668689,0.0,10.0,0.5431211451985765,0.0,0.0,0.22822497713650647,3.0,1
0.10243480911073477,1.0,12.0,0.0647774232950342,1.0,1.0,0.7046524991879776,1.0,0
0.7056896427063487,0.0,8.0,0.5408997447996751,0.0,1.0,0.22966800021086706,3.0,1
0.15137619165396912,1.0,12.0,0.024713155466139194,1.0,1.0,0.8067564277777634,1.0,0
0.07640105387255372,1.0,12.0,0.08766507618282006,1.0,1.0,0.9989003012881742,2.0,0
0.19945341221465862,1.0,12.0,0.0435583314812933,1.0,1.0,0.9453502648525065,1.0,0
0.22695962847088352,1.0,12.0,0.05070596467387183,1.0,1.0,0.7563761142445968,0.0,0
0.68055336909926,0.0,11.0,0.7876410968191441,0.0,0.0,0.5292219532337608,2.0,1
0.40081331469876935,0.0,11.0,0.685124624524602,0.0,0.0,0.48378628573834276,0.0,1
0.105312013323518,1.0,12.0,0.06361773647082328,1.0,1.0,0.9356954854240696,2.0,0
0.11191835635260458,1.0,12.0,0.013427485090227554,1.0,1.0,0.9873802363170312,2.0,0
0.4679618518388115,0.0,8.0,0.65978187972047,0.0,1.0,0.5445435515173325,0.0,1
0.43670305309956625,1.0,8.0,0.4791414234915703,0.0,0.0,0.4116057318241766,3.0,1
0.04205091394162955,1.0,12.0,0.08793302156784741,1.0,1.0,0.8671121539825105,1.0,0
0.2208911820925476,1.0,12.0,0.027061999469359665,1.0,1.0,0.7582488607138247,2.0,0
0.24066232963871867,1.0,12.0,0.09444097255772735,1.0,1.0,0.742324554633314,1.0,0
0.5180552666029934,0.0,0.0,0.6092573714838375,0.0,0.0,0.2567877909618065,3.0,1
0.19226528328993106,1.0,12.0,0.042550565927184286,1.0,1.0,0.8696247819257614,0.0,0
0.13667408207408496,1.0,12.0,0.08398203522034885,1.0,1.0,0.7382457040420738,1.0,0
0.009732490831416862,1.0,12.0,0.0036018818291426394,1.0,1.0,0.7525665316317481,1.0,0
0.10160413414350467,1.0,12.0,0.08798377479414679,1.0,1.0,0.8946048860072093,1.0,0
0.20628304898217595,1.0,12.0,0.049545210346098184,1.0,1.0,0.8159046729544946,1.0,0
0.154315928024323,1.0,12.0,0.0980462725092378,1.0,1.0,0.8824263548625655,1.0,0
0.4941503632223363,1.0,8.0,0.5322934093742389,1.0,0.0,0.4485446738184251,3.0,1
0.05013824446131662,1.0,12.0,0.021622700912777973,1.0,1.0,0.9073635428159621,2.0,0
0.9102576926073568,0.0,0.0,0.19915973649245716,0.0,0.0,0.5824291720686608,1.0,1
0.0605055199952193,1.0,12.0,0.07140527233781267,1.0,1.0,0.7274174458995328,0.0,0
0.09081819909972488,1.0,12.0,0.043864750024605485,1.0,1.0,0.993248877462668,1.0,0
0.24596007821385946,1.0,12.0,0.026895894582647108,1.0,1.0,0.8220915728902791,1.0,0
0.8412619563353119,0.0,8.0,0.7941867306804066,1.0,0.0,0.22810138903887836,3.0,1
0.09056702177464779,1.0,12.0,0.0725716463219949,1.0,1.0,0.9683357670472696,2.0,0
0.5116204368227673,0.0,12.0,0.6308374658038156,1.0,0.0,0.4906056610077828,0.0,1
0.4969587735748127,1.0,11.0,0.7528773083427742,0.0,0.0,0.6115059428964236,0.0,1
0.16490734159868556,1.0,12.0,0.016161981128587143,1.0,1.0,0.7766480033966814,0.0,0
0.16274336678773854,1.0,12.0,0.05454318694069055,1.0,1.0,0.7186819317645656,1.0,0
0.8490438066430227,0.0,8.0,0.30497766631976436,0.0,0.0,0.2473693231161914,3.0,1
0.4554075033672594,0.0,0.0,0.5873557745762993,0.0,0.0,0.4349569220444796,3.0,1
0.06783725794347398,1.0,12.0,0.08287375091519295,1.0,1.0,0.8070259980080767,0.0,0
0.09371764488092602,1.0,12.0,0.028571208628186073,1.0,1.0,0.9605797384568381,1.0,0
0.07059197976066406,1.0,12.0,0.008095373611568812,1.0,1.0,0.9629841481047675,1.0,0
0.026350344349115568,1.0,12.0,0.08388538619040689,1.0,1.0,0.9013038941598729,0.0,0
0.6778708203702702,1.0,10.0,0.6329512470386162,0.0,0.0,0.42950872087761427,3.0,1
0.24582641420461684,1.0,12.0,0.07867083407073092,1.0,1.0,0.9320987694686997,0.0,0
0.048791629304662604,1.0,12.0,0.048939253740658877,1.0,1.0,0.9224924355508126,2.0,0
0.23711332674053917,1.0,12.0,0.07636057941597608,1.0,1.0,0.7420339527299358,1.0,0
0.17680752391111113,1.0,12.0,0.07677795014428389,1.0,1.0,0.7261870538769026,1.0,0
0.20381908277264,1.0,12.0,0.08944043886485073,1.0,1.0,0.9470819262394569,0.0,0
0.006309336462066051,1.0,12.0,0.025264603062128667,1.0,1.0,0.8560222183333451,2.0,0
0.07008361519788023,1.0,12.0,0.06874063641362375,1.0,1.0,0.7073495344802957,2.0,0
0.11633423348487151,1.0,12.0,0.0013682414760681106,1.0,1.0,0.7244796160014515,1.0,0
0.18849047589919599,1.0,12.0,0.08049067768414386,1.0,1.0,0.7054019666801363,2.0,0
0.1518888055733932,1.0,12.0,0.024435315546465455,1.0,1.0,0.849474309354682,1.0,0
0.011736339286953251,1.0,12.0,0.03840906114912496,1.0,1.0,0.711019581227984,1.0,0
0.04352733383352109,1.0,12.0,0.009839564971339733,1.0,1.0,0.8980908159104014,1.0,0
0.2118869082636841,1.0,12.0,0.018181765283733876,1.0,1.0,0.8291039597116601,1.0,0
0.14706593924248276,1.0,12.0,0.09993534995658349,1.0,1.0,0.8667419744311539,1.0,0
0.06952487876658911,1.0,12.0,0.021695624586387952,1.0,1.0,0.7864016037772124,2.0,0
0.893650008859074,0.0,10.0,0.373370750489509,1.0,0.0,0.31493468938332947,3.0,1
0.8585944001240222,0.0,8.0,0.24549079086490252,0.0,0.0,0.32689970870823726,1.0,1
0.89909447103159,0.0,8.0,0.5857077620880028,0.0,0.0,0.5786373962114075,3.0,1
0.13951058128724175,1.0,12.0,0.08117522168657099,1.0,1.0,0.922513618453879,2.0,0
0.2109983679855062,1.0,12.0,0.026240837648930194,1.0,1.0,0.8265137852577749,1.0,0
0.02690354618996471,1.0,12.0,0.07681281783808823,1.0,1.0,0.8501431947600154,1.0,0
0.1980234084401358,1.0,12.0,0.04047984290851998,1.0,1.0,0.8962227386115994,2.0,0
0.1309005690037528,1.0,12.0,0.06976418714934633,1.0,1.0,0.9389415327021632,1.0,0
0.0766038623377591,1.0,12.0,0.05551337867531885,1.0,1.0,0.8763974888391498,1.0,0
0.19693554707559247,1.0,12.0,0.02833640688911182,1.0,1.0,0.9511711654665453,2.0,0
0.0489957156047863,1.0,12.0,0.004522728891053806,1.0,1.0,0.7975990992289793,0.0,0
0.7440590952133966,1.0,8.0,0.761323179033457,0.0,1.0,0.4808510390205445,3.0,1
0.06799965133608901,1.0,12.0,0.0006379043406590679,1.0,1.0,0.9935064361170569,2.0,0
0.9786026609266034,0.0,10.0,0.1622669654838934,1.0,0.0,0.6355862504841145,2.0,1
0.19505326585752558,1.0,12.0,0.0007029203813619157,1.0,1.0,0.717184075323287,1.0,0
0.8073324023132711,1.0,0.0,0.6505137984962887,0.0,0.0,0.3549386149939817,0.0,1
0.08646936518446435,1.0,12.0,0.01544597472233238,1.0,1.0,0.7076343279717252,1.0,0
0.5347964200630428,0.0,11.0,0.24964250433500182,0.0,1.0,0.2247669690017223,1.0,1
0.8981155378417428,0.0,10.0,0.2850509091358234,1.0,0.0,0.43116673953015,1.0,1
0.21238355387197533,1.0,12.0,0.008898971485634666,1.0,1.0,0.9975088220117355,0.0,0
0.9579652961374024,0.0,12.0,0.7416766513150674,0.0,0.0,0.3665401760314869,0.0,1
0.6730453813122307,1.0,8.0,0.553719111191632,0.0,0.0,0.4827831309384454,3.0,1
0.1491941049904224,1.0,12.0,0.05015756999179484,1.0,1.0,0.9928560924964251,2.0,0
0.6401408521825928,0.0,12.0,0.2349722357687285,0.0,0.0,0.5606175124439566,0.0,1
0.13060864401779224,1.0,12.0,0.06445466506258223,1.0,1.0,0.8950502051329684,2.0,0
0.9207799852012787,0.0,0.0,0.6144655249605516,0.0,0.0,0.45152895812166965,2.0,1
0.09054406369968207,1.0,12.0,0.07231282738825542,1.0,1.0,0.7601680753218949,2.0,0
0.9456764788292628,0.0,11.0,0.2980980722497254,0.0,0.0,0.5725228731797867,0.0,1
0.0011580057511507147,1.0,12.0,0.03334991716911442,1.0,1.0,0.819450608077283,0.0,0
0.12344889909109769,1.0,12.0,0.05227328293819941,1.0,1.0,0.8282623055075649,1.0,0
0.5617063727309783,1.0,10.0,0.2593388415172365,0.0,0.0,0.2092214210950885,0.0,1
0.849494693905919,0.0,10.0,0.7163220454256022,1.0,0.0,0.3009230382088574,2.0,1
0.18112921284965453,1.0,12.0,0.001582109176558244,1.0,1.0,0.8023270073422661,1.0,0
0.7421427787462289,0.0,11.0,0.4098910985776333,1.0,0.0,0.44563673045889307,2.0,1
0.21562240547457523,1.0,12.0,0.031599714112522735,1.0,1.0,0.9556637173605023,1.0,0
0.008469790061648746,1.0,12.0,0.031147317113275744,1.0,1.0,0.9341487122638263,2.0,0
0.1009590427645102,1.0,12.0,0.006489224710898156,1.0,1.0,0.7761746241803034,1.0,0
0.8202729192546148,0.0,0.0,0.6262551195160246,0.0,1.0,0.20423893518760042,3.0,1
0.1868611016491735,1.0,12.0,0.047380982839794666,1.0,1.0,0.7173533348341481,1.0,0
0.15349257658130816,1.0,12.0,0.02528581182501112,1.0,1.0,0.8732895263033268,1.0,0
0.08310667304359129,1.0,12.0,0.031553318066313556,1.0,1.0,0.7319870856809794,0.0,0
0.03800621328216203,1.0,12.0,0.006134962711066816,1.0,1.0,0.9342284758205319,1.0,0
0.5282441572366732,0.0,8.0,0.24942521589373343,0.0,0.0,0.6398412687602397,1.0,1
0.22755325871693916,1.0,12.0,0.06390321589149209,1.0,1.0,0.9860605293554526,0.0,0
0.8596730508070782,1.0,11.0,0.32025400915134883,0.0,0.0,0.3529221611030521,3.0,1
0.23901178590298328,1.0,12.0,0.02004745155284028,1.0,1.0,0.7327792630928864,0.0,0
0.23462053955353865,1.0,12.0,0.06617777324716385,1.0,1.0,0.7230409144943264,2.0,0
0.18034836277657207,1.0,12.0,0.08628805029124124,1.0,1.0,0.700631152952765,1.0,0
0.6732184807369004,0.0,11.0,0.41751645173566976,0.0,1.0,0.5034946504108686,3.0,1
0.1576793611229823,1.0,12.0,0.07396828977631081,1.0,1.0,0.8836827297081618,1.0,0
0.09120561755194967,1.0,12.0,0.06409655280987578,1.0,1.0,0.839854477338267,0.0,0
0.21181735249068095,1.0,12.0,0.02060056785520399,1.0,1.0,0.9856286954958771,1.0,0
0.7886020016271853,0.0,0.0,0.46134605686555175,1.0,0.0,0.2331115825203609,3.0,1
0.9469797482250853,0.0,0.0,0.15151021398575468,0.0,0.0,0.22495035606672864,3.0,1
0.8078865349607982,0.0,10.0,0.21278264362144594,0.0,0.0,0.36826754136805273,3.0,1
0.8237277915790393,1.0,11.0,0.45286356810449013,1.0,0.0,0.42018057087669314,1.0,1
0.013457631227114769,1.0,12.0,0.018987532909592,1.0,1.0,0.7116873539045392,0.0,0
0.8498517272182229,1.0,12.0,0.30767518188365883,0.0,0.0,0.46031706187888655,2.0,1
0.1657617979508556,1.0,12.0,0.07418963269587152,1.0,1.0,0.9545276137271574,2.0,0
0.49816989324553307,0.0,10.0,0.15878386749901865,0.0,0.0,0.5818729483544509,3.0,1
0.1449124836179346,1.0,12.0,0.034156321045654504,1.0,1.0,0.8611790250142211,2.0,0
0.8130243276315535,1.0,12.0,0.3291118355787987,0.0,0.0,0.4713517281934602,3.0,1
0.463058530128183,0.0,0.0,0.6619899462182403,0.0,0.0,0.20485927657528039,3.0,1
0.1457977010692744,1.0,12.0,0.059284018050811016,1.0,1.0,0.8064773982631029,1.0,0
0.4890899098031707,0.0,10.0,0.6272480707709541,1.0,0.0,0.5163462767660688,1.0,1
0.05667266301873092,1.0,12.0,0.056689279624953605,1.0,1.0,0.8054626780149093,1.0,0
0.219835255044132,1.0,12.0,0.08087899845635385,1.0,1.0,0.9031457237373021,2.0,0
0.8624151824561404,1.0,0.0,0.5845281857481388,0.0,0.0,0.2539648365172086,2.0,1
0.8133734741027019,1.0,10.0,0.6932001816752499,0.0,0.0,0.43303039048410735,3.0,1
0.05794589757233751,1.0,12.0,0.03186089627636072,1.0,1.0,0.9710675330297591,1.0,0
0.7932494180817131,1.0,11.0,0.5833134470673074,0.0,0.0,0.5592228484458375,3.0,1
0.08755074777268257,1.0,12.0,0.06774734148234729,1.0,1.0,0.9275505642749172,2.0,0
0.614481787301045,1.0,0.0,0.7953400365390532,0.0,0.0,0.3296912122325175,1.0,1
0.14748897428440902,1.0,12.0,0.048004596701847514,1.0,1.0,0.8261607335995225,0.0,0
0.14334176041798333,1.0,12.0,0.012850035323391018,1.0,1.0,0.9433612530208009,2.0,0
0.8408248033442186,0.0,0.0,0.4195537768983333,1.0,0.0,0.24667857404412238,3.0,1
0.115134874318535,1.0,12.0,0.08419985528900616,1.0,1.0,0.9185472031484839,2.0,0
0.023604724415120237,1.0,12.0,0.08315183331122236,1.0,1.0,0.9755192626244674,1.0,0
0.1839794883879972,1.0,12.0,0.020839957361833163,1.0,1.0,0.7398784128123947,2.0,0
0.14144415499164012,1.0,12.0,0.09853673122417347,1.0,1.0,0.8413196358081443,0.0,0
0.6351647138730625,0.0,0.0,0.4226839110693861,0.0,1.0,0.26153093122815585,3.0,1
0.20361712064723395,1.0,12.0,0.028185477477339994,1.0,1.0,0.7354494482864968,0.0,0
0.2349810932214272,1.0,12.0,0.03430267125900244,1.0,1.0,0.9964372227863907,1.0,0
0.07622578109626588,1.0,12.0,0.019267639648670034,1.0,1.0,0.7387213740792644,2.0,0
0.43256271123362416,0.0,0.0,0.6061138621429619,1.0,1.0,0.33739665456496987,3.0,1
0.8775790537603645,0.0,0.0,0.7562158009699539,0.0,0.0,0.32561485995003703,3.0,1
0.1828741225850906,1.0,12.0,0.018741194409758223,1.0,1.0,0.9574531159471491,1.0,0
0.22684504117821175,1.0,12.0,0.023885666040192766,1.0,1.0,0.8408925324042127,0.0,0
0.46075910859244584,0.0,10.0,0.6751776980194923,0.0,1.0,0.21867468697357018,1.0,1
0.8771727094286106,1.0,8.0,0.6891287657820869,0.0,0.0,0.32275725171493064,3.0,1
0.24985343144266664,1.0,12.0,0.0048212038860556035,1.0,1.0,0.9931522552663952,0.0,0
0.13608622190858027,1.0,12.0,0.023374079203674427,1.0,1.0,0.8913322425536775,2.0,0
0.4296097382184528,0.0,8.0,0.6421729277932802,0.0,0.0,0.44195758478979524,0.0,1
0.8067211696346472,0.0,0.0,0.3586639920784033,1.0,0.0,0.41684302277524565,3.0,1
0.21617154800838506,1.0,12.0,0.060848641265979136,1.0,1.0,0.8520515295461448,1.0,0
0.08808176356313482,1.0,12.0,0.004310010894832406,1.0,1.0,0.7537284817984544,2.0,0
0.8273129162044687,0.0,0.0,0.3200561240896894,0.0,0.0,0.5503537313960418,3.0,1
0.10362901620419807,1.0,12.0,0.001325103350391055,1.0,1.0,0.7887828666575969,2.0,0
0.7528631189451988,0.0,10.0,0.47887761596300193,1.0,0.0,0.26326317406200367,3.0,1
0.03292335961800963,1.0,12.0,0.023418444681548568,1.0,1.0,0.936025100546331,2.0,0
0.8497098490940684,0.0,11.0,0.4342759220811866,0.0,0.0,0.32973311204941536,3.0,1
0.14332359454485016,1.0,12.0,0.08381069631782959,1.0,1.0,0.8213144504647073,1.0,0
0.690228299434428,1.0,0.0,0.16683244566216535,1.0,0.0,0.20072053439706297,1.0,1
0.09651273391295895,1.0,12.0,0.09667061400184607,1.0,1.0,0.9091498762871051,1.0,0
0.8544775140044132,1.0,0.0,0.668386314352326,1.0,0.0,0.3523894721515385,0.0,1
0.9379025505753968,0.0,8.0,0.42003536056877955,0.0,0.0,0.5517591939948789,3.0,1
0.06440180508343046,1.0,12.0,0.005952470034777169,1.0,1.0,0.8811386358848163,1.0,0
0.43727546243205745,0.0,11.0,0.7231132364524431,0.0,1.0,0.31391845647032784,3.0,1
0.7805976143544276,0.0,10.0,0.35175876194229916,0.0,1.0,0.34321474877573943,1.0,1
0.0698419284836791,1.0,12.0,0.09303188848378237,1.0,1.0,0.7759175298402353,0.0,0
0.6051193610574103,1.0,10.0,0.7840428406877183,0.0,0.0,0.20202701644112991,2.0,1
0.40811036301983206,1.0,12.0,0.19939577910529066,0.0,1.0,0.5225233635954389,3.0,1
0.19224685379512763,1.0,12.0,0.0944765729882428,1.0,1.0,0.9548942172032234,0.0,0
0.5650148634926787,1.0,12.0,0.6811196144583949,0.0,0.0,0.2979869171753099,0.0,1
0.5471828302354487,0.0,8.0,0.5612524269122835,0.0,1.0,0.5500929916948045,3.0,1
0.1243134716477195,1.0,12.0,0.017841609656349577,1.0,1.0,0.732446504372007,2.0,0
0.9164359973239783,0.0,8.0,0.2620867015406,0.0,0.0,0.6209954927802948,3.0,1
0.1592255793636858,1.0,12.0,0.034060416658129165,1.0,1.0,0.7215135666542952,1.0,0
0.8881694355884315,1.0,10.0,0.5802209522290493,1.0,0.0,0.577347143161157,3.0,1
0.20426801773731998,1.0,12.0,0.025790282704493985,1.0,1.0,0.7512662762170197,2.0,0
0.15809906411637714,1.0,12.0,0.012832586218876452,1.0,1.0,0.873547752468799,0.0,0
0.07038029960373249,1.0,12.0,0.0872753839566128,1.0,1.0,0.7337741171235811,1.0,0
0.46629017678083895,0.0,11.0,0.5744452755021164,0.0,0.0,0.20266769690159517,3.0,1
0.18271686880091106,1.0,12.0,0.0938340456821038,1.0,1.0,0.754369919849698,2.0,0
0.18306795179616128,1.0,12.0,0.0003346362042979223,1.0,1.0,0.8401932299612958,1.0,0
0.14238494489177592,1.0,12.0,0.025954178317609034,1.0,1.0,0.8310987656996862,2.0,0
0.14265243665970742,1.0,12.0,0.0030387059696836863,1.0,1.0,0.9792846086520933,1.0,0
0.1883445463147354,1.0,12.0,0.03762595855309158,1.0,1.0,0.7250502150096005,0.0,0
0.1707455158542831,1.0,12.0,0.045194860129903924,1.0,1.0,0.9141347364565978,2.0,0
0.08663104198817956,1.0,12.0,0.03976123785528706,1.0,1.0,0.7792828789475917,1.0,0
0.21591026310428904,1.0,12.0,0.0996809180681109,1.0,1.0,0.8280574986385268,2.0,0
0.6548971199061403,1.0,0.0,0.5527193461061287,0.0,0.0,0.45050692370678913,3.0,1
0.559612826037281,0.0,10.0,0.16169228552205198,0.0,1.0,0.5096985137334811,3.0,1
0.9506551855810964,1.0,12.0,0.6285650661743004,0.0,0.0,0.41224843225332214,3.0,1
0.9362851259299784,0.0,8.0,0.6077847754215291,1.0,0.0,0.45250388380448453,2.0,1
0.0215080392582358,1.0,12.0,0.005702691400361937,1.0,1.0,0.7316450282383107,2.0,0
0.7664390677867721,1.0,0.0,0.48237040836748624,0.0,1.0,0.47153189549911073,3.0,1
0.7003485336689792,0.0,10.0,0.3159010823237842,0.0,0.0,0.30487008272009264,3.0,1
0.20459239162033432,1.0,12.0,0.005001857682111222,1.0,1.0,0.9734563879975949,2.0,0
0.519406776649113,0.0,0.0,0.5651372134782634,1.0,0.0,0.24213480200013315,3.0,1
0.06417355707751146,1.0,12.0,0.06652921019780553,1.0,1.0,0.940106463707022,1.0,0
0.14921253948662175,1.0,12.0,0.04458327528535912,1.0,1.0,0.7299924747454009,2.0,0
0.1534010285593646,1.0,12.0,0.008860471396967906,1.0,1.0,0.8462883429001633,1.0,0
0.7936008127918656,0.0,11.0,0.507346958322913,0.0,1.0,0.4865696589279588,3.0,1
0.11450715414596715,1.0,12.0,0.02566472071860958,1.0,1.0,0.9256342998090924,0.0,0
0.96898562825822,1.0,12.0,0.47222696694659927,0.0,1.0,0.5999358821382389,1.0,1
0.46569458353267734,1.0,12.0,0.5018857149574858,1.0,0.0,0.6349515133498145,3.0,1
0.47481846827416196,0.0,11.0,0.7955501673336044,0.0,0.0,0.4774073952029589,3.0,1
0.07956551034643147,1.0,12.0,0.0894265118256414,1.0,1.0,0.8934708715877068,2.0,0
0.5406693092848237,0.0,0.0,0.263881535900626,0.0,0.0,0.4166927514634585,3.0,1
0.44801096185460765,0.0,12.0,0.30119251039669137,1.0,0.0,0.2991970482016763,3.0,1
0.6745873696201241,1.0,11.0,0.6190247419552675,1.0,0.0,0.3425802246426485,3.0,1
0.13297817663106584,1.0,12.0,0.013578904706393714,1.0,1.0,0.7297906608261079,1.0,0
0.14718288053282996,1.0,12.0,0.03753299079196019,1.0,1.0,0.785735066657761,0.0,0
0.032679330897439324,1.0,12.0,0.06717088592440608,1.0,1.0,0.9187929401431618,2.0,0
0.17474768450989692,1.0,12.0,0.01892215397850059,1.0,1.0,0.9644911398311051,0.0,0
0.035534280948364416,1.0,12.0,0.0011706610730904067,1.0,1.0,0.8266102780382917,2.0,0
0.06410325692473545,1.0,12.0,0.09339779741445192,1.0,1.0,0.7393175892412871,1.0,0
0.1498993150110135,1.0,12.0,0.0550351278838751,1.0,1.0,0.8541866340072124,1.0,0
0.17994786333867152,1.0,12.0,0.08669334683518837,1.0,1.0,0.8361840544325071,1.0,0
0.24035415491051237,1.0,12.0,0.06791625683195628,1.0,1.0,0.8894127932930129,2.0,0
0.6083725996916047,0.0,8.0,0.24461888139160323,0.0,1.0,0.4595974737396256,0.0,1
0.024645731755603084,1.0,12.0,0.08293142341257595,1.0,1.0,0.91200266010331,1.0,0
0.024341723447805275,1.0,12.0,0.07063719968099962,1.0,1.0,0.8036738757612438,2.0,0
0.1411599644740505,1.0,12.0,0.05166275918542754,1.0,1.0,0.7853801146914042,0.0,0
0.14391631324935492,1.0,12.0,0.012611532237541058,1.0,1.0,0.874516458242043,0.0,0
0.06669863735845771,1.0,12.0,0.05059258001463939,1.0,1.0,0.9333183730203379,1.0,0
0.43134735022049675,1.0,10.0,0.5706223196331615,1.0,1.0,0.23546813475925282,3.0,1
0.7274011989811808,0.0,0.0,0.48857575875544146,0.0,1.0,0.5682385179538864,2.0,1
0.5646470326002251,0.0,11.0,0.7617895511784456,0.0,0.0,0.38463176132477594,2.0,1
0.10771456884556768,1.0,12.0,0.031219188378638796,1.0,1.0,0.9175333479799948,0.0,0
0.9810587655354819,0.0,0.0,0.22952007437539182,0.0,0.0,0.34002513414714614,3.0,1
0.4431251522251747,0.0,12.0,0.15773790475110272,0.0,0.0,0.4611494856160591,1.0,1
0.8603024310694365,0.0,0.0,0.1962219603387339,0.0,0.0,0.39715024296498286,3.0,1
0.07582147271232073,1.0,12.0,0.09325548784193122,1.0,1.0,0.735593129722474,1.0,0
0.07061810659250092,1.0,12.0,0.042522818543769395,1.0,1.0,0.7112713271196722,1.0,0
0.4223330227415975,0.0,10.0,0.7939867261055923,0.0,0.0,0.4338582640176696,1.0,1
0.6269240703238468,0.0,12.0,0.703152448418212,0.0,0.0,0.5653503396057425,3.0,1
0.5524186106793916,0.0,12.0,0.7512350163527726,0.0,0.0,0.5676502175739337,3.0,1
0.11737966633640842,1.0,12.0,0.04226560337889584,1.0,1.0,0.9986913500784425,1.0,0
0.08872442087163851,1.0,12.0,0.041317251720771955,1.0,1.0,0.9027468775312221,1.0,0
0.24491167875847086,1.0,12.0,0.016529411097017454,1.0,1.0,0.9100755878333563,1.0,0
0.8577087414078874,0.0,8.0,0.32815407716664724,0.0,0.0,0.6065012029352174,0.0,1
0.4219778185592917,1.0,11.0,0.6899988025865944,1.0,0.0,0.5473023225807565,3.0,1
0.8945079997752151,0.0,11.0,0.28053868761369855,0.0,0.0,0.48682662407081073,3.0,1
0.0038261350725961873,1.0,12.0,0.0933436308079483,1.0,1.0,0.8503119651745777,0.0,0
0.23387112838187393,1.0,12.0,0.018573307200518564,1.0,1.0,0.8117526794660397,1.0,0
0.21172968202213996,1.0,12.0,0.04286305469704758,1.0,1.0,0.7422878882565307,1.0,0
0.21495595884781898,1.0,12.0,0.0035007914806805653,1.0,1.0,0.9362120035015317,1.0,0
0.001699137146527946,1.0,12.0,0.0763856500200214,1.0,1.0,0.8542245762298556,1.0,0
0.6350053579213294,0.0,12.0,0.2116901413479507,0.0,0.0,0.459635289710767,1.0,1
0.09038534968850964,1.0,12.0,0.009216795847243232,1.0,1.0,0.8755235326618609,0.0,0
0.23495803090336878,1.0,12.0,0.06277080530714178,1.0,1.0,0.8004716843971258,2.0,0
0.1199742703980183,1.0,12.0,0.06859677359829841,1.0,1.0,0.7052139370556438,0.0,0
0.06505914949630734,1.0,12.0,0.01594922625413583,1.0,1.0,0.7481387842813679,0.0,0
0.16815052955628157,1.0,12.0,0.044375021930457115,1.0,1.0,0.9604426763132516,1.0,0
0.6261135897904653,0.0,10.0,0.27751739450968615,0.0,0.0,0.20835125143558653,3.0,1
0.07376808731607734,1.0,12.0,0.02988571352590308,1.0,1.0,0.7321171535662557,1.0,0
0.11117819421458394,1.0,12.0,0.057654498995114004,1.0,1.0,0.995002230524268,2.0,0
0.1843565214426693,1.0,12.0,0.028651954892712297,1.0,1.0,0.9407920937058789,2.0,0
0.6507303979705659,1.0,0.0,0.443335365165466,1.0,0.0,0.5839291155160102,3.0,1
0.6148868687174833,0.0,8.0,0.50530666986311,0.0,0.0,0.33770043811242534,3.0,1
0.6752841725614214,0.0,8.0,0.3854920311832194,0.0,0.0,0.42352572174418024,3.0,1
0.13561775086566402,1.0,12.0,0.014960144952695254,1.0,1.0,0.8142069043482597,2.0,0
0.974698130485166,0.0,12.0,0.7081825577336501,0.0,1.0,0.32226838348434184,1.0,1
0.15047039740908053,1.0,12.0,0.05824226582072465,1.0,1.0,0.9244219538288596,1.0,0
0.15886091141488065,1.0,12.0,0.009072170223493103,1.0,1.0,0.7097853845024699,2.0,0
0.8978012081590571,0.0,10.0,0.6070110374436314,1.0,0.0,0.6303106801413503,3.0,1
0.2062831691731993,1.0,12.0,0.01864049867881441,1.0,1.0,0.7707075238194999,1.0,0
0.9346331163050925,0.0,0.0,0.2127578110885343,1.0,0.0,0.2844249448454411,0.0,1
0.4199939196637051,0.0,0.0,0.5697434656597212,1.0,0.0,0.43053516241195994,0.0,1
0.21768747531812785,1.0,12.0,0.04453052550026655,1.0,1.0,0.8544452061789071,0.0,0
0.015066847572390213,1.0,12.0,0.09344360268055144,1.0,1.0,0.8054868061718903,1.0,0
0.7802781855956373,0.0,8.0,0.4022641779737022,1.0,0.0,0.4347844516059116,0.0,1
0.025827239281003916,1.0,12.0,0.05846707004425888,1.0,1.0,0.9064623597599786,0.0,0
0.5834881067701984,0.0,10.0,0.20031750879008786,0.0,0.0,0.3478567847295324,3.0,1
0.15702988281089295,1.0,12.0,0.093064247635196,1.0,1.0,0.9028315077443055,1.0,0
0.11109890461277014,1.0,12.0,0.03032829394045271,1.0,1.0,0.9149818896880093,2.0,0
0.9401409144592657,0.0,0.0,0.4105494031747613,1.0,1.0,0.427866381943494,3.0,1
0.027011139844101778,1.0,12.0,0.04784910701071892,1.0,1.0,0.8756691186379906,0.0,0
0.23467865884350875,1.0,12.0,0.04923623035196259,1.0,1.0,0.9102597097376286,1.0,0
0.19213850357657725,1.0,12.0,0.0043603771754433755,1.0,1.0,0.9983651532392024,1.0,0
0.6820575750709097,0.0,8.0,0.5504250434209721,1.0,0.0,0.4993097870826765,3.0,1
0.15752328171541585,1.0,12.0,0.08286529061182893,1.0,1.0,0.9350408680147804,0.0,0
0.011957705098526367,1.0,12.0,0.0038021848237454916,1.0,1.0,0.9238621772445516,0.0,0
0.1656553197520801,1.0,12.0,0.00952615079546263,1.0,1.0,0.8956369736591313,0.0,0
0.16858724475586723,1.0,12.0,0.013699906305367139,1.0,1.0,0.9984944107975279,1.0,0
0.051768952302713805,1.0,12.0,0.007115828517343281,1.0,1.0,0.7207022777838449,2.0,0
0.24940570556284636,1.0,12.0,0.019113208844889686,1.0,1.0,0.8378952458978717,1.0,0
0.13834279743744296,1.0,12.0,0.05031324725515401,1.0,1.0,0.7581589203810678,1.0,0
0.06855380058716751,1.0,12.0,0.09839776479598283,1.0,1.0,0.8228002018945129,1.0,0
0.22823275119367248,1.0,12.0,0.03397702422988438,1.0,1.0,0.8366857469311755,1.0,0
0.17936624765297804,1.0,12.0,0.04754757152327337,1.0,1.0,0.9547294059876028,2.0,0
0.12743106168792454,1.0,12.0,0.08252861082328969,1.0,1.0,0.7839110615414437,1.0,0
0.137327442870026,1.0,12.0,0.031198402032641848,1.0,1.0,0.8447501260706082,1.0,0
0.06634252790049386,1.0,12.0,0.05543374743403449,1.0,1.0,0.7598515944788825,1.0,0
0.506950086374778,0.0,8.0,0.3951227899473889,0.0,0.0,0.26199331822933386,2.0,1
0.13076635619227983,1.0,12.0,0.03588304841235025,1.0,1.0,0.9631601622439325,0.0,0
0.03201145973944311,1.0,12.0,0.015190269351229435,1.0,1.0,0.741648151794823,0.0,0
0.5929198053030045,1.0,0.0,0.7445514642190871,0.0,0.0,0.2171221302395409,3.0,1
0.07489141948846847,1.0,12.0,0.007686207527616351,1.0,1.0,0.8501872804211253,1.0,0
0.4822316816968933,0.0,11.0,0.7895391365331563,0.0,0.0,0.22365847901495142,0.0,1
0.07333835536025246,1.0,12.0,0.05254703073558932,1.0,1.0,0.909349835651551,0.0,0
0.015452115172305658,1.0,12.0,0.009236052811137851,1.0,1.0,0.7488372967618687,2.0,0
0.6960879988437266,0.0,0.0,0.6244502875357837,0.0,1.0,0.4025288766870912,1.0,1
0.5503489459565156,0.0,8.0,0.7221611964091165,0.0,0.0,0.5236301108233908,3.0,1
0.0001300942488289547,1.0,12.0,0.035256885633416904,1.0,1.0,0.7914343774474086,1.0,0
0.12867090428035974,1.0,12.0,0.08082754395559377,1.0,1.0,0.7761463234470084,2.0,0
0.06562125197514776,1.0,12.0,0.05812154774893833,1.0,1.0,0.9154503842681541,2.0,0
0.021350757540680415,1.0,12.0,0.09724613900279022,1.0,1.0,0.8554031294128294,0.0,0
0.7562125716022123,0.0,8.0,0.16161779504360527,0.0,1.0,0.5060642793102547,0.0,1
0.2244888040462548,1.0,12.0,0.052504934024538465,1.0,1.0,0.9121836735717002,1.0,0
0.7562504514443078,1.0,0.0,0.5798983505992429,1.0,1.0,0.3320282651536032,3.0,1
0.13793064881483494,1.0,12.0,0.02538885640433043,1.0,1.0,0.7588339299080358,2.0,0
0.5065432015789706,0.0,8.0,0.5190882722620054,0.0,0.0,0.5375415857841376,3.0,1
0.19711183581332467,1.0,12.0,0.06649849034759953,1.0,1.0,0.7780860572698008,0.0,0
0.1810072971932303,1.0,12.0,0.09288079606878853,1.0,1.0,0.829160746273911,0.0,0
0.6109809840027093,1.0,10.0,0.2726369892982212,0.0,0.0,0.5526372359665265,2.0,1
0.4072375106934405,1.0,11.0,0.3314053384983343,0.0,1.0,0.3216119937777714,3.0,1
0.02893440166967634,1.0,12.0,0.01543215652830794,1.0,1.0,0.7515545443981283,1.0,0
0.6746829595355239,1.0,12.0,0.27783370105369976,0.0,1.0,0.4761574344779346,1.0,1
0.2279546571715229,1.0,12.0,0.009750769246387526,1.0,1.0,0.9559987649676362,1.0,0
0.7074638612463305,0.0,0.0,0.2607387130079952,0.0,0.0,0.2667807634187969,2.0,1
0.17695877430744217,1.0,12.0,0.05435382173426461,1.0,1.0,0.7245176037240334,1.0,0
0.17773811970918707,1.0,12.0,0.019950692733831977,1.0,1.0,0.9208741551095465,2.0,0
0.7771264185273167,1.0,0.0,0.6233191821725135,0.0,0.0,0.21680882139599972,3.0,1
0.02056808106926547,1.0,12.0,0.04595840572136231,1.0,1.0,0.791939040412846,0.0,0
0.9216117087536775,0.0,8.0,0.2504206035339248,0.0,0.0,0.45180867888014303,3.0,1
0.15061236049164695,1.0,12.0,0.01630191138148862,1.0,1.0,0.7701438499279192,2.0,0
0.057223651211653404,1.0,12.0,0.023264553856268102,1.0,1.0,0.7662407889356917,0.0,0
0.07278606194629475,1.0,12.0,0.020709491817657123,1.0,1.0,0.7456983356988036,2.0,0
0.15148999369525284,1.0,12.0,0.0926300878513349,1.0,1.0,0.8953231076505833,2.0,0
0.21949358011126738,1.0,12.0,0.08680566901074505,1.0,1.0,0.9417776200352863,2.0,0
0.16806267182354867,1.0,12.0,0.0481277951219237,1.0,1.0,0.9429025108797668,1.0,0
0.038422760711051135,1.0,12.0,0.057260723288202246,1.0,1.0,0.7831037572977936,1.0,0
0.08299661785817569,1.0,12.0,0.07816325580532472,1.0,1.0,0.8311154565526563,2.0,0
0.5841586437887396,1.0,8.0,0.5835083903825393,1.0,1.0,0.2628615676713224,3.0,1
0.1745777893068932,1.0,12.0,0.039520592630997026,1.0,1.0,0.9858690387993483,1.0,0
0.7053650686055717,0.0,12.0,0.7565004744929944,0.0,0.0,0.511085796200853,3.0,1
0.22977892881966486,1.0,12.0,0.025299016798924115,1.0,1.0,0.9086233369319943,0.0,0
0.6007125844859784,1.0,0.0,0.7616150256259254,0.0,0.0,0.4361675376641335,3.0,1
0.012914339278660258,1.0,12.0,0.0049294492764416446,1.0,1.0,0.8158863115436635,0.0,0
0.20537823685186024,1.0,12.0,0.03718335292387246,1.0,1.0,0.9456356930071281,2.0,0
0.03134383730846832,1.0,12.0,0.025361277085970826,1.0,1.0,0.8926259522057197,0.0,0
0.1265268887116877,1.0,12.0,0.023255135836538012,1.0,1.0,0.7239896183077905,0.0,0
0.4359247760328314,0.0,10.0,0.6678268777442429,1.0,0.0,0.37919448385309784,3.0,1
0.7010922253243066,0.0,8.0,0.6173626380558792,1.0,1.0,0.3603124525717011,1.0,1
0.18188230755627374,1.0,12.0,0.048439118560084926,1.0,1.0,0.9081416670902235,2.0,0
0.07697159550406235,1.0,12.0,0.08375308340760557,1.0,1.0,0.8843457332534894,1.0,0
0.14269037023976835,1.0,12.0,0.04787048579655226,1.0,1.0,0.958622842772979,1.0,0
0.18572037341698475,1.0,12.0,0.07379173933540255,1.0,1.0,0.856434707250064,2.0,0
